step,x,y,dx,dy,theta,gimbal,thr,rew
0,-0.0015895569683740246,-260,0,0,-0.00017269971589396377,-26.294680098776638,0.8431215286254883,-0.4998149940369815
1,0.0001366480969762537,-260,0,0,1.4913103522697384e-05,25.885156058564057,0.9293417930603027,-0.49982268394570717
2,0.0013296973610857897,-260,0,0,0.0001445295973968219,25.41004932410473,0.6532152891159058,-0.4998223491281873
3,0.002738893241509512,-260,0,0,0.0002975822923414023,23.27258735608205,0.8376314043998718,-0.49982364544372854
4,0.002905769988137915,-260,0,0,0.00031565383981593554,5.20639168338138,0.43061888217926025,-0.49982126312300595
5,0.003550167332532806,-260,0,0,0.0003856263819568002,29.56047582574023,0.30668002367019653,-0.49982261326543803
6,0.005432049164987094,-260,0,0,0.0005899478489941787,29.66699582579459,0.8925394415855408,-0.49982624208111665
7,0.006475348138708637,-260,0,0,0.0007031173270522999,20.2196493284601,0.7079350352287292,-0.49982520459991353
8,0.008366807613037626,-260,0,0,0.0009083526230018123,28.56074946839028,0.928068995475769,-0.49982806064691937
9,0.009866009413152996,-260,0,0,0.0010709411563363052,26.634562474598184,0.7840429544448853,-0.49982819535259626
10,0.011171992544385053,-260,0,0,0.001212531280272081,26.78480948276287,0.6792056560516357,-0.4998286096684198
11,0.010074300415102194,-260,0,0,0.0010928508350618587,-19.060447663029333,0.7921922206878662,-0.49982312927656414
12,0.011070100669184627,-260,0,0,0.0012007205054933839,20.19133209547678,0.675527811050415,-0.4998279268283968
13,0.00965943021537467,-260,0,0,0.0010470374444325635,-23.788266531553464,0.8235176801681519,-0.4998222489458926
14,0.010639817051179105,-260,0,0,0.00115323376904617,19.201067626902706,0.6978871822357178,-0.4998276321764041
15,0.009113032300915596,-260,0,0,0.000987011117363697,-29.213629404301887,0.7360538244247437,-0.49982168169854013
16,0.009439677132038015,-259.99978643986213,0.016332241556120876,0.010678006894125062,0.0010220557457907631,4.4526950796127585,0.9755090475082397,-0.4998249502976902
17,0.01137505097423217,-260,0,0,0.0012315408947570626,27.515569243894895,0.8159549832344055,-0.4998304200739686
18,0.01260021019463205,-259.9999876416369,0.06125796101999402,0.0006179181545171112,0.001364122718021849,17.199979250410042,0.9688274264335632,-0.49982928677217675
19,0.013565055157436154,-260,0,0,0.0014678905816181717,-4.227773481422698,0.8445210456848145,-0.49982941940162784
20,0.014338721460566792,-260,0,0,0.001551532380889722,16.503868669659205,0.6361623406410217,-0.49982948669823374
21,0.013096756522652016,-260,0,0,0.0014161506166022182,-25.19271978953898,0.6871631741523743,-0.4998246939298759
22,0.013073071571452858,-260,0,0,0.001412998920326391,-0.4421136051676079,0.882430911064148,-0.4998271159675341
23,0.0112600898517548,-260,0,0,0.0012154764121346307,-26.977709180422593,0.9406318068504333,-0.49982242575495733
24,0.010029577977827442,-260,0,0,0.0010813096223273196,-18.913249047775917,0.8941525220870972,-0.4998228362158948
25,0.009484379393608642,-260,0,0,0.0010217335270450141,-10.66219157929368,0.6955575942993164,-0.49982387255882077
26,0.011076356663799598,-260,0,0,0.0011942991884589564,23.941572524951148,0.918518602848053,-0.49982912301824656
27,0.01224299290810825,-260,0,0,0.0013206811020608357,22.243602226640686,0.7211050987243652,-0.4998289876515831
28,0.012852214828578734,-260,0,0,0.0013865134908004144,13.6701766220987,0.6016330122947693,-0.4998282463640496
29,0.011831515000313835,-260,0,0,0.001275077096472206,-15.942596944528564,0.8761956095695496,-0.49982436068425423
30,0.012612022867691723,-260,0,0,0.0013594190806052158,13.22837497846476,0.7959680557250977,-0.49982844166349083
31,0.01107573729486839,-260,0,0,0.001191935533215536,-21.724475968661125,0.9771159887313843,-0.4998228661127987
32,0.013041128662560231,-260,0,0,0.0014049961477603627,28.265556763711086,0.9715103507041931,-0.49983107453453046
33,0.013755554148298026,-260,0,0,0.0014823133168228528,19.741749422099595,0.49424856901168823,-0.49982901064963464
34,0.014554047271235718,-260,0,0,0.001568759835336846,22.654386489269143,0.4846021234989166,-0.4998296683782362
35,0.015039280245444476,-259.9997972636263,0.024261648710437837,0.010136818685635183,0.001620774512765869,6.609385563875098,0.9757011532783508,-0.49982873320195054
36,0.016636968375903807,-260,0,0,0.0017930755591755569,18.636381372783447,0.8126555681228638,-0.49983294938069617
37,0.016716999495733652,-260,0,0,0.0018013077645965619,1.826411260259657,0.5576257109642029,-0.49982955766498677
38,0.017463508369093262,-260,0,0,0.0018817059555725673,11.568748438906885,0.8654525279998779,-0.49983134834259224
39,0.019065337237785862,-260,0,0,0.0020551475269347044,28.877904561133324,0.775248110294342,-0.4998340411466938
40,0.02039438470976483,-260,0,0,0.002198836274317692,22.645216910182143,0.8055611848831177,-0.49983431049406296
41,0.019131140160365056,-260,0,0,0.002060688270692411,-18.638064644620332,0.9330205917358398,-0.49982835134710046
42,0.01998240770949343,-260,0,0,0.0021527030921659907,21.862687197436614,0.5333243012428284,-0.4998331023288251
43,0.021187071211517035,-260,0,0,0.0022828397697076904,20.581843065263953,0.7989531755447388,-0.4998345477657075
44,0.021648226403516196,-260,0,0,0.0023320865624075044,7.480295871430618,0.8163884878158569,-0.4998333435089977
45,0.02128089804243215,-260,0,0,0.002291659447773352,-10.313669839437544,0.4873013496398926,-0.4998314613124113
46,0.02163243692746048,-260,0,0,0.002329070455860408,6.25224740763334,0.741303026676178,-0.4998331145949729
47,0.022204888153781976,-260,0,0,0.0023904355224685114,9.771594035454022,0.7802117466926575,-0.49983390742171613
48,0.02381026384245428,-260,0,0,0.002564057704741295,27.51743779369875,0.810869038105011,-0.499836957618997
49,0.022295468048015295,-260,0,0,0.002398487745252763,-23.163789052936178,0.9081777334213257,-0.4998297884673424
50,0.021368055970525775,-260,0,0,0.0022968769594143676,-15.99031889857261,0.7958237528800964,-0.4998303945863438
51,0.021990765389894387,-260,0,0,0.0023635747148429477,9.089263983730213,0.9108837246894836,-0.4998338766473382
52,0.02040802520625152,-260,0,0,0.00219064955048941,-22.942391376217913,0.9570163488388062,-0.49982849528248197
53,0.02131857780414903,-260,0,0,0.0022887263586140274,14.157672678564666,0.8649905920028687,-0.499834040177882
54,0.021696381461395204,-260,0,0,0.0023291136105514677,7.974062461750133,0.6279992461204529,-0.4998332063324892
55,0.021541614628088054,-260,0,0,0.002311416775975412,-2.6758597107249296,0.8176354765892029,-0.4998320462953113
56,0.02010867379239119,-260,0,0,0.0021547762731562994,-20.739861526870154,0.9540433883666992,-0.4998286113326009
57,0.02181353794785937,-260,0,0,0.0023392715827558574,28.488111783928968,0.8342329859733582,-0.4998359322886964
58,0.020766579189059237,-260,0,0,0.00222454679818469,-15.372901674337497,0.9332998394966125,-0.49982978669435923
59,0.019445832459346356,-260,0,0,0.002080125190826616,-19.118499862085883,0.9509084224700928,-0.49982842929726357
60,0.01780159748068597,-260,0,0,0.0019006003885669444,-22.89802881269183,0.9949321150779724,-0.49982677415453874
61,0.019304517850636645,-260,0,0,0.0020631389224858533,22.42104247126742,0.9188852310180664,-0.49983398998397277
62,0.017631371638932438,-260,0,0,0.001880548697295131,-24.98392870718925,0.9320998787879944,-0.4998266119579229
63,0.019230848360208344,-260,0,0,0.0020536614352689945,26.08276245409538,0.8488916158676147,-0.4998341379260095
64,0.018516260994882405,-260,0,0,0.0019752050013121416,-11.131182845124204,0.87613445520401,-0.49982907164682727
65,0.01804238733184039,-260,0,0,0.0019231906184407285,-10.978811424899185,0.5887912511825562,-0.49982926251777593
66,0.017629449724058586,-260,0,0,0.0018778244971743934,-9.862727858788256,0.5709505081176758,-0.49982913119670663
67,0.018568800028418857,-260,0,0,0.001979320563624131,18.758702748458404,0.6803490519523621,-0.4998324117365833
68,0.019385283062206802,-260,0,0,0.002067245310818134,12.52470323356838,0.8739431500434875,-0.4998326666307372
69,0.021138560840170278,-260,0,0,0.0022568961556505515,25.099641536624777,0.9636452198028564,-0.49983561524986675
70,0.02285282451973035,-260,0,0,0.002442207770836034,24.041847523777065,0.9803426861763,-0.49983658833336325
71,0.022467954354346918,-260,0,0,0.002400020723720381,-15.474884053932268,0.3407677710056305,-0.4998321540797609
72,0.023988718844821743,-260,0,0,0.0025644366869548635,25.968915117651733,0.8091980814933777,-0.49983689781784607
73,0.02542042014645344,-260,0,0,0.002719272782475701,29.090316928327745,0.6863082051277161,-0.49983759755308227
74,0.026662294450895282,-260,0,0,0.002853131099691182,18.8298960366655,0.8937028050422668,-0.4998379793684995
75,0.027598246115837263,-260,0,0,0.002953702253290405,14.40603340852783,0.8710452914237976,-0.49983794141394494
76,0.025918273141242093,-260,0,0,0.0027700844392296938,-26.371638649138628,0.8906844854354858,-0.49983167946854773
77,0.027555373199439143,-260,0,0,0.00294692464882758,25.531335553087896,0.8840052485466003,-0.49983931742263116
78,0.02780164423619905,-260,0,0,0.0029730191734241426,6.625219765443095,0.4872845709323883,-0.4998366867689901
79,0.0296600133725119,-260,0,0,0.003173832573582104,28.651198772665985,0.902285635471344,-0.49984105045168753
80,0.03015867223890077,-259.9998435286663,0.024932943319443703,0.007823566684986592,0.003226601279557359,6.778225281177587,0.9631392955780029,-0.49983816894990823
81,0.029760079142566852,-260,0,0,0.0031808043249606627,-16.380894950800695,0.7528623938560486,-0.499836910826818
82,0.02836292505496515,-260,0,0,0.0030276598060322655,-19.869273481265562,0.9705727696418762,-0.4998337440759154
83,0.027129751394834596,-260,0,0,0.0028927209168969053,-23.08907379651167,0.7411364912986755,-0.49983331589963287
84,0.028773150473086716,-260,0,0,0.0030703296386730646,28.62129935645538,0.7985774278640747,-0.4998400767179412
85,0.029619944291740027,-260,0,0,0.0031610549835469023,12.3126377318757,0.9162797331809998,-0.4998390027320578
86,0.02819141166038943,-260,0,0,0.0030045952624263195,-21.525100269725925,0.9183322787284851,-0.4998335761529528
87,0.02981816820154534,-260,0,0,0.003180235275779513,25.58689449800803,0.8757754564285278,-0.49984068420166694
88,0.030684834548577043,-260,0,0,0.0032730854634608958,12.697955836868468,0.9095780253410339,-0.4998396954322023
89,0.03029412926747992,-260,0,0,0.0032295633790020368,-7.561580013221863,0.7121466398239136,-0.4998369411213712
90,0.03149151008141335,-260,0,0,0.003358859227397761,27.68086994190965,0.5992769598960876,-0.499840851488534
91,0.03246175813949856,-260,0,0,0.003463303127687596,19.87003531683451,0.6616097092628479,-0.49984099214888866
92,0.03355828316573896,-260,0,0,0.0035811145654278086,17.14211092732879,0.8605487942695618,-0.4998419170592071
93,0.032199481944079664,-260,0,0,0.0034319592224362136,-19.297719718489084,0.9716342091560364,-0.4998361732306253
94,0.032578057550641915,-260,0,0,0.003472097340023014,7.897744395854001,0.6288409233093262,-0.49983988011523867
95,0.0338916052294138,-260,0,0,0.003613565981502412,21.538682759546443,0.829481840133667,-0.49984255548793965
96,0.03353416829774708,-260,0,0,0.003573437427901891,-6.393751825597355,0.7756521105766296,-0.49983899434875856
97,0.03305192043070627,-260,0,0,0.003519825676756717,-8.946762115220954,0.7420069575309753,-0.49983844902673474
98,0.03192264887829643,-260,0,0,0.003395792926149433,-18.037567983921967,0.862144947052002,-0.4998364625445278
99,0.033435210691873385,-260,0,0,0.0035588819632870325,23.957640520863563,0.8643940687179565,-0.49984267366834345
100,0.03229864964441638,-260,0,0,0.003434073502748188,-18.5410726024071,0.8446833491325378,-0.49983667851755065
101,0.032498851582670095,-259.9998556504775,0.01001009691268582,0.007217476123582811,0.0034543050978383706,2.6174964804053396,0.9533398747444153,-0.4998390432031689
102,0.03171437615847132,-260,0,0,0.0033666589736500115,-22.596254621463874,0.6041553616523743,-0.49983731312953017
103,0.03220903464913458,-260,0,0,0.003419181997088625,8.245943229700995,0.7879974842071533,-0.4998398860074741
104,0.03388128754223735,-260,0,0,0.003599550648480595,25.096691283475078,0.9149817824363708,-0.4998432665718593
105,0.033447783203582854,-260,0,0,0.003551350681526213,-8.955555994958338,0.6661877036094666,-0.4998387892451343
106,0.03200646066540665,-260,0,0,0.003393492423238663,-23.940237442923852,0.8369515538215637,-0.4998358898333303
107,0.031349094913487516,-260,0,0,0.0033210655221276577,-13.728794554010426,0.6565437316894531,-0.4998370546709591
108,0.03237318461226522,-259.9999569616403,0.05120448493888498,0.0021519179857818873,0.0034308956679696546,14.269535785436428,0.9585554003715515,-0.4998409168389876
109,0.03296623832878922,-260,0,0,0.0034934457928650882,-19.854761792427027,0.2994597852230072,-0.4998406331689171
110,0.034689897402147896,-260,0,0,0.003679460028740015,27.349958657479046,0.8709329962730408,-0.49984386520091256
111,0.03374493344688827,-260,0,0,0.0035756034684278864,-17.818656616842485,0.7300249934196472,-0.4998379485297687
112,0.033824177864223495,-259.99974270568794,0.003962220866761397,0.012864715604569707,0.003582587031820311,0.8797621267342115,0.9782682061195374,-0.49983927623977115
113,0.03338983859103561,-260,0,0,0.0035326216328543762,-10.06412279782252,0.7008993029594421,-0.4998392666339548
114,0.03264106881664552,-259.9997930212403,-0.03743848871950446,0.010348937986564381,0.0034496838167484075,-10.465656055741244,0.9819459319114685,-0.49983704520468647
115,0.033666231509810254,-260,0,0,0.0035582391426234967,28.0561533177615,0.8755518794059753,-0.49984225448284064
116,0.03187540102129456,-260,0,0,0.0033622971134721832,-26.91430874691854,0.9308300614356995,-0.4998351104557469
117,0.030722671900301788,-260,0,0,0.0032357983919311544,-18.679059532340503,0.8493052124977112,-0.49983567984189087
118,0.031785218434210255,-260,0,0,0.003350427112960976,24.503032438282823,0.5942779183387756,-0.4998407619126567
119,0.032679128502765026,-260,0,0,0.003446733819350631,21.623603545681718,0.5619122982025146,-0.49984097275780204
120,0.03119845692192307,-260,0,0,0.0032847783208484423,-27.228778280990902,0.7610271573066711,-0.49983531569291256
121,0.029861847823976898,-260,0,0,0.0031382104247741293,-19.637163090952093,0.937629759311676,-0.4998347842532552
122,0.030197432432493544,-260,0,0,0.0031734772310276116,5.298198706824165,0.8210510015487671,-0.49983833440987446
123,0.031098902392642295,-260,0,0,0.0032703985947765027,16.77068396327553,0.7220738530158997,-0.4998400189323631
124,0.03141169067492846,-260,0,0,0.0033041141797531606,22.368947119769615,0.19044208526611328,-0.49983903336075075
125,0.032765859566622334,-260,0,0,0.0034502197034892695,25.30760206064986,0.7346816062927246,-0.49984194645631413
126,0.030947751342110454,-260,0,0,0.003251410439962616,-28.24070681801676,0.9030981659889221,-0.499834487095061
127,0.032335752273904804,-259.9999168930521,0.06940004658971764,0.004155347395833767,0.0034007939642853187,18.899974338661025,0.9912062287330627,-0.4998415019059564
128,0.03302865056763234,-260,0,0,0.0034738683476221725,-18.22241464907537,0.5244698524475098,-0.4998409512645664
129,0.03152912863928936,-260,0,0,0.0033099416850341347,-29.46514385805487,0.7162088751792908,-0.49983548074955464
130,0.03321042733742218,-260,0,0,0.003491423567161771,26.85692353527931,0.8632963299751282,-0.4998428733115881
131,0.03209292118495087,-260,0,0,0.0033687177249549297,-18.344829061665823,0.8377909660339355,-0.4998365904810053
132,0.03156516941826213,-259.9997178870304,-0.026387588334437086,0.014105648479308635,0.003309838687729784,-7.337442201911658,0.9906389713287354,-0.49983660288465226
133,0.03260428201237552,-260,0,0,0.0034201074151047764,27.24165296553368,0.7939823865890503,-0.4998417814951952
134,0.03275303271002692,-260,0,0,0.0034348595179391275,2.0504622520947167,0.8858521580696106,-0.499839527754885
135,0.03446443611922652,-260,0,0,0.003619684187307495,29.670849476605436,0.8021622896194458,-0.4998437024430212
136,0.03266868726339517,-260,0,0,0.0034232548220258737,-28.19429045484227,0.8931753039360046,-0.49983558703770187
137,0.031003319682013055,-260,0,0,0.00324099290282717,-25.22219885244462,0.9188132882118225,-0.49983482664905166
138,0.030514607902704643,-260,0,0,0.0031865727944557797,-7.593435673769263,0.8846372365951538,-0.4998368802985688
139,0.030227211857196155,-259.9999502025789,-0.014369802275424462,0.002489871056899533,0.0031539711364638626,-4.314698395764937,0.9307793378829956,-0.4998369578163388
140,0.028926023574572305,-260,0,0,0.0030101124165544165,-17.519674257771996,0.7938089370727539,-0.4998343808744855
141,0.029373999974163525,-260,0,0,0.0030577493271115863,7.892632520502941,0.7450776100158691,-0.49983805429259154
142,0.03116819056611389,-260,0,0,0.003251577923441343,28.212930338393726,0.8805330991744995,-0.4998418468589022
143,0.031357234365326316,-260,0,0,0.00327088245104899,2.9107590086708237,0.816393256187439,-0.49983875248091325
144,0.031171450469635296,-260,0,0,0.0032493810032119307,-3.057715402612401,0.8655917644500732,-0.4998378889087949
145,0.03230938119288916,-260,0,0,0.003372191808941406,25.896067711358096,0.60382479429245,-0.49984123408134706
146,0.032485305090454185,-259.9998295684538,0.008796194878251144,0.008521577312000057,0.0033898035261902913,2.2644966263193416,0.9570558667182922,-0.49983890835681033
147,0.031690846566452754,-260,0,0,0.0033010833012676846,-21.765939009463867,0.6156876683235168,-0.4998373308997736
148,0.03045886462540538,-260,0,0,0.003166152287580269,-22.41580827216938,0.7597145438194275,-0.4998353595783092
149,0.03179689863513011,-260,0,0,0.0033102414282705933,19.557091387645592,0.9241136908531189,-0.4998413200495408
150,0.03249489352598398,-260,0,0,0.0033847771000056347,10.751345347774885,0.8577525615692139,-0.49984046796016124
151,0.03169502097725344,-260,0,0,0.0032966600320587084,-13.811244830848421,0.7923715114593506,-0.499836981768249
152,0.03265104574493285,-259.9999953598721,0.047801238383970227,0.00023200639356633047,0.0033991194975194093,13.47363617219938,0.9439294934272766,-0.4998410658939485
153,0.035159724126974906,-260,0,0,0.0036690651403098913,25.286863873276015,0.8416175246238708,-0.4998457326046181
154,0.03644239971975885,-260,0,0,0.003807223537707193,22.88886226373864,0.7624045014381409,-0.4998440578216004
155,0.03517643737759074,-260,0,0,0.0036683386356840255,-21.511086903835405,0.8129065036773682,-0.4998381842910247
156,0.033390802860520354,-260,0,0,0.0034730241368258878,-28.669307779694392,0.8737093210220337,-0.49983605004610476
157,0.03293794144013859,-260,0,0,0.003423017586493093,-12.18245608597638,0.5085444450378418,-0.4998384379111191
158,0.032994200806697065,-260,0,0,0.0034278997817670234,0.7782853071279363,0.7713090777397156,-0.4998394906492523
159,0.031218879814961565,-260,0,0,0.00323367130772225,-26.335803945933385,0.9394668936729431,-0.49983473891675273
160,0.031792044249960516,-259.99979758760725,0.028658221749947543,0.010120619638374986,0.0032944920298380097,7.714443097450294,0.9721810221672058,-0.4998391821304982
161,0.03225129879517484,-259.9999515832682,0.022962727260716204,-0.007699783050322803,0.0033416584085085637,-2.0153349232100686,0.8330629467964172,-0.49984010117575384
162,0.03166073732940303,-260,0,0,0.0032739068915207266,-24.10006462980876,0.6038103103637695,-0.499837476202227
163,0.03085641428014654,-260,0,0,0.003185894946361283,-24.76383409435593,0.45078203082084656,-0.4998364586604948
164,0.029702459938356445,-260,0,0,0.0030591876263657324,-16.840401245518052,0.9382774829864502,-0.49983505183152094
165,0.031185626821555967,-260,0,0,0.003219359776541307,26.814661449718024,0.7616862654685974,-0.49984123550283555
166,0.032306471755693365,-260,0,0,0.003339984871037427,18.63856640492392,0.8096186518669128,-0.49984119812579153
167,0.030839549704129277,-260,0,0,0.003179467361733756,-25.1724729348427,0.8094788193702698,-0.4998351231216813
168,0.029239105459002924,-260,0,0,0.0030044744737785286,-26.634065601001243,0.837263286113739,-0.4998338747386399
169,0.030657224683427797,-260,0,0,0.003157528724539359,24.266151734458997,0.7987462282180786,-0.49984078140849336
170,0.029243446881645235,-260,0,0,0.003002748534588514,-22.54119425560925,0.8659224510192871,-0.49983425073353654
171,0.027999094660985057,-260,0,0,0.0028663543944206734,-18.85809087408229,0.9049451351165771,-0.4998338265919165
172,0.02820493241344835,-260,0,0,0.002887565711074248,3.020281251417299,0.8632818460464478,-0.499836853184161
173,0.0277446073588945,-260,0,0,0.0028371115420849982,-18.270853683254025,0.3451005816459656,-0.4998352386038714
174,0.026660231140820983,-260,0,0,0.002718223935588689,-17.442793866625223,0.8504498600959778,-0.4998333256023109
175,0.02588712356495909,-260,0,0,0.002633152752899231,-12.134620980853354,0.8677273392677307,-0.4998334740996319
176,0.024668254866195928,-260,0,0,0.0024999670826273976,-24.78631728235647,0.681136429309845,-0.4998318352152863
177,0.025483876504647576,-260,0,0,0.0025878506947394084,16.72723742814457,0.6546512246131897,-0.4998364043026998
178,0.02548993196113968,-260,0,0,0.002587496238843612,-0.05191455069725756,0.838667631149292,-0.499834788883304
179,0.027047790834132505,-260,0,0,0.0027557414334786674,23.292457776207353,0.9121125340461731,-0.49983884770953807
180,0.028581598702979376,-260,0,0,0.0029212278629409958,21.512575021315094,0.9673604965209961,-0.4998397400827364
181,0.028497345710522495,-260,0,0,0.002911022769638719,-1.6243412808893103,0.7716901302337646,-0.49983645230006696
182,0.02902786872753109,-260,0,0,0.0029675357103568535,8.306808676856608,0.838414192199707,-0.4998380071501345
183,0.02749817750262974,-260,0,0,0.002800435737328124,-28.753690345431966,0.7445092797279358,-0.49983294876976403
184,0.028854022221941104,-260,0,0,0.002946748416837717,22.36949654663675,0.8239399194717407,-0.49983955119693935
185,0.029391776676159765,-259.9999892070551,0.026887722710933086,0.0005396472450860836,0.0030039121569113065,7.60495539240709,0.9256672859191895,-0.4998382124783502
186,0.030664250087709434,-260,0,0,0.0031404800011897516,29.542542564153244,0.34511011838912964,-0.4998405160105045
187,0.030750147833746033,-260,0,0,0.003148482416753005,1.0824310129041097,0.9077532887458801,-0.49983817394296826
188,0.032340697999305806,-260,0,0,0.0033201724225165076,25.79473861347723,0.8454408645629883,-0.49984215852273484
189,0.03086797689474085,-260,0,0,0.0031589377943809136,-23.55697027382883,0.8644086718559265,-0.49983512895420285
190,0.03240929567243783,-260,0,0,0.0033250672301698993,21.530255019743013,0.9698743224143982,-0.49984210212194824
191,0.03209106187325236,-260,0,0,0.0032897125948261672,-8.576484676144581,0.5079196691513062,-0.4998381878856397
192,0.03036042173657914,-260,0,0,0.0031005619628156154,-29.018648243395518,0.8353555798530579,-0.49983430189999933
193,0.03036963644864885,-260,0,0,0.0031003242449988357,-0.03408795618253613,0.8559531569480896,-0.4998377872598524
194,0.03212974010745269,-260,0,0,0.003290338853288261,25.861144141047046,0.933148980140686,-0.49984236827684975
195,0.0337582586553041,-260,0,0,0.0034660793477280013,25.85541966482914,0.8631812930107117,-0.4998431036654073
196,0.032613258198176696,-260,0,0,0.00334069099322597,-23.75737303265412,0.6666504740715027,-0.49983685454707805
197,0.03205066170455654,-260,0,0,0.0032785007472111542,-11.030537576977032,0.6961702108383179,-0.49983767438812177
198,0.033237422182301614,-260,0,0,0.003406210889334159,18.82934443201809,0.8474550843238831,-0.4998419007875872
199,0.03217231678845554,-260,0,0,0.003289580881175732,-23.59744766294045,0.623960554599762,-0.499836743965447
200,0.033211654625536484,-259.9999790064957,0.0519668918540471,0.0010496752135391492,0.003401089149213015,14.555727453987807,0.950151801109314,-0.4998415273728605
201,0.03448799333428194,-260,0,0,0.003537978984654834,13.205740968075565,0.23792466521263123,-0.4998428887452524
202,0.03446606655536839,-260,0,0,0.0035341374138851667,-0.5336230623492146,0.8832597732543945,-0.49984023678238265
203,0.0326323851675438,-260,0,0,0.0033334472764996815,-25.819412039684558,0.9866439700126648,-0.49983548891329366
204,0.0339989474382799,-260,0,0,0.0034804968972476555,19.003209736898274,0.9669049382209778,-0.4998427273362839
205,0.033627986458738296,-260,0,0,0.003439088380932781,-7.433146739042189,0.6852868795394897,-0.4998390248272228
206,0.032825890245357814,-260,0,0,0.0033508405325219813,-15.391960230826562,0.7118094563484192,-0.4998376707351064
207,0.03441556331078797,-260,0,0,0.0035223418815829933,25.369116767492248,0.8569208383560181,-0.4998434290149007
208,0.032590324306607334,-260,0,0,0.00332272925330433,-28.30264769822441,0.9012362360954285,-0.49983548000761857
209,0.03101446796474465,-260,0,0,0.0031502700776649233,-24.679647484930936,0.8841111063957214,-0.4998350125072969
210,0.02966693407091785,-260,0,0,0.0030028499536590165,-24.59446726928397,0.7581665515899658,-0.4998346428891639
211,0.02995776287395424,-260,0,0,0.0030332554508066293,4.379532037978025,0.8522157669067383,-0.49983809794092876
212,0.030615050702461708,-260,0,0,0.0031036660130077257,12.035274165871,0.7227080464363098,-0.4998392338860015
213,0.0301841577408231,-260,0,0,0.0030556020852472517,-6.812432655263409,0.8671613931655884,-0.4998367933151365
214,0.02906068202095195,-260,0,0,0.00293236072435872,-17.71164463325291,0.866906464099884,-0.4998347192726291
215,0.02807516044885929,-260,0,0,0.002824543030242668,-23.02803574880677,0.5898054838180542,-0.49983439089400966
216,0.02783419268174592,-260,0,0,0.0027974197345163035,-4.645109712421553,0.7166756391525269,-0.4998357322489057
217,0.02823826534882658,-260,0,0,0.0028403111417510444,6.7760201780309215,0.7778353691101074,-0.4998372700925509
218,0.02733405387261484,-260,0,0,0.0027412938699815505,-19.88600728016293,0.6228455305099487,-0.4998340990947016
219,0.0283424956273848,-260,0,0,0.0028497960379190476,15.64810964795125,0.8606529831886292,-0.4998385427410045
220,0.02839403769581493,-260,0,0,0.0028542489578300217,0.6338907776993293,0.8611029386520386,-0.4998366605453892
221,0.03037977178920612,-260,0,0,0.0030688675289016745,28.56327322057854,0.9602611660957336,-0.4998417465132698
222,0.029896735115077577,-260,0,0,0.0030152071797424356,-7.945474943607208,0.8304122686386108,-0.499836512789811
223,0.02792300215509353,-260,0,0,0.0027995750990672235,-28.609613262817934,0.9632571935653687,-0.4998323211732664
224,0.026963381301504847,-260,0,0,0.0026945675830738758,-21.463219320758384,0.6138401627540588,-0.49983376099331456
225,0.027597962715080197,-260,0,0,0.0027623752556037847,9.124545291292016,0.9145441651344299,-0.4998373384996713
226,0.028310962423157986,-260,0,0,0.0028388456209421727,11.988205886207046,0.7873917818069458,-0.4998379325218768
227,0.029542693432400284,-260,0,0,0.0029715329621575136,18.33876572483628,0.90189129114151,-0.49983972523885106
228,0.027781304306928493,-260,0,0,0.002779014515846908,-26.469640934949442,0.9236621260643005,-0.4998326589769613
229,0.026296877024469405,-260,0,0,0.002616909582794296,-28.591307782211118,0.7243489027023315,-0.4998323027052577
230,0.028232760191730103,-260,0,0,0.0028262352532476094,28.668147042026412,0.9330004453659058,-0.49984033033798625
231,0.02925302665497667,-260,0,0,0.00293595150618643,15.312408084334168,0.8883205056190491,-0.4998391246960526
232,0.03086406061428438,-260,0,0,0.003110042867227797,28.471126622431374,0.7807893753051758,-0.4998412940629948
233,0.030029829560092102,-260,0,0,0.003018087419987967,-12.235618378609635,0.9276224970817566,-0.4998358920100814
234,0.03156065354469918,-260,0,0,0.0031834011398053485,26.38797142561825,0.7951670289039612,-0.49984156077145275
235,0.03305741900616694,-260,0,0,0.0033449200617334477,25.05014382783075,0.8154708743095398,-0.4998424104249546
236,0.03464437149290413,-260,0,0,0.0035160007074362047,23.170508813921938,0.9294219017028809,-0.4998435638725179
237,0.03445477156555035,-260,0,0,0.003493905710022952,-2.97363268121318,0.9103782176971436,-0.4998398945103151
238,0.03453666480977196,-260,0,0,0.003501863732143163,1.6952896699309563,0.5749489068984985,-0.49984048771130046
239,0.036583444598989774,-260,0,0,0.003722865860594157,29.380485702911653,0.9627613425254822,-0.49984567251511575
240,0.036092790281045506,-259.999809793598,-0.024532715897213377,0.009510320101699651,0.003667892544185819,-7.00714521698484,0.9630446434020996,-0.4998397280830771
241,0.03740230058613479,-260,0,0,0.00380710472383398,27.009451753086687,0.9137649536132812,-0.49984508049104726
242,0.0377256581186654,-260,0,0,0.003840838613281597,5.248773330410304,0.787993311882019,-0.4998429260477136
243,0.0393687579509211,-260,0,0,0.004017773323144378,23.22641407428184,0.9586756825447083,-0.49984657304339253
244,0.0408313893246919,-260,0,0,0.004175506767117369,28.288713336970027,0.7111512422561646,-0.49984710896127765
245,0.04012833069436254,-260,0,0,0.004098146917327855,-18.341280928385075,0.5252615213394165,-0.4998423464801678
246,0.04192828494308956,-260,0,0,0.004292200367938081,27.82396597106509,0.8882413506507874,-0.49984845620210683
247,0.04343930473872881,-260,0,0,0.004454980895881564,26.721154303119288,0.7734070420265198,-0.49984880486363914
248,0.044291776056645873,-260,0,0,0.0045465248056455534,20.7757377757616,0.5513392090797424,-0.4998480104881765
249,0.04315927301469194,-260,0,0,0.0044216846262380635,-17.533817446662553,0.8851983547210693,-0.499843346107281
250,0.04443348650880507,-260,0,0,0.004558256178164986,17.90968379413511,0.9486476182937622,-0.49984894086715254
251,0.045733386919103974,-260,0,0,0.00469759761317588,18.579304257370328,0.9341153502464294,-0.49984978932066854
252,0.047225045646145825,-259.99999056144134,0.07458293635209243,0.0004719279324600064,0.004857649514855996,20.478038693518656,0.9771103858947754,-0.49985105928224877
253,0.04759817646605917,-260,0,0,0.004894275698097235,-17.511849673988326,0.8760278820991516,-0.4998490981236267
254,0.04734696204474402,-260,0,0,0.0048655170823883095,-5.488985357388084,0.6420730948448181,-0.49984767651431444
255,0.04651785479335642,-260,0,0,0.004773405468016756,-12.443901578694772,0.9128444790840149,-0.4998460123304508
256,0.04476291166162628,-260,0,0,0.004580788090082825,-25.279939445560988,0.9631548523902893,-0.49984308455232707
257,0.04649288689997032,-260,0,0,0.004767004067517468,26.09451275964123,0.9039725065231323,-0.49985111518544306
258,0.0482347187571395,-260,0,0,0.00495432582721485,24.89440478077144,0.9501250982284546,-0.4998522069691429
259,0.04793263929536477,-259.99990651522904,-0.015103973088736294,0.004674238548941108,0.004919341567772866,-4.57931732856609,0.935517430305481,-0.4998476544012015
260,0.04877269077890664,-259.99995252451237,0.04200257417709354,-0.002300464164837831,0.005006419278928835,16.49346980958227,0.9178583025932312,-0.49985077830806174
261,0.051429147631981115,-260,0,0,0.005288893933941119,26.62346488171385,0.930814266204834,-0.4998560899655318
262,0.05320887328759371,-260,0,0,0.005480251040708031,26.766732724724744,0.906996488571167,-0.4998553328696561
263,0.05280317613996825,-260,0,0,0.005434164525116759,-7.1680095828122194,0.7883699536323547,-0.49985071325255354
264,0.05325811667769119,-260,0,0,0.005481458950919734,6.867414323724156,0.8442196249961853,-0.4998527134952393
265,0.05398453191459219,-260,0,0,0.0055582769000704435,11.308481230016861,0.8360984921455383,-0.499853701879447
266,0.053911594929576055,-259.999869678799,-0.0036468492508068555,0.006516060052562398,0.00554790173612002,-1.3480078951358883,0.9412234425544739,-0.4998516687989723
267,0.052453264116541776,-260,0,0,0.005385014454596699,-23.017324792732225,0.8323807120323181,-0.4998486540634578
268,0.05055090941307672,-260,0,0,0.005176285814473577,-28.83571319597285,0.9235168099403381,-0.49984633886229574
269,0.052534110328160084,-260,0,0,0.005389665705506215,27.84736214176907,0.9747214913368225,-0.49985532605895955
270,0.05096793411313524,-260,0,0,0.005217830253077675,-28.960908584463752,0.7571977972984314,-0.4998472669355986
271,0.05275983875567619,-260,0,0,0.005410523163847721,26.76110132082603,0.9130600690841675,-0.4998550818818753
272,0.051438706440265616,-260,0,0,0.005265028524928423,-21.9206661070361,0.8314734101295471,-0.49984804569761476
273,0.0516459553089262,-260,0,0,0.0052873195636081475,27.430187490586466,0.10323462635278702,-0.4998512295435915
274,0.050592710240832686,-260,0,0,0.005171038174297838,-18.397854556748502,0.7859880328178406,-0.4998480627135016
275,0.050013828671132014,-260,0,0,0.005106933050734594,-15.310562089624138,0.5179077386856079,-0.49984865647511917
276,0.0505118674446499,-260,0,0,0.005159214904856763,8.305546438894211,0.772064745426178,-0.49985111570902707
277,0.051779673726463055,-260,0,0,0.00529550723897758,25.837494830746422,0.6670712828636169,-0.49985343265367804
278,0.0512006426836002,-260,0,0,0.005230342395664022,-8.703187465835983,0.9185699820518494,-0.49984938392113615
279,0.04986357179365827,-260,0,0,0.0050829517876741425,-19.977754908972006,0.920110285282135,-0.49984704796027546
280,0.05112503701318344,-260,0,0,0.005217978462054225,18.690520014900645,0.8986376523971558,-0.49985301855280956
281,0.05275533619507013,-260,0,0,0.005393296015109673,26.799338878810374,0.8292548060417175,-0.49985475591000705
282,0.05431277766681036,-260,0,0,0.005560436062523739,23.50288564425825,0.8937530517578125,-0.49985556521106655
283,0.05529820628948449,-260,0,0,0.005666108550021362,22.87842561620974,0.5796055793762207,-0.4998550254475678
284,0.05653401548201577,-260,0,0,0.005798147420347247,18.54975528108205,0.8850076794624329,-0.4998562840053177
285,0.05577013580433561,-259.9999436610182,-0.03819398388400802,0.002816949089223481,0.005712645894931193,-11.18446781708727,0.9398629069328308,-0.4998516477677701
286,0.056631452477630136,-260,0,0,0.0058018907846210345,28.63544583703115,0.7774283289909363,-0.4998557074465646
287,0.055244941677522155,-260,0,0,0.0056490394545133,-21.870844714300905,0.8747854232788086,-0.49985024890697366
288,0.055041273360651545,-260,0,0,0.005625632735256348,-5.904608744783683,0.48507025837898254,-0.499852489702986
289,0.05637347479460023,-260,0,0,0.005767980215894541,18.497024049275694,0.9564854502677917,-0.4998563783463496
290,0.05754482752124953,-260,0,0,0.005892952061411398,17.447253265381004,0.8884928226470947,-0.499856774922448
291,0.05847401256277735,-260,0,0,0.005992332039988993,20.403965378689332,0.6076065897941589,-0.49985686036458005
292,0.05890473643939616,-260,0,0,0.006036597987712584,5.981797562512033,0.9053620100021362,-0.4998561275630693
293,0.05810528746130364,-259.9998355418555,-0.03997244890462579,0.008222907226771499,0.005947058033943591,-11.398410115552776,0.9656278491020203,-0.4998526852759241
294,0.05653890704516054,-259.9997577783228,-0.07831902080715478,0.003888176634257742,0.0057717130225949185,-11.630715115587039,0.9070626497268677,-0.49985028731651976
295,0.054436567760364374,-260,0,0,0.005535902577820727,-8.877210269231918,0.8350086808204651,-0.49984880600059595
296,0.05411968974350816,-259.999867814654,-0.0158439008428105,0.006609267298194704,0.005499033237510268,-4.779459659557636,0.9429444074630737,-0.4998513029462502
297,0.05408955017674823,-260,0,0,0.005491214315925553,4.3436924626801785,0.8173027038574219,-0.499852517537349
298,0.05512529531931816,-260,0,0,0.00560172260731933,16.69406215862994,0.8196839094161987,-0.4998550200519749
299,0.05387057838793024,-260,0,0,0.005463218832101118,-19.5816471389295,0.8804958462715149,-0.49984966973923717
300,0.05250767982499277,-260,0,0,0.005313070003359293,-21.59354869529838,0.8692240118980408,-0.49984861765296484
301,0.05317918397145669,-260,0,0,0.0053848101158027175,17.384403325692446,0.5115359425544739,-0.4998530982212886
302,0.05370696360996488,-260,0,0,0.005440954080546194,14.160624652857138,0.4889083802700043,-0.49985313440443957
303,0.052270797921838454,-260,0,0,0.00528263138425397,-20.647220435109357,0.9564729332923889,-0.4998483258640787
304,0.052694799582097065,-259.99980087146315,0.021200083012930512,0.009956426841642208,0.005326328127674905,5.562608480368235,0.9602346420288086,-0.4998517108134997
305,0.053863981061010646,-259.9995515510765,0.05845907394567912,0.012466019334665245,0.005448682566956859,10.303498151071826,0.9366959929466248,-0.4998535709165578
306,0.053671887891315856,-259.99932494129484,-0.009604658484739417,0.011330489082868546,0.005420829523273248,-19.52789892112178,0.9570834040641785,-0.4998505516696957
307,0.05453966286261284,-259.9995767661994,0.043388748564849054,-0.012591245230292402,0.0055060938874007676,16.76737552833605,0.8350859880447388,-0.49985440968138456
308,0.055930759669555935,-260,0,0,0.005646832469238334,12.448287175492673,0.5480735898017883,-0.49985707113222
309,0.05647190395369823,-260,0,0,0.005703612593720179,9.044691599689997,0.7691695690155029,-0.499854856588746
310,0.055821228451980794,-260,0,0,0.005632136461399779,-27.552170775869595,0.32906320691108704,-0.4998520739556048
311,0.055290618732988774,-259.9997455387224,-0.02653048594960089,0.012723063881189298,0.005571929042587304,-7.552396091201693,0.9754441380500793,-0.4998512278970065
312,0.05503345397326222,-259.99989578100974,-0.012858237986327996,-0.007512114366796524,0.005539296910091886,4.118223771840018,0.8175995349884033,-0.4998525752303918
313,0.05375538780678492,-260,0,0,0.00539386207669346,-18.351622976926947,0.7628375291824341,-0.4998497608443337
314,0.055006362914089134,-260,0,0,0.005528245242349305,25.30900232157747,0.6692737340927124,-0.4998553775828324
315,0.05482146449574488,-259.99993965753794,-0.009244920917212502,0.0030171231045337437,0.005505761324239387,-2.9708546297406793,0.9235866665840149,-0.4998522120368186
316,0.05573595206231412,-260,0,0,0.005600517501822112,16.309453547645894,0.888762891292572,-0.4998552726753077
317,0.055460321073945884,-259.9997951014617,-0.013781549418411537,0.01024492691455538,0.005568056697687426,-4.13611672097288,0.9580450654029846,-0.499851990104722
318,0.05599890724240527,-260,0,0,0.005622703463138264,19.68684838989521,0.5504100322723389,-0.4998549712284269
319,0.05572016352800627,-260,0,0,0.0055900340524603406,-4.4052883213181255,0.9053103923797607,-0.49985275584631617
320,0.055110680894104945,-260,0,0,0.005521570198273843,-9.675845981464274,0.8669970035552979,-0.49985172063489014
321,0.054429066437106925,-260,0,0,0.005445317777836895,-10.85209993973821,0.861975908279419,-0.49985115840710886
322,0.0557174484925103,-260,0,0,0.0055834327425463275,21.959861448131946,0.7860145568847656,-0.4998558884330004
323,0.05534406690373767,-260,0,0,0.005540830549859948,-6.66706056014277,0.7808918952941895,-0.4998523359487807
324,0.05578225559816891,-260,0,0,0.0055862319863181,6.502955574307363,0.8530632853507996,-0.49985422778589905
325,0.057461695840395226,-260,0,0,0.0057668223253137295,28.247477664480712,0.8119334578514099,-0.4998577401210744
326,0.058125535563954195,-260,0,0,0.005837897619128609,21.328875494371573,0.41579970717430115,-0.49985611598725893
327,0.05926172615667067,-260,0,0,0.005959783478818166,24.528740828406946,0.6246909499168396,-0.49985775740354915
328,0.059441294996065354,-260,0,0,0.005978125271508474,5.346481165241905,0.4188244044780731,-0.49985595427219465
329,0.05900476317227965,-259.9999126902463,-0.021826591189285264,0.004365487685957428,0.005928090349825728,-6.546694306201265,0.9336819052696228,-0.4998541933386385
330,0.05932055743447167,-260,0,0,0.005958226767726073,16.86584093151909,0.5878786444664001,-0.4998563273059077
331,0.06011732011494734,-259.9997060029001,0.03983813402378334,0.014699854995058327,0.006042057412199533,10.344854122551178,0.9931158423423767,-0.49985672417173754
332,0.0607344487939859,-260,0,0,0.006104843190182008,-4.757297436162438,0.5397959351539612,-0.4998582103530562
333,0.0595973253158019,-260,0,0,0.0059787441775741475,-16.784442454202527,0.928866982460022,-0.4998534165658527
334,0.060141567968305255,-259.9999884739464,0.02721213262516773,0.0005763026785197003,0.006035313969584878,7.522415586619665,0.9191151857376099,-0.4998570785676646
335,0.06043958801561314,-260,0,0,0.0060638770458402306,-7.670692603020184,0.44628044962882996,-0.4998568263837305
336,0.06019262724806909,-260,0,0,0.006035502130775979,-6.362870863504519,0.5445550680160522,-0.49985556193261116
337,0.06190365627237754,-260,0,0,0.006219229505169555,27.033103722237016,0.8597184419631958,-0.49986052712395745
338,0.06393619664453203,-260,0,0,0.006437542243845602,28.3171123363338,0.9787543416023254,-0.49986241651556995
339,0.06531384643052995,-260,0,0,0.0065847360637533905,20.864892932544056,0.8788370490074158,-0.49986195152245433
340,0.0666256808819526,-260,0,0,0.00672545053995263,27.04790545733664,0.6580104827880859,-0.4998626243234503
341,0.06520199721468194,-260,0,0,0.006567985427522205,-20.830736230948496,0.9415413737297058,-0.49985628026844814
342,0.06470632039732083,-260,0,0,0.006512425529872879,-12.07931754033883,0.5645147562026978,-0.4998578323281674
343,0.06517043826535537,-260,0,0,0.006561058831793659,10.020297801623686,0.5942748785018921,-0.4998600365192463
344,0.06375541740335504,-260,0,0,0.006405284034080938,-26.673362184911408,0.7377674579620361,-0.4998554105377134
345,0.06587315631663616,-260,0,0,0.00663282360178723,29.750906925729726,0.9748157262802124,-0.49986377467556975
346,0.06418809092458434,-260,0,0,0.0064473115131463005,-26.840338853656935,0.8734415769577026,-0.499855135767852
347,0.06342427960384736,-260,0,0,0.00636212161893178,-14.000923838408003,0.7484959363937378,-0.4998565099003507
348,0.06527531555221992,-260,0,0,0.00656064307571048,25.98704862205807,0.9630419611930847,-0.49986287466724294
349,0.0664152622988636,-260,0,0,0.0066830165852412035,28.47347289543576,0.5455801486968994,-0.49986215151685004
350,0.06562973365281366,-260,0,0,0.006595730434036325,-16.74093963975635,0.6440672278404236,-0.4998578188709976
351,0.06750912560110967,-260,0,0,0.006797517594700179,28.945106846953287,0.8861262202262878,-0.4998643011779093
352,0.06805659836164239,-260,0,0,0.006855029696985282,11.223144882146256,0.6279901266098022,-0.4998619730572374
353,0.06804215154343285,-259.99979568632176,-0.0007223409104774637,0.01021568391234724,0.006850382289301784,-0.5930579345936197,0.9541633129119873,-0.49986022947817876
354,0.06659605672358354,-260,0,0,0.0066876728069471215,-23.29405984723927,0.8493590354919434,-0.49985749892637266
355,0.06486561902716274,-260,0,0,0.006497093142217564,-26.382389479635787,0.9113231897354126,-0.4998554604898887
356,0.06308196788402,-260,0,0,0.006300643888507856,-25.651876729202964,0.9641954302787781,-0.4998542603124635
357,0.061510074835610225,-260,0,0,0.006127449618873494,-24.3584997288603,0.8921704888343811,-0.4998537199333349
358,0.06280764040641658,-260,0,0,0.006265876314464659,18.386440662360737,0.9323502779006958,-0.4998602545262275
359,0.06342451842898403,-260,0,0,0.006332007971358639,24.935284893292238,0.33324235677719116,-0.49985927142548664
360,0.062054609116672335,-260,0,0,0.006180724574092388,-21.397938831019243,0.8808590769767761,-0.49985445781251675
361,0.06101780467937305,-259.9998687698153,-0.051840221864964064,0.006561509234123377,0.006065355588270046,-14.681170113993947,0.9669610857963562,-0.4998540958796045
362,0.0610267554701664,-260,0,0,0.006062007405996365,23.0234332280654,0.6083885431289673,-0.4998568477073393
363,0.05985592590570501,-260,0,0,0.005932429476360302,-18.34359307417833,0.8745178580284119,-0.4998535077284601
364,0.0598327892163029,-260,0,0,0.005927450539279012,-0.6864811721719905,0.8826157450675964,-0.49985578892670857
365,0.05888698491072894,-260,0,0,0.005823159346073935,-21.986456317621226,0.5916173458099365,-0.4998533636214246
366,0.05857418379594458,-260,0,0,0.005786953871246384,-5.4246786531826885,0.8133251667022705,-0.49985443781746486
367,0.05971789222982495,-260,0,0,0.0059099294840477745,28.953660756019044,0.5394604802131653,-0.49985805216171697
368,0.05959700504815649,-260,0,0,0.0058948687579151405,-2.645272879460625,0.6929646134376526,-0.49985544884205674
369,0.05807498619058467,-260,0,0,0.005727660246117292,-28.129985830840717,0.7530767917633057,-0.49985171327314826
370,0.05699150835455534,-259.99998959956724,-0.0541738918014665,0.000520021637939827,0.005607495153983645,-15.708918250380595,0.9423708319664001,-0.4998518948692445
371,0.05544841193988412,-260,0,0,0.005435128420182935,-7.36418134924074,0.8647041916847229,-0.49985008130416897
372,0.054648655408961216,-260,0,0,0.005346690745623989,-17.2745605975282,0.6323015093803406,-0.49985105677425956
373,0.05654107875522851,-260,0,0,0.005550317635961586,28.79134664413839,0.8975869417190552,-0.49985760156482045
374,0.05760568367603086,-260,0,0,0.005664570543865348,24.1488568077897,0.5928699970245361,-0.49985659874387833
375,0.056594485393010166,-260,0,0,0.005553259226552514,-23.553317906870078,0.5913248658180237,-0.49985182707048714
376,0.05610570515342446,-260,0,0,0.0054979300083367625,-7.865434699990722,0.8582438826560974,-0.4998525721868942
377,0.0571512370550177,-260,0,0,0.005610245040687877,25.7537333144462,0.5486817955970764,-0.4998562819309257
378,0.05535388641333004,-260,0,0,0.005412817915077608,-27.274928810403594,0.9144198894500732,-0.4998494940319787
379,0.0553645182502989,-260,0,0,0.005411861696034109,-0.1404582131615244,0.8278700113296509,-0.49985311651635744
380,0.054725345411413946,-260,0,0,0.0053405293642963024,-11.559364076512736,0.7554982900619507,-0.4998514249677368
381,0.05460069841184033,-260,0,0,0.005324895635030262,-2.286503319099687,0.8315994143486023,-0.4998523775862303
382,0.05533253589568678,-259.9999804802715,0.03659187419232243,0.0009759864229742257,0.005402122118672138,10.197017557485637,0.9257016181945801,-0.4998544809535278
383,0.05424227976777119,-260,0,0,0.005279134224394256,-25.698913014033206,0.9797097444534302,-0.4998502656262472
384,0.05389657714025407,-260,0,0,0.005239595204363182,-6.020566641352163,0.7998753786087036,-0.49985150371018044
385,0.0536546625394367,-260,0,0,0.0052117500038208016,-5.337334382452166,0.6351425051689148,-0.49985156294515776
386,0.0547886935415919,-260,0,0,0.0053332087133608095,19.87163211254617,0.758111834526062,-0.4998550102203191
387,0.05340463662387627,-260,0,0,0.005180610453523867,-20.10568318585562,0.9417837262153625,-0.4998491253456984
388,0.0517354555990336,-260,0,0,0.004997491826174805,-28.24949332919904,0.8207494616508484,-0.49984753156479544
389,0.053009085716903895,-260,0,0,0.00513433174788114,23.983196004283876,0.7141537070274353,-0.49985419816979915
390,0.05432162363035287,-260,0,0,0.005274876289446392,19.30583699800179,0.9017344117164612,-0.4998550808282656
391,0.05533658350760269,-260,0,0,0.005382947527899293,14.513929666078646,0.9146581292152405,-0.4998551080429093
392,0.05408964524131726,-260,0,0,0.005245377859570373,-19.490686517125514,0.8744990229606628,-0.499849819627551
393,0.05267096818697295,-260,0,0,0.005089333162522862,-23.21517697776772,0.8395722508430481,-0.499848606223518
394,0.050803134339448455,-260,0,0,0.004884393120942163,-27.496648309416873,0.9413559436798096,-0.49984656256635895
395,0.051047729801570685,-260,0,0,0.0049089553961525235,3.411632811980492,0.875277042388916,-0.4998509374090776
396,0.05241301680383246,-260,0,0,0.00505540287675709,20.846893759733163,0.8726181387901306,-0.4998540159772607
397,0.05382932453445987,-260,0,0,0.005207652096340675,25.282857272743996,0.755881667137146,-0.4998549864918577
398,0.055413432569413806,-260,0,0,0.005377738591293076,23.64024445374655,0.8993409276008606,-0.49985629346291893
399,0.05468927295118755,-259.99974145327417,-0.036207980911312714,0.012927336292705349,0.0052966161077115225,-10.120929575643519,0.9787425994873047,-0.4998504598380908
400,0.05599170496891543,-259.99982167618344,0.06512160088639415,-0.004011145463301289,0.0054336068931747795,29.14483828554713,0.9494549036026001,-0.49985606862460463
401,0.059028793636125926,-260,0,0,0.005756905671901588,25.12072045235082,0.9303343296051025,-0.4998617730124699
402,0.060085997680853445,-260,0,0,0.005870281954098422,23.69740445167097,0.5979898571968079,-0.4998581048765599
403,0.06049689919114414,-260,0,0,0.005912907669513984,7.06833082769151,0.7342702746391296,-0.4998570642380141
404,0.05911364869818918,-260,0,0,0.005760735724955379,-25.528120910730777,0.7484443783760071,-0.49985262771986577
405,0.05777640211330221,-260,0,0,0.0056138195231427305,-27.487458238355057,0.6746588349342346,-0.4998518997255715
406,0.05832010485283461,-260,0,0,0.005670909317130875,9.183074994190788,0.7581771016120911,-0.49985599502348943
407,0.05659782008300584,-260,0,0,0.005481662883976631,-26.814028559679386,0.889100968837738,-0.4998504069423442
408,0.05870077644585887,-260,0,0,0.005707952773197537,29.502482692198775,0.9737755656242371,-0.49985934695930073
409,0.060442869157649744,-260,0,0,0.005895214325126814,27.95963842530594,0.8463653326034546,-0.4998596934889629
410,0.059433041866384366,-260,0,0,0.00578329516753351,-16.672129499482164,0.8266128897666931,-0.4998535704190882
411,0.060543958300405556,-260,0,0,0.005901522473722092,15.462336915745944,0.9396023154258728,-0.49985849312471714
412,0.060183266631326525,-260,0,0,0.0058613049670540145,-12.989110580504809,0.379113107919693,-0.4998553287308404
413,0.06148861903526921,-260,0,0,0.006001435452507375,25.868985803214684,0.6804529428482056,-0.4998594612674212
414,0.06240128830659112,-260,0,0,0.006098422658997254,14.996443332923109,0.7940768599510193,-0.4998592355556499
415,0.06263035105384014,-259.99988713169927,0.011453137362451326,0.005643415037275625,0.006120631494913276,2.894763724920076,0.9316189289093018,-0.49985767133803993
416,0.06296978852820012,-259.9997129742962,0.01697187371799915,0.008707870153985654,0.006152178921642535,1.2340326087347442,0.918552577495575,-0.4998578052526738
417,0.06472350156426201,-259.99957822884664,0.08768565180309495,0.00673727247820751,0.0063347800832562525,19.632314919700857,0.9523167610168457,-0.499861654632935
418,0.0653408573919796,-259.9996117574854,0.03086779138587959,-0.0016764319378457645,0.0063913347171404905,-17.178811373747596,0.903918445110321,-0.49986013022641823
419,0.06571818265957723,-259.9995907766633,0.018866263379881024,0.0010490411058481767,0.00641904578200212,-3.815040770115449,0.918143630027771,-0.4998597517571041
420,0.06661484099744003,-260,0,0,0.006502487445241058,27.261511693927083,0.2576846778392792,-0.49986260577074826
421,0.06764117192610729,-260,0,0,0.006612642976623066,27.879202163657816,0.4989074468612671,-0.49986267602842854
422,0.06590898588863471,-260,0,0,0.006421973769114579,-27.04985357085705,0.8879023194313049,-0.49985609679676224
423,0.06746949884925724,-260,0,0,0.006589271561396338,25.526000984337333,0.8221340775489807,-0.4998636391202879
424,0.06835813120992938,-260,0,0,0.006683475406079703,14.826675404787087,0.779531717300415,-0.4998628402806193
425,0.06876386738146889,-259.9999776776612,0.020286808576975658,0.0011161169408998783,0.006724687540320466,5.480873267343499,0.9136165380477905,-0.499862056549622
426,0.06797418906734343,-260,0,0,0.0066335205536198465,-19.61003097846112,0.8351351618766785,-0.4998592928652475
427,0.0695638001320337,-260,0,0,0.006803961237354277,26.48991738316054,0.8090168833732605,-0.4998649815722955
428,0.07110227867178345,-260,0,0,0.006968514737004656,23.293300041425812,0.8809736967086792,-0.4998658227279985
429,0.07002589600333811,-260,0,0,0.0068487009787059185,-16.243413027784378,0.9067651033401489,-0.49985993294942976
430,0.07087650839214751,-259.99992801396104,0.04253061944047011,0.0035993019478255672,0.006938138279514224,11.612027574361091,0.9405766129493713,-0.4998640933173252
431,0.0701814448532118,-260,0,0,0.006856804448006033,-22.682643531548425,0.9373583197593689,-0.49986093494487693
432,0.07096824711855328,-260,0,0,0.006939474969240563,11.386495404088482,0.8862975835800171,-0.49986423718494355
433,0.07207062279061797,-260,0,0,0.007056694039637188,17.673141808470653,0.8171981573104858,-0.49986554432857516
434,0.07102947922359909,-259.9999337136499,-0.05205717835094396,0.0033143175054259665,0.006940517736749371,-15.012769276630149,0.9491738677024841,-0.49986042065139263
435,0.07060608067543953,-260,0,0,0.006889052518594697,10.572453711496369,0.7463765144348145,-0.4998617272692957
436,0.06933750244297751,-260,0,0,0.006749256338428269,-26.09418716826564,0.6725727915763855,-0.49985912642442565
437,0.07084033162214143,-260,0,0,0.006910084042677002,23.869446001114873,0.8410090804100037,-0.4998655907987597
438,0.07011622512213321,-260,0,0,0.006829134504210475,-13.807656878752873,0.7176833152770996,-0.49986069289306256
439,0.07140009155523816,-260,0,0,0.006966282149453579,21.787939656337006,0.78179931640625,-0.4998654961279638
440,0.07321138111235855,-260,0,0,0.007160517241272152,27.860544101242827,0.8793683052062988,-0.49986766169169977
441,0.07263245796155221,-260,0,0,0.0070951052838998255,-10.560516083730326,0.7550822496414185,-0.49986252625906186
442,0.07348100625384567,-260,0,0,0.007184305640410238,11.937023502521386,0.9123309254646301,-0.4998659015488274
443,0.07289875059431779,-260,0,0,0.007118180123576399,-9.41874157616242,0.8547636866569519,-0.4998626828899458
444,0.07132900793918666,-260,0,0,0.006945209240111512,-26.97010400810065,0.8067493438720703,-0.4998597453200343
445,0.07253718177986308,-260,0,0,0.007073838939839787,18.713859934727978,0.8479964137077332,-0.49986604202783014
446,0.07284405010222016,-260,0,0,0.007104559330051878,4.74044420077867,0.7862280011177063,-0.49986442759448035
447,0.07184911727679531,-260,0,0,0.006993870700267709,-16.89006175155002,0.8057554364204407,-0.4998612138802475
448,0.07161532158581925,-259.9997780911296,-0.011689784548803291,0.011095443520670932,0.006965316694237608,-3.624974127604747,0.9551001191139221,-0.4998619292983793
449,0.07095955453127985,-259.9998486029051,-0.032788352726970435,-0.003525588776467888,0.006888166649078677,-7.019058453950613,0.8409744501113892,-0.49986133786929604
450,0.07210613306319143,-260,0,0,0.007004448755474133,29.129913205106707,0.8402605652809143,-0.49986595730405525
451,0.07274231750401365,-260,0,0,0.007071503650490537,12.808208559336421,0.6395856142044067,-0.4998650238422755
452,0.07418316387675379,-260,0,0,0.007225279341773112,21.42646063745968,0.8900541067123413,-0.4998675167228443
453,0.07260341043515472,-260,0,0,0.007050901675274045,-24.705856630472702,0.8821012377738953,-0.49986050678596855
454,0.07295031441915872,-259.9999552964669,0.01734519920020008,0.0022351766544158663,0.007085547100197302,4.586142748239906,0.9160557985305786,-0.4998644391695615
455,0.074027928765368,-260,0,0,0.007197008950566275,11.936885039264052,0.7851409316062927,-0.4998667844723618
456,0.07336681108309763,-260,0,0,0.007123947248626059,-23.117582930402907,0.39338961243629456,-0.49986281219005035
457,0.0716551021539505,-260,0,0,0.006935259326128217,-26.364768035652748,0.8981707096099854,-0.4998596613543807
458,0.07336413073698532,-260,0,0,0.0071184322843538764,26.83231208336378,0.8577780723571777,-0.49986755083893786
459,0.0752226547126754,-260,0,0,0.00731785670494248,29.5631188305301,0.8543351292610168,-0.49986898951687364
460,0.07426001908602384,-260,0,0,0.007210192389904922,-14.373239355841786,0.9166691303253174,-0.4998627568881173
461,0.07410298570897786,-260,0,0,0.007190409936682851,-3.0008797247465098,0.7986178994178772,-0.49986427179637105
462,0.07355803110987007,-259.99986540419155,-0.02724772995538979,0.006729790422837864,0.007128030121231324,-8.051426207569975,0.9412059187889099,-0.49986275934671864
463,0.07450728373819242,-260,0,0,0.0072254183201422946,23.846823213951083,0.8350862264633179,-0.49986700148431146
464,0.07413013430591306,-260,0,0,0.007182072898611961,-7.532995030807477,0.6986642479896545,-0.49986384821236224
465,0.07539683218205112,-260,0,0,0.007317075603209556,20.286812600967185,0.822734534740448,-0.4998679126742917
466,0.07585146386275318,-260,0,0,0.00736473116293172,11.333037308807011,0.5123978853225708,-0.4998665673326485
467,0.07578195497170824,-260,0,0,0.00735432570938333,-1.5384671866385822,0.8188549280166626,-0.49986547642701556
468,0.07767496054880087,-260,0,0,0.007557144061512826,27.58076422389306,0.9254685640335083,-0.49987056229372073
469,0.07673223200842438,-260,0,0,0.007451922384582343,-15.88320781372681,0.812228262424469,-0.49986431272050436
470,0.0778817827258141,-260,0,0,0.0075746433652464215,22.785702865897015,0.6693925857543945,-0.4998692022127391
471,0.07829497030554203,-260,0,0,0.0076164870461429635,5.934891970599186,0.8548433184623718,-0.4998679828639931
472,0.07668682426728982,-260,0,0,0.007438700821151572,-23.858185240395787,0.9284353852272034,-0.49986295404036146
473,0.0755186180269471,-260,0,0,0.00731000521706853,-28.399162064500707,0.5715316534042358,-0.49986311754795343
474,0.07659585004395394,-260,0,0,0.007424276231103693,16.784112007080722,0.8357865810394287,-0.49986826900884146
475,0.07839060886603748,-260,0,0,0.007616151084684623,24.508432581584366,0.9768546223640442,-0.4998708046545976
476,0.07754325030431466,-260,0,0,0.007521316604933804,-14.618126919037348,0.7935537695884705,-0.4998650007973239
477,0.07704237550732716,-260,0,0,0.007463824201852604,-8.010996362576744,0.8711559176445007,-0.4998653866157057
478,0.07555353162855583,-260,0,0,0.0072990347803853495,-22.111620710420635,0.9244292974472046,-0.4998624976825071
479,0.07573153759673111,-260,0,0,0.007316230682317918,3.3499169090458514,0.6213724613189697,-0.49986594053961564
480,0.07706354470546414,-260,0,0,0.00745805545987953,19.706811292961863,0.8880183100700378,-0.4998690653610007
481,0.07575179005975764,-260,0,0,0.00731320919674849,-24.92324417561554,0.7256974577903748,-0.49986297343767333
482,0.07619768147553785,-260,0,0,0.007359308876391886,8.177499786020581,0.6842319965362549,-0.4998667621610046
483,0.07566818519953047,-260,0,0,0.007299425765659648,-10.605409356954599,0.6868966817855835,-0.49986448668595396
484,0.07386730249903536,-260,0,0,0.0071011389031137555,-28.898401956889092,0.8661642074584961,-0.4998608395717663
485,0.07589541925332145,-260,0,0,0.0073187753353443795,29.634018805528317,0.9290989637374878,-0.49986974125727973
486,0.07467351538908795,-259.9998719035584,-0.06109519321167538,0.006404822079745314,0.007182797919168858,-17.183115714215333,0.9715170860290527,-0.49986210891972843
487,0.07228127573363975,-260,0,0,0.006917376113064115,-22.11316829456803,0.7257782220840454,-0.49985894046719326
488,0.07236455975633552,-260,0,0,0.006923699300140173,0.9194259110071421,0.8316698670387268,-0.49986368639302814
489,0.07066839992525221,-260,0,0,0.006736705058949171,-25.55206165117627,0.9149193167686462,-0.4998590873892586
490,0.07213066473444404,-260,0,0,0.006893037932352818,22.515986416337583,0.8615090847015381,-0.4998663009257058
491,0.07420683885457176,-260,0,0,0.00711588216090972,29.364661985599675,0.9589502215385437,-0.49986880189634514
492,0.07559537408124634,-260,0,0,0.007264354870294102,23.843798363918193,0.7749906182289124,-0.49986827809948337
493,0.07677635059548885,-260,0,0,0.007389806497634252,17.670696725323538,0.8720114231109619,-0.49986858718522215
494,0.07627754856770345,-260,0,0,0.007333297053454679,-10.2260298074934,0.6715779304504395,-0.4998649217505419
495,0.07538638459004553,-260,0,0,0.007233548566892919,-14.045048065346117,0.8671450614929199,-0.49986359054388035
496,0.07417981062859032,-260,0,0,0.007099819330622437,-20.15319293028508,0.8188472986221313,-0.4998622198258919
497,0.07491700348679216,-260,0,0,0.0071784397032629375,20.72828458282774,0.4685998260974884,-0.4998665594223915
498,0.07639108805577204,-260,0,0,0.007336483919188091,28.221776055339216,0.7050104737281799,-0.49986893714889774
499,0.07695821784634335,-260,0,0,0.0073960180874427855,11.836415927397887,0.6122354865074158,-0.4998674710172961
500,0.0759507356254194,-260,0,0,0.007283676005448903,-16.09466054434802,0.8547571301460266,-0.49986370398063895
501,0.07758010626664598,-260,0,0,0.007458136848288561,26.317372138075918,0.8299810290336609,-0.49986997685675444
502,0.07777734436463657,-259.99981886525796,0.009861904899529672,0.00905673710283077,0.007476235618271578,2.3205562923075704,0.9427194595336914,-0.499866691967062
503,0.07841753662600602,-260,0,0,0.007540341867434904,9.219064288181118,0.6056299209594727,-0.49986887430378424
504,0.07748029160845171,-260,0,0,0.007435499186189642,-14.70937380278082,0.8707456588745117,-0.4998647824165236
505,0.07673518076709664,-260,0,0,0.00735259155149018,-17.528994450247264,0.5804755687713623,-0.4998647097641542
506,0.07824464663847842,-260,0,0,0.0075139513645527175,24.1774035534375,0.8307669162750244,-0.4998701445607643
507,0.07970152780508466,-260,0,0,0.007669533806380976,23.357959020508975,0.8274229168891907,-0.4998709327909466
508,0.07807014698368743,-260,0,0,0.0074894891578150685,-26.286184302180157,0.8571901917457581,-0.49986375585956977
509,0.07646931003620472,-260,0,0,0.0073126055786313865,-24.158941032306636,0.9111961126327515,-0.4998628352734856
510,0.0782395180001611,-260,0,0,0.007502239955501289,27.206441542045503,0.8744244575500488,-0.499870662899932
511,0.07628536258054897,-260,0,0,0.007286881623867368,-27.987307774539783,0.9674226641654968,-0.49986201583549944
512,0.07756644128644227,-260,0,0,0.007423430093487518,20.652593097352433,0.8160954117774963,-0.4998692718931658
513,0.07767286328566024,-260,0,0,0.007433135293283223,2.221239485082297,0.5278207659721375,-0.4998669878404694
514,0.0780277512640829,-260,0,0,0.007468816988536065,5.26780044934433,0.8191704154014587,-0.49986770239899697
515,0.07719063806489725,-260,0,0,0.007374825942016908,-13.00671674625651,0.8801916241645813,-0.4998648050572347
516,0.0761127259814536,-260,0,0,0.007254976059779973,-17.9072898429485,0.8214869499206543,-0.4998636624572598
517,0.07462258056953472,-260,0,0,0.007090571491466388,-25.49461364461756,0.8049514293670654,-0.49986192419916725
518,0.07467753201912825,-259.99985981054215,0.0027475724796760114,0.0070094728918774505,0.007093407416182314,0.367562258579719,0.9315760731697083,-0.49986462893640776
519,0.07332180211038027,-259.99972599012074,-0.06778649543739905,0.006691021070208348,0.006939959169596222,-20.18955274297983,0.9541983604431152,-0.4998608564787407
520,0.07204478808719747,-260,0,0,0.006792474443771502,0.9158814502890233,0.7861142754554749,-0.4998613177266158
521,0.07308530444044123,-260,0,0,0.0069028267810783235,15.523028333246907,0.8687823414802551,-0.4998660428325268
522,0.07476388417438119,-260,0,0,0.007083024368438014,29.725970875739115,0.7656543254852295,-0.49986834829996013
523,0.07689684037358187,-260,0,0,0.007311950347674662,29.917187631580966,0.9669937491416931,-0.49987056503191607
524,0.07527845793887229,-260,0,0,0.0071338244183803134,-29.63261101140698,0.7589359879493713,-0.49986206992386617
525,0.07683566190488217,-260,0,0,0.0073004709119757006,25.060407538546826,0.8287684917449951,-0.4998693760112913
526,0.07781679588115183,-260,0,0,0.007404220866640209,14.885267619239855,0.850732147693634,-0.49986882552762785
527,0.07820184337732286,-260,0,0,0.007443000231465874,5.367956548220505,0.8731087446212769,-0.499867869475917
528,0.0794511155775084,-260,0,0,0.007576374729083136,22.829084744030922,0.7240325808525085,-0.4998703640131619
529,0.08121188756454147,-260,0,0,0.007764797079777956,26.329505027456147,0.8947066068649292,-0.4998724667695204
530,0.08286593293499077,-260,0,0,0.007941598124509001,25.25256658752385,0.8727794289588928,-0.4998732676287208
531,0.08090166919670318,-260,0,0,0.007725166223821908,-29.688313391919,0.9202245473861694,-0.49986482646282965
532,0.08027883197464397,-259.999816284535,-0.031141861102960515,0.009185773250855568,0.007654047954762527,-9.055585088752867,0.9514705538749695,-0.4998665780819037
533,0.07861081677056646,-260,0,0,0.007466919583261948,-19.908013868584305,0.7173701524734497,-0.49986438157488794
534,0.07949981407777881,-260,0,0,0.007560328500542595,12.370494166827198,0.91802978515625,-0.4998696733266658
535,0.0801981988515691,-260,0,0,0.007633641231174263,12.18699380187122,0.7311702370643616,-0.4998697203711099
536,0.08141500083529499,-260,0,0,0.007763733462627839,25.174983842066595,0.6438513994216919,-0.49987150338475
537,0.08260487204895386,-260,0,0,0.007889921486343925,17.58549675969194,0.8792608380317688,-0.4998721791894673
538,0.08317344763689231,-260,0,0,0.007948336646795728,7.809575525821431,0.9049673080444336,-0.4998712852671802
539,0.08328620407472066,-259.9998082771933,0.005637821891417672,0.009586140333041778,0.00795702899409008,1.1122648136903852,0.9425824880599976,-0.499869869542406
540,0.0831470076669487,-260,0,0,0.007936017939519018,-5.795363729064411,0.6191736459732056,-0.49987023695494703
541,0.08512849197989256,-260,0,0,0.008148288270174048,29.17240774286452,0.916573166847229,-0.49987530998421625
542,0.08362046028926731,-260,0,0,0.007981737438064932,-26.659591379343652,0.7812290191650391,-0.49986740617554165
543,0.08517278910594714,-260,0,0,0.00814722113361395,22.577683182021328,0.907086193561554,-0.49987447883778086
544,0.08617851785227988,-260,0,0,0.008253052321895691,14.066420520252287,0.916327714920044,-0.4998740023865769
545,0.08581644891434155,-259.99997639094073,-0.0181034468969164,0.00118045296484685,0.00821017265163629,-5.707604979298244,0.9072778820991516,-0.49987097416868564
546,0.08453685445667641,-260,0,0,0.008064285791691035,-14.299883773556681,0.8775123953819275,-0.49986847223206854
547,0.08385755995222996,-260,0,0,0.007957048146840676,-26.935521137404713,0.49810948967933655,-0.4998692090473571
548,0.0836862159787891,-260,0,0,0.00790567896183434,-21.802407424898487,0.29101040959358215,-0.4998701198745573
549,0.08539650313480526,-259.9998512920808,0.08551435780080825,0.007435395961280601,0.008056257132020411,18.72766277437568,0.9867122173309326,-0.49987448732199863
550,0.08807037719274491,-259.99999079983354,0.13369370289698257,-0.006975387638423487,0.008276603619547011,9.990538457696077,0.846058189868927,-0.49987876874490195
551,0.09048548245920159,-260,0,0,0.00843362675387376,-8.585037076642745,0.8923831582069397,-0.4998794807393921
552,0.09055199524166702,-260,0,0,0.008405609859263549,-3.8564155468358523,0.8762809038162231,-0.499874805942517
553,0.09134716828187207,-260,0,0,0.00845754061384077,9.09954028422684,0.6907050013542175,-0.4998767508968931
554,0.0922738389638983,-259.9999151626494,0.04633353410131142,0.004241867529409864,0.008522789715860199,8.500197297792266,0.9284840226173401,-0.4998773285123322
555,0.0932355994383718,-260,0,0,0.008556863765535608,-4.681790761891824,0.8033246397972107,-0.4998784118157686
556,0.09378096344662046,-260,0,0,0.008581177963034132,3.725694915012065,0.786954402923584,-0.49987774379023575
557,0.09538631085760987,-260,0,0,0.008720426624269107,19.225308040690276,0.8893330097198486,-0.4998808482314971
558,0.09511390632308174,-260,0,0,0.008656543907392166,-12.380252016264635,0.6265960931777954,-0.4998769256761207
559,0.0965433920977193,-260,0,0,0.008776674103952897,16.845287060492343,0.8717132210731506,-0.4998812060867983
560,0.09867717558968862,-260,0,0,0.008973351252856546,26.860672235810117,0.9152995944023132,-0.4998839232265823
561,0.09905027696735844,-259.99988928433027,0.01865506888349072,0.005535783485528534,0.00897819729601485,0.6326151736210445,0.9228495359420776,-0.4998802996403161
562,0.10111483214532022,-259.99969525875827,0.10322775889808886,0.009701278600258798,0.009131140565895021,18.713487442930756,0.9704852104187012,-0.4998845899617852
563,0.1025156221946436,-259.99964413982474,0.07003950246616855,0.0025559466777367945,0.009176461319973303,-14.69751860936444,0.8917757272720337,-0.49988435668635584
564,0.10239351766840103,-259.99997185599943,-0.006105226312127884,-0.016385808735238337,0.00902103690906639,-27.610920755162,0.910549521446228,-0.4998823180867836
565,0.10159751367550963,-260,0,0,0.008757246026628474,-16.10392675199281,0.8212431073188782,-0.49987991084837663
566,0.09989270930250237,-260,0,0,0.008536703865444894,-28.537401122843868,0.9703602194786072,-0.49987699148036663
567,0.09935944278325425,-260,0,0,0.00844464650619148,-18.46096904378897,0.6110495328903198,-0.49987900752863434
568,0.09900343459488518,-260,0,0,0.008371609491283261,-13.386754552363318,0.6630399823188782,-0.49987914372230535
569,0.09753164068850269,-259.99996076111114,-0.0735896953191246,0.0019619444434670883,0.008176336583997173,-24.451995520067946,0.9914661645889282,-0.49987589225103335
570,0.09533612354835246,-259.9997386857904,-0.10977585700751197,0.011103766035374022,0.007867017624590708,-14.35156971868589,0.9669216275215149,-0.4998725129020633
571,0.09434898749263182,-260,0,0,0.007654717980183063,16.972105809042986,0.698445737361908,-0.49987554975719145
572,0.09632422848537885,-259.99999481299545,0.09876204963735133,0.0002593502283787931,0.007834273096936259,22.72344430615609,0.9767475724220276,-0.499882147686734
573,0.09891374455965533,-259.99974506917977,0.1294758037138247,0.01248719078304451,0.00804524110311164,3.9613088917063592,0.9554373621940613,-0.49988422792787973
574,0.10367421140414312,-260,0,0,0.008457343836138397,28.63978273436208,0.8816951513290405,-0.4998927509131784
575,0.10326168227678725,-260,0,0,0.008378302621851963,-15.306435804006538,0.629075825214386,-0.4998816420727774
576,0.10443725532602456,-260,0,0,0.00847112580478146,13.978449750543215,0.8073045611381531,-0.4998855392073515
577,0.1039138797573846,-260,0,0,0.008378958547879711,-12.500839793734565,0.8945136666297913,-0.49988182034536127
578,0.10380356618961256,-260,0,0,0.008333620207366017,-13.592121237396189,0.40527212619781494,-0.49988257881862347
579,0.10306333027178599,-260,0,0,0.008218854758140121,-20.51699660647282,0.6878394484519958,-0.4998808650183037
580,0.10137468162303041,-260,0,0,0.00800034925902014,-28.93283327761636,0.9487031698226929,-0.49987793261806035
581,0.09981644734786357,-260,0,0,0.00779595085418061,-26.293448219496018,0.9691638946533203,-0.4998772378526473
582,0.10136124161651812,-260,0,0,0.007929932725681018,26.756116966493984,0.625060498714447,-0.4998843912617378
583,0.10238115397343488,-260,0,0,0.008006430451972964,13.502519311340393,0.6880820989608765,-0.499883966965367
584,0.1014129104162962,-260,0,0,0.007866053011227997,-18.359730324980326,0.9359275102615356,-0.4998793968722605
585,0.10252198368950259,-260,0,0,0.007951798886052148,12.828737828315008,0.8109518885612488,-0.49988423165198104
586,0.10170834540051087,-260,0,0,0.007828261522334144,-16.385161506306066,0.9195788502693176,-0.4998798872599824
587,0.10270274862414118,-260,0,0,0.007901216689069518,9.847860915203587,0.8956440687179565,-0.49988411316724396
588,0.10484616752626358,-260,0,0,0.008099542930958235,29.607226060372337,0.8428357243537903,-0.4998877256683634
589,0.10601881089173781,-260,0,0,0.008191790270750147,12.535861772500839,0.892284095287323,-0.4998865032531747
590,0.10556074148900518,-260,0,0,0.00810744878758553,-14.002290302772796,0.7317902445793152,-0.4998829609115522
591,0.10592447573759002,-260,0,0,0.00811262788309588,0.9479234602112839,0.6571963429450989,-0.49988482758285135
592,0.10587606899460468,-260,0,0,0.008072454233392534,-5.983046274215445,0.8090602159500122,-0.4998839736148954
593,0.1055889900688411,-260,0,0,0.00800854700224814,-29.52027870948596,0.2722587287425995,-0.49988332021624987
594,0.10665713431121689,-259.99980072286843,0.05340721211878972,0.009963856579704949,0.00808919708821491,10.1805738708074,0.9577642679214478,-0.49988608989960465
595,0.10924578280735027,-259.9995845720809,0.1294324248066691,0.01080753937633273,0.008299765140344374,16.822647050488634,0.9422045350074768,-0.4998904707227255
596,0.11080011727469478,-260,0,0,0.008363182349567766,-22.40902187670921,0.8101381659507751,-0.499891029695438
597,0.10965541556336156,-260,0,0,0.00820373682318887,-22.24056003547478,0.8840847611427307,-0.49988409876002016
598,0.11095013472815436,-260,0,0,0.00831089851059494,27.395355288113112,0.4887542724609375,-0.49988977160979553
599,0.10985999351244859,-260,0,0,0.008157689966413932,-23.350258855048548,0.8111667633056641,-0.499884333341696
600,0.1102623146945326,-259.9997187265752,0.02011605910420075,0.014063671239995627,0.008165853595238453,1.0224155659348442,0.9600239992141724,-0.4998867240238751
601,0.1123672831693861,-259.99992581954155,0.10524842374267518,-0.01035464831531743,0.008324129315145918,21.8174409102471,0.8474971055984497,-0.49989260195725177
602,0.1132264408303135,-260,0,0,0.008312698252530204,-29.18693638247167,0.7301608920097351,-0.4998904448352862
603,0.11301103248663344,-260,0,0,0.00825420670464506,-8.468878458204864,0.833271324634552,-0.4998880152388603
604,0.11167990332124217,-260,0,0,0.008074634712310258,-25.40403053218757,0.8781575560569763,-0.4998849674567625
605,0.11391123289622558,-260,0,0,0.008282183964354426,28.714115692483972,0.9062482118606567,-0.4998934607810924
606,0.11358887355611534,-260,0,0,0.008212146295787925,-10.318172909785712,0.8202450275421143,-0.4998881557096581
607,0.11511116908900543,-260,0,0,0.008342406745369518,17.918679809316288,0.8880746364593506,-0.4998927786001028
608,0.11669983835718221,-260,0,0,0.008479808601460297,18.750604887842027,0.8965463042259216,-0.4998938856364863
609,0.11876659982676961,-260,0,0,0.008669405047694005,27.22207160366395,0.8692893981933594,-0.49989610931583983
610,0.11988924433650298,-260,0,0,0.008757239187791204,18.259052465978975,0.587944507598877,-0.49989490957494975
611,0.12127637216140214,-260,0,0,0.008874173595199514,27.790378131064706,0.5259841084480286,-0.4998962892385449
612,0.12285179276640318,-260,0,0,0.00901008487912675,19.41189817961218,0.8575610518455505,-0.49989763200007215
613,0.1248858267981594,-260,0,0,0.009195836844857733,26.148125362622995,0.8838669657707214,-0.4998997966665038
614,0.1260213651198552,-260,0,0,0.009283835264130525,12.880521029482368,0.8277428150177002,-0.49989869608428383
615,0.12704532111942318,-260,0,0,0.00935997004668824,12.170325357362312,0.7572171688079834,-0.49989910089839784
616,0.12572577914849625,-259.99999351121977,-0.0659770985463471,0.0003244390104407079,0.00918077054234738,-22.821889832968836,0.9686625599861145,-0.4998935852443989
617,0.12474665417688416,-260,0,0,0.009002823378000584,0.1693984743368896,0.8880366086959839,-0.49989369797361577
618,0.1260957052942649,-260,0,0,0.00911543350081648,25.569409299508827,0.546980082988739,-0.4998991687016834
619,0.12830207041028419,-260,0,0,0.009319883091563544,28.547262221386866,0.8968486189842224,-0.49990223646624443
620,0.12817623618068982,-260,0,0,0.009270808059669207,-7.335552532799393,0.8056941032409668,-0.4998974948948062
621,0.1269054272359597,-260,0,0,0.00909776397090025,-27.2297234193063,0.7927206754684448,-0.4998944255733518
622,0.12865946015570606,-260,0,0,0.009252882919470618,21.37917348593517,0.8918827772140503,-0.4999015509851549
623,0.13027744498446978,-260,0,0,0.009393352142526833,20.52677408070737,0.8396076560020447,-0.49990227118373287
624,0.13042310250570902,-260,0,0,0.009373341433105151,-2.70430197640662,0.8888521790504456,-0.4998994158596553
625,0.13237195406607224,-260,0,0,0.009549341929416198,23.004601895607376,0.9437695741653442,-0.49990421746461616
626,0.1329442601542185,-260,0,0,0.009575793683112383,3.735070410935202,0.8508924841880798,-0.49990181536584904
627,0.13291164473134895,-259.9996921838851,-0.001630771143478154,0.01539080574610544,0.00953598349610892,-4.947560045144704,0.9672252535820007,-0.49989966519472573
628,0.13267121019699377,-260,0,0,0.009438567944997058,-9.857304924397935,0.7050410509109497,-0.4999006380567454
629,0.13387480076456168,-260,0,0,0.00953494240945763,19.761876961653154,0.5972107648849487,-0.49990364863112136
630,0.13602627396241745,-260,0,0,0.009733114353470499,26.919567696776884,0.9170534610748291,-0.499906863889222
631,0.13824704605423735,-260,0,0,0.009939015302037958,29.651409932159567,0.871914267539978,-0.499908364486737
632,0.1392283187075051,-259.9999331577348,0.049063632663387945,0.00334211326037647,0.010009440040565039,9.200727032761801,0.9226667284965515,-0.49990628745622057
633,0.13973293584784882,-259.99993771006257,0.025230857017186005,-0.0002276163889607468,0.009992016630902741,-11.86371177298364,0.895094096660614,-0.4999057909237379
634,0.1399532725787976,-260,0,0,0.00990891085436013,-12.664431353106563,0.6275333166122437,-0.49990553462895504
635,0.1398635636038979,-260,0,0,0.009863929902081485,-7.559898751840219,0.716119110584259,-0.49990473493883575
636,0.14147014216111767,-260,0,0,0.010002576688542115,18.73027404829297,0.9043059945106506,-0.4999091128357543
637,0.14071113087328832,-259.9999960724462,-0.037950564391467996,0.00019637769094838346,0.009883967695757185,-15.556489463084894,0.926224410533905,-0.49990390440784327
638,0.14222991335450857,-260,0,0,0.009977251265231924,29.42776670652409,0.9031492471694946,-0.4999094110709215
639,0.14257339047090997,-260,0,0,0.009979871498449686,0.5317262211934055,0.5912591218948364,-0.49990726326188806
640,0.14468054248026532,-260,0,0,0.010173125774375067,26.86364788632933,0.8955484628677368,-0.4999120829452617
641,0.14331380505916827,-260,0,0,0.0099886945035709,-24.87658548681577,0.9180049300193787,-0.4999042969345133
642,0.14337742975285586,-259.99999412840407,0.003181234684378929,0.000293579797889456,0.009959452794526553,-3.9160988456304198,0.8964623808860779,-0.499907179125111
643,0.14440750630401666,-259.99995790807145,0.05150382755803964,0.0018110166304070338,0.009999037624966574,9.077097776996473,0.9133697748184204,-0.49990964723364667
644,0.14519155852646687,-259.99979265410536,0.039202611122509765,0.008262698303445313,0.009975598200951187,-8.147630662788144,0.9309681057929993,-0.4999092144092212
645,0.1475585155503355,-260,0,0,0.01008951125082875,26.566048298248496,0.6429240703582764,-0.49991478234049014
646,0.1486585454931046,-260,0,0,0.010173835191174424,14.447820153545788,0.7074849605560303,-0.49991250845806534
647,0.14795827350246749,-260,0,0,0.010062354207453742,-17.959567451046116,0.7567903399467468,-0.49990847836755925
648,0.15019660534471344,-260,0,0,0.010269837308555688,28.66899162325826,0.9052252173423767,-0.4999157283777037
649,0.1496602602993055,-260,0,0,0.010175367521786721,-12.728528450262324,0.8973842263221741,-0.49990985007490063
650,0.1488207455334006,-260,0,0,0.010048253963880809,-17.93074333137943,0.8641068935394287,-0.4999087288482961
651,0.1496444127181866,-259.99980845137117,0.04118335923929968,0.009577431441395811,0.010101340488566181,6.7553980118575705,0.9444424510002136,-0.49991198768046113
652,0.15068208570903366,-259.9997736881687,0.05188364954235254,0.0017381601214784166,0.010141636120726811,-1.7884003415935623,0.8576663136482239,-0.4999133312750341
653,0.15118478386030137,-260,0,0,0.010087899913778316,-13.412718707470473,0.8482429385185242,-0.499913315800673
654,0.14973358345874554,-260,0,0,0.009894195273414536,-25.373330089731642,0.9458315968513489,-0.49990806533443816
655,0.15031286842265174,-260,0,0,0.00992147624860982,4.1179141121479805,0.794870913028717,-0.49991248159000645
656,0.15180656831873804,-260,0,0,0.010049254479205828,25.962819023439504,0.6106519103050232,-0.49991522653210724
657,0.15110538459563852,-260,0,0,0.009937897746765545,-18.951861625351153,0.7173256278038025,-0.4999104067162973
658,0.15053467746033486,-260,0,0,0.009842002752335243,-25.782957231014212,0.4612232744693756,-0.4999103176449887
659,0.1516438520535965,-260,0,0,0.009926683542028187,12.010649729259391,0.8512765765190125,-0.499914357684639
660,0.1510352623607942,-260,0,0,0.009826214124249142,-22.327520060376322,0.5532137751579285,-0.4999105488971653
661,0.15120138126801236,-259.9997982035203,0.008305945360907688,0.010089823984124944,0.009807936963958337,-2.333282344309423,0.9390464425086975,-0.49991159685956904
662,0.1530136054151672,-260,0,0,0.009933264089305421,22.940737209544576,0.7706031799316406,-0.4999170074725368
663,0.1546333202808188,-259.99987313939664,0.08098574328257943,0.0063430301685951365,0.01007293648295441,17.53699002986002,0.9694720506668091,-0.499916832974003
664,0.15556033742256334,-259.99963564113796,0.04635085708722651,0.011874912933286696,0.010101012701033009,-14.30293887589964,0.9447030425071716,-0.49991555978047003
665,0.15887038794385086,-259.9995678496497,0.16550252606437665,0.0033895744138351773,0.010351936327403529,28.48847752664007,0.9770282506942749,-0.49992262829721
666,0.1629840635839063,-260,0,0,0.01065487968678886,9.083049323588579,0.689068078994751,-0.4999281862257468
667,0.16323145498672229,-259.99985406418335,0.012369570140799924,0.0072967908326510835,0.01064511421132715,-1.2640383430116506,0.9256521463394165,-0.4999193047672585
668,0.1647987780501132,-260,0,0,0.010743969732586822,21.99777829440804,0.6063453555107117,-0.4999236341166633
669,0.1667154129862683,-260,0,0,0.010916418640914242,25.605450416442864,0.8342979550361633,-0.49992521640961113
670,0.16544532719755864,-260,0,0,0.010742890167990043,-27.78120408918307,0.7783775329589844,-0.49991806397855687
671,0.16523865292599307,-260,0,0,0.010684748146993406,-9.45497916456719,0.7399457693099976,-0.49992006404096695
672,0.1659333762270415,-260,0,0,0.010723884585437883,5.417090652124892,0.8666342496871948,-0.4999222929346405
673,0.1681446394912992,-260,0,0,0.010928032305683635,27.684354408028288,0.9185238480567932,-0.4999266822650428
674,0.1671387774409633,-259.9999530477024,-0.05029310251679509,0.002347614880715021,0.010782098455824712,-18.732903402833593,0.9498123526573181,-0.4999194907018756
675,0.16715643707085798,-260,0,0,0.010712826488700103,17.608892544458207,0.5296791195869446,-0.4999217828601055
676,0.1672819971341065,-260,0,0,0.010690627984904067,-3.4919852369153737,0.7617387771606445,-0.49992198176708885
677,0.1663933474511193,-260,0,0,0.010557662027743019,-17.655564015363044,0.9162506461143494,-0.49991940830572745
678,0.16590346315979496,-260,0,0,0.01046871954845675,-13.993315316301285,0.7686946392059326,-0.49991990537269454
679,0.16611074947626925,-260,0,0,0.010455421268719536,-2.0593387539508625,0.7733550071716309,-0.4999214268500949
680,0.16648077722781154,-260,0,0,0.010460018924601256,0.7532026666007565,0.7308606505393982,-0.49992197928448334
681,0.1666285745940466,-260,0,0,0.010441268605848337,-3.926477408453185,0.5721727013587952,-0.4999216254732766
682,0.16826310582674725,-259.9998053236361,0.08172656163503259,0.009733818193527366,0.010582218066817474,17.4118691840657,0.984187126159668,-0.4999250194137498
683,0.17164542095633695,-259.99992829019374,0.16911575647948549,-0.0061483278815007356,0.010876944659667893,21.323745336219577,0.8835486769676208,-0.4999313464950399
684,0.17530606033848825,-259.99981145591306,0.18303196910756553,0.005841714034929637,0.01116502948622029,-0.8403571324914754,0.9461039304733276,-0.4999335531345121
685,0.18041566204371523,-260,0,0,0.011574310345247498,17.547747653094245,0.8397655487060547,-0.4999403824181256
686,0.18092575897537178,-260,0,0,0.0115954350902627,5.967472107289476,0.42447787523269653,-0.49993111919061
687,0.18266295682879682,-260,0,0,0.011747808974398323,21.800896216351255,0.8570603132247925,-0.49993463891286505
688,0.18459887309501727,-260,0,0,0.011922138631487422,26.815400630062875,0.8072004318237305,-0.4999362237596328
689,0.18621278779679853,-260,0,0,0.012061720031151196,23.583649987027698,0.7287055253982544,-0.49993656966774946
690,0.18771249589667305,-259.999907901362,0.07498540499372623,0.004604931900907168,0.012187415297996591,16.000014816691078,0.9524310827255249,-0.49993698576231116
691,0.19032794222173274,-260,0,0,0.012398535003056616,15.181051603701732,0.6812877058982849,-0.4999412810154348
692,0.18924137175162978,-260,0,0,0.012243761974115829,-22.03440077593759,0.8615596294403076,-0.4999330263194151
693,0.1907745829556892,-260,0,0,0.012374677200890085,23.403903856096765,0.688273012638092,-0.4999392063024895
694,0.1901475405154361,-260,0,0,0.012270040551107078,-15.94542225714422,0.7953535318374634,-0.4999345011882914
695,0.19118811024410182,-259.9999028581037,0.052028486433286156,0.004857094814198547,0.01234574970121537,9.799918040239563,0.9287772178649902,-0.49993818422904185
696,0.19386883457551482,-260,0,0,0.012564411621303537,28.27505666020943,0.6301016807556152,-0.49994359353041584
697,0.19447107952327033,-260,0,0,0.012592669446797817,3.9055835365575216,0.866191029548645,-0.4999396116875985
698,0.19589368762862688,-260,0,0,0.012709921134826026,15.452386385324342,0.9187558889389038,-0.4999421250026364
699,0.19710540509021265,-260,0,0,0.01280600926940042,18.78987468945258,0.6227880716323853,-0.4999424464575372
700,0.19543737707930559,-260,0,0,0.01258750464064651,-27.919080407605385,0.9741793870925903,-0.49993566384177607
701,0.19622622327040784,-260,0,0,0.012639088596127102,16.850505726383776,0.3714708983898163,-0.4999410614473976
702,0.19740874935245278,-260,0,0,0.012730532586461566,12.873179402676158,0.8567419648170471,-0.49994257413859905
703,0.19849454437994268,-260,0,0,0.012812065642562764,13.111157761404066,0.7502212524414062,-0.49994304667707673
704,0.19920983845202556,-259.999629448089,0.035764703604144236,0.018527595549591394,0.012851805247334772,4.857647914641528,0.979468584060669,-0.4999416365478859
705,0.20193340600776,-259.99923713429166,0.13617837778672134,0.01961568986682478,0.013072216898839013,22.71850968422006,0.9763308167457581,-0.49994689184486935
706,0.20523661946070548,-259.9985470775322,0.1651606726472746,0.03450283797457614,0.013317609522712263,3.111776083967752,0.9603584408760071,-0.49994879878162063
707,0.20751214990045141,-259.99810490741874,0.11377652198729724,0.022108505670827602,0.0134140429127341,-20.523286259834155,0.8866289854049683,-0.49994819732034357
708,0.21208269074005648,-259.99805850457886,0.22852704198025353,0.0023201419939587326,0.013722658677754813,28.754889745272052,0.920349657535553,-0.4999563364831789
709,0.21598404356781742,-259.99796928444385,0.19506764138804694,0.004461006750557693,0.013920662413776291,-14.426763369656857,0.9263502359390259,-0.49995721724669134
710,0.2201105071551589,-259.9984650951515,0.20632317936707362,-0.024790535384242165,0.014106069947999568,-1.98686133811416,0.7580205798149109,-0.4999618594528066
711,0.2226191019116439,-259.99923765637,0.12542973782425043,-0.03862806092459741,0.014078126340924433,-28.450261565594655,0.934330403804779,-0.499961480659988
712,0.22598496987975175,-260,0,0,0.01410577447263288,8.023839776434292,0.8308476209640503,-0.4999659939669111
713,0.2265799947039535,-260,0,0,0.014134351587405206,5.655938878074924,0.6048884987831116,-0.49995929258832916
714,0.2276569813878074,-260,0,0,0.014217274509123867,29.254042990205352,0.3539738357067108,-0.49996091714899976
715,0.22907374606956232,-260,0,0,0.014334424651648648,19.198979421305886,0.7431015968322754,-0.49996246576817693
716,0.22754722986325374,-260,0,0,0.014131037406436469,-27.88878387864823,0.9069459438323975,-0.49995564282021066
717,0.2274943519537265,-260,0,0,0.014087724478533197,-6.2875125915283645,0.8248751163482666,-0.4999585576608143
718,0.22941714664537283,-260,0,0,0.014259934564060847,27.293887219230545,0.7832502126693726,-0.4999636884752681
719,0.2280831976520063,-260,0,0,0.014076944256779104,-23.397474883985613,0.9610068798065186,-0.4999563567243725
720,0.22749466659380388,-260,0,0,0.013977780933282408,-23.5783923822257,0.5169867873191833,-0.4999574865475211
721,0.2295785909592844,-260,0,0,0.01416738319930494,28.842211574920746,0.819608211517334,-0.499964109767034
722,0.23169293340204347,-260,0,0,0.014360089284271375,28.575969236185347,0.8400779962539673,-0.49996546757626953
723,0.23300753552128192,-259.99988264257615,0.06573010596192297,0.005867871191692336,0.014464574268354685,13.326442008287481,0.9451589584350586,-0.49996432362721677
724,0.23298806149919898,-260,0,0,0.014386850511448059,-26.75922408095178,0.8437606692314148,-0.4999622291142172
725,0.23412103247666693,-260,0,0,0.014472108889419957,11.897869307823866,0.8621613383293152,-0.4999649942768753
726,0.23588188657732537,-259.99989293510265,0.08804270503292153,0.005353244866103592,0.014625033772565086,19.137473077234667,0.9724493622779846,-0.4999670100923879
727,0.23631387258160483,-260,0,0,0.01459673141673863,-28.879133830674483,0.7822268009185791,-0.49996515157411975
728,0.23745347055437765,-259.99993545069856,0.05697989863864196,0.0032274650711918602,0.014682175224435183,11.110130975950161,0.9242871999740601,-0.4999668587391836
729,0.23944821250757173,-260,0,0,0.014823693814816118,9.711542123181706,0.6928865909576416,-0.49997011473978376
730,0.2383199314935368,-260,0,0,0.014662925508354002,-21.225429896047697,0.9255475997924805,-0.49996304747715753
731,0.23795462500499412,-260,0,0,0.01458857305608059,-22.56621818576725,0.4038197100162506,-0.4999643493376689
732,0.23825587442031562,-260,0,0,0.014583386881786694,-0.7369500178674789,0.8403534293174744,-0.4999658672437227
733,0.23905546484881435,-260,0,0,0.014633864395973206,9.570822936340953,0.6326938271522522,-0.4999673544159154
734,0.23985979206643038,-260,0,0,0.014684020695768468,8.034001014277532,0.7478598952293396,-0.49996785728613785
735,0.24024015979367547,-260,0,0,0.014687370633615995,0.47462019643321146,0.8427031636238098,-0.4999672426955611
736,0.24243806287242853,-260,0,0,0.014887889825416294,25.206268189065025,0.9810692667961121,-0.4999722260261874
737,0.2414741747632537,-260,0,0,0.014746598455310659,-24.99875769126707,0.696622371673584,-0.4999653111650824
738,0.24164458989252968,-260,0,0,0.014727481830085275,-2.888772427725821,0.7903007864952087,-0.4999676843093776
739,0.2429842404311127,-260,0,0,0.01483544660355964,15.985288646430995,0.8167670965194702,-0.4999708445638004
740,0.24410918455933323,-260,0,0,0.014920846592487552,14.831726291164655,0.6950175762176514,-0.4999711052286759
741,0.243085295220737,-260,0,0,0.01477140992620548,-19.987833994214494,0.9107086062431335,-0.4999661794743107
742,0.2434624208457242,-259.99962414942456,0.018856281249360195,0.01879252877219114,0.014773424821251437,0.24682739707677406,0.9742635488510132,-0.4999680891473004
743,0.24473008625398535,-259.9999916370546,0.06338327041305677,-0.018374381503145888,0.014835023023121022,9.744500541759209,0.7332572340965271,-0.4999724982514865
744,0.24698984629709514,-260,0,0,0.014965653105000526,8.677730785198529,0.9529591798782349,-0.49997515868616793
745,0.24903187084382306,-260,0,0,0.015150196666552315,27.60970246552267,0.8293218612670898,-0.49997595914561793
746,0.24868234193634678,-259.99976292424697,-0.017476445373813352,0.011853787652403055,0.015073316321285352,-9.664733734957203,0.9536883234977722,-0.4999702528285857
747,0.24782779246415224,-259.99998093085594,-0.04272747360972716,-0.01090033044761332,0.014903830463642201,-13.836048006111866,0.8064010739326477,-0.4999698445086706
748,0.2478191232991119,-260,0,0,0.014788956001519547,8.835238755713425,0.7403959631919861,-0.49997115194990427
749,0.24696636377492068,-260,0,0,0.014659911340196738,-23.83629706499114,0.6649054288864136,-0.4999689025160912
750,0.24803085906662317,-260,0,0,0.01474040692456638,20.81539177777769,0.47165900468826294,-0.49997339002736424
751,0.24914967154710546,-260,0,0,0.01482392905092124,11.637937430624932,0.8620588183403015,-0.49997418498512264
752,0.24911388983020724,-260,0,0,0.014781769657625614,-5.7550589998333,0.8753296732902527,-0.49997185384679776
753,0.2500401222618336,-260,0,0,0.014844328028219438,8.743700214931854,0.8567416667938232,-0.49997434606347385
754,0.24979387853667795,-260,0,0,0.01478012402355112,-10.056831905007552,0.7653933167457581,-0.4999718500552103
755,0.24949784125261715,-260,0,0,0.014711013688585262,-11.849513650877213,0.700607419013977,-0.4999715688668419
756,0.24842394684248703,-260,0,0,0.014557685279995286,-26.296702833473965,0.7204252481460571,-0.499969354383215
757,0.24874779940788203,-259.9998972994247,0.01619262826974919,0.005135028766974715,0.014554420504694415,-0.4271097956251299,0.9115999341011047,-0.49997204149280566
758,0.24916090069257424,-259.99972555023413,0.02065506423461064,0.008587459526183179,0.014522457560420771,-3.783798950087797,0.9051137566566467,-0.49997216531847916
759,0.2515121530965343,-260,0,0,0.014664616134746185,29.92880848414639,0.7263348698616028,-0.49997864800831343
760,0.2528870584496944,-260,0,0,0.01477894690140942,29.35184457845056,0.4854227602481842,-0.49997698984164696
761,0.25266461399603996,-260,0,0,0.01471893227589413,-13.27143620437617,0.5440540909767151,-0.49997365868473426
762,0.25218926012472187,-260,0,0,0.014630816226405902,-16.49517902055059,0.6458154320716858,-0.4999728612629473
763,0.25139450371451105,-260,0,0,0.014506689170271031,-17.720587243343733,0.8486042022705078,-0.4999717349199959
764,0.2508675072085234,-259.99990913810467,-0.02634982529938154,0.004543094766840303,0.01441102293568002,-12.394153277559699,0.9274258017539978,-0.4999716755044238
765,0.24902807947138791,-259.9998901159233,-0.09197138685677492,0.000951109068853026,0.014134659073661706,-23.45696902698197,0.9444952011108398,-0.49996804711407583
766,0.2465460528085659,-259.9998021015387,-0.12410133314110094,0.00440071922849595,0.013750262132808716,-14.015165265256298,0.9280920028686523,-0.4999650142500098
767,0.24462923177671506,-260,0,0,0.013391877243908688,6.170564725043626,0.5034639835357666,-0.49996573650986487
768,0.24624642885990744,-260,0,0,0.013530520535080288,20.44517348203137,0.8256955146789551,-0.4999734007948227
769,0.24458145946700852,-260,0,0,0.01331210647100672,-28.65595767133115,0.9474457502365112,-0.4999658151110523
770,0.2440982600982681,-259.9999983151771,-0.02415996843702146,8.424114581179326e-05,0.013221836894966815,-11.969044937835573,0.9054186940193176,-0.49996787720305813
771,0.2459416439112955,-260,0,0,0.013347119196198062,28.98422373205173,0.925235390663147,-0.49997366957185635
772,0.2471094901188374,-260,0,0,0.013437265711991856,14.521551675784428,0.7477443814277649,-0.4999730315265807
773,0.2467397107367218,-260,0,0,0.013360903321552462,-14.11594185557632,0.651195764541626,-0.4999697294390186
774,0.24630317634612153,-260,0,0,0.01327626794631973,-12.505864879871558,0.8128472566604614,-0.4999693281428414
775,0.24632893710678191,-259.99958292893507,0.0012880380330185298,0.020853553245471456,0.013240697840755506,-4.312603121581537,0.9836606383323669,-0.4999690216000071
776,0.24505232584285525,-259.99990052230396,-0.06383056319633304,-0.01587966844371989,0.013026945273338007,-27.33880560890699,0.8067870736122131,-0.49996741740211326
777,0.24451347082364402,-260,0,0,0.012856046915821527,6.131221643237152,0.8342945575714111,-0.49996822458863893
778,0.24328494155065783,-260,0,0,0.012686235817691792,-27.392056980433498,0.7674243450164795,-0.4999658926639714
779,0.2441210025126973,-260,0,0,0.012741207633859369,10.513854411985491,0.626358687877655,-0.4999705347118729
780,0.24404197403911426,-259.9996385536663,-0.003951423679151527,0.018072316687720965,0.012694574600851065,-5.720584632685119,0.97264164686203,-0.49996757542146286
781,0.24277812680295324,-259.99923662613,-0.06319236180805157,0.020096376813306508,0.012481640436606788,-21.183402517930016,0.9567319750785828,-0.4999639517292266
782,0.24262469474571144,-259.9991394320424,-0.0076716028620898435,0.004859704381242204,0.012352312505776317,11.957885412604723,0.838821291923523,-0.49996659170869234
783,0.24129895263982876,-259.9993735138701,-0.06628710529413466,-0.011704091386005328,0.012058684609828707,-22.907780078540863,0.8773858547210693,-0.4999643280703035
784,0.240446623040881,-260,0,0,0.011780837291618277,3.0801090486643683,0.6104531288146973,-0.49996615692368407
785,0.23991642575355607,-260,0,0,0.01168715489925333,-15.604742358749938,0.723852276802063,-0.4999652229778342
786,0.24224665965542916,-260,0,0,0.011903581910656134,28.610620610207757,0.9393450021743774,-0.49997237327509786
787,0.24323614428683896,-260,0,0,0.011975201124941926,12.754412208196612,0.6741911172866821,-0.4999702987579523
788,0.2454229811245236,-260,0,0,0.012175855248284248,26.46483410281603,0.9356817007064819,-0.49997403494208026
789,0.24770464157491556,-260,0,0,0.012386884920463028,28.39615957736379,0.92210453748703,-0.4999756242433936
790,0.24609915346000807,-260,0,0,0.01217524905736183,-27.38932925881678,0.9559144377708435,-0.49996686508037397
791,0.24783525771877324,-260,0,0,0.012327570271752812,23.92217263321369,0.7804998755455017,-0.49997461325593323
792,0.2500038049585876,-260,0,0,0.012526248453784404,26.989544280239347,0.909561276435852,-0.4999768084145697
793,0.24836251489023684,-260,0,0,0.01231083254948467,-28.625377258856982,0.9341487288475037,-0.4999681819071491
794,0.24859521599961018,-260,0,0,0.012300240833000494,-1.998390240558191,0.6309952139854431,-0.49997207263744353
795,0.25012199026295023,-260,0,0,0.01243026171469247,23.207625326122137,0.6854192614555359,-0.4999755973683268
796,0.24979037994163034,-260,0,0,0.012357031255977525,-10.203575699596504,0.8587095141410828,-0.49997167717583774
797,0.25128912439835993,-260,0,0,0.012483453237213673,20.05170921277943,0.7658795118331909,-0.49997625727756934
798,0.2532501503825147,-260,0,0,0.012660498912105442,29.639980542035918,0.7435678839683533,-0.49997838481974527
799,0.25410527951219486,-260,0,0,0.012717797326145648,11.810233154203486,0.5814528465270996,-0.49997669760115276
800,0.25288244129672005,-260,0,0,0.012547429053624538,-22.040198955164794,0.9428911209106445,-0.4999717915221422
801,0.25490339022681013,-260,0,0,0.012729840195801884,24.48943601762708,0.9138529300689697,-0.4999795188390027
802,0.2572382848852266,-260,0,0,0.012946446546556014,29.16940723579503,0.9228728413581848,-0.49998157906805085
803,0.2563997709729302,-260,0,0,0.012818184620105538,-18.37653546318055,0.8448024392127991,-0.49997471786503733
804,0.2572875274505529,-259.9996703700659,0.04438782388113505,0.016481496704161238,0.012876548092061676,7.178447876020752,0.9697722792625427,-0.4999777294939047
805,0.2593196090572399,-260,0,0,0.01302499073708504,28.899226675722193,0.38701075315475464,-0.4999829094927088
806,0.2602660665846101,-259.99971574971875,0.04732287636851165,0.014212514062253915,0.013089696924354478,8.031804090739366,0.9614812135696411,-0.49997980976025835
807,0.26340877487663594,-259.999539096616,0.15713541460129327,0.008832655138899297,0.013355408849436786,25.69385732774645,0.9624807834625244,-0.49998617053085126
808,0.2661100503121203,-260,0,0,0.013536946063024365,-15.521018330467017,0.6530190110206604,-0.4999886760694455
809,0.2656136977382181,-259.99968041860956,-0.02481762869511185,0.015979069523435384,0.013444618338265994,-11.34171580171482,0.9745538830757141,-0.49998009905327057
810,0.266471347593507,-259.99998627464595,0.042882492764444585,-0.015292801819152338,0.013462400455627483,16.990876962903158,0.7821410894393921,-0.49998488678114417
811,0.26799323227670935,-260,0,0,0.013514773606363868,4.915800125484152,0.8378563523292542,-0.4999865781927991
812,0.26999043384952676,-260,0,0,0.013694619984902769,25.95841141944686,0.8527613878250122,-0.4999887265883395
813,0.26877152486783007,-260,0,0,0.013524680007811108,-23.60418480034508,0.8808063864707947,-0.49998154660912475
814,0.27105852460185625,-260,0,0,0.013735801931240056,28.763080394214484,0.9105181097984314,-0.49998996142257296
815,0.271786662155128,-260,0,0,0.013778218104616114,7.3352360407937285,0.6894116997718811,-0.4999872903870342
816,0.27020138783302033,-260,0,0,0.013568637732608241,-29.266262040123262,0.8895800113677979,-0.4999816910496417
817,0.27017630035868373,-260,0,0,0.013528432634484977,-5.8758528625053925,0.8148888945579529,-0.4999847960330225
818,0.27126032882701334,-260,0,0,0.01360915397688501,12.600268355987302,0.7677505016326904,-0.49998767928033605
819,0.26962432049118923,-260,0,0,0.013393598578831193,-27.603618535763538,0.9651693105697632,-0.4999812355705641
820,0.2717290638757832,-260,0,0,0.01358553014304437,29.31346007054346,0.8132970333099365,-0.4999900082639922
821,0.2711703613531676,-260,0,0,0.013487290598584502,-14.013633143976437,0.8416011929512024,-0.49998433862624414
822,0.2727860671326073,-260,0,0,0.013625666374513786,20.491778327563274,0.8199512362480164,-0.49998967862717075
823,0.2742231024023178,-260,0,0,0.013743917851649096,15.776976090752383,0.9021297097206116,-0.49999020286451146
824,0.2745594183475129,-259.9999201913513,0.016815797259757136,0.003990432436244613,0.013742284606596444,-0.21488060629448436,0.9032623171806335,-0.4999879691407979
825,0.2763750326488923,-260,0,0,0.013863762364205225,17.29947568394563,0.8586525917053223,-0.4999924397898357
826,0.27548995262668236,-259.9999627297307,-0.04425400111049831,0.0018635134645037146,0.013729449713360545,-17.383488782256624,0.9323353171348572,-0.49998622438344753
827,0.27646699178457546,-260,0,0,0.01376084496424917,27.195382753967372,0.7519122362136841,-0.4999907339773166
828,0.27586385119364093,-260,0,0,0.013658691789739717,-17.641250475230255,0.6989955902099609,-0.49998712906648096
829,0.2769698666576198,-260,0,0,0.013741381094600193,12.057837347249032,0.8207967877388,-0.4999912258901709
830,0.2783897385551773,-260,0,0,0.013858176194203294,16.89988608398394,0.8330642580986023,-0.49999272465957495
831,0.2778735233754565,-260,0,0,0.01376623240311858,-19.23727174243073,0.5785958766937256,-0.4999885357997949
832,0.27841373148262083,-260,0,0,0.013787362467590714,3.1044449086324075,0.8089330792427063,-0.4999909800510874
833,0.2803444703485452,-260,0,0,0.01395970781027739,24.406094073666665,0.8647176027297974,-0.4999949455775719
834,0.2824878826626432,-260,0,0,0.01415532486617005,28.296996094030426,0.8554652333259583,-0.4999966858652688
835,0.28378585358569675,-260,0,0,0.014258604401182415,14.769859624040881,0.839789092540741,-0.49999579126460447
836,0.2857839375647453,-260,0,0,0.014438302392701972,26.24178674801564,0.8424209356307983,-0.4999984172838711
837,0.28443843021162046,-260,0,0,0.014254846900443506,-27.711774820865973,0.8177075386047363,-0.4999909046530201
838,0.28553644343618256,-260,0,0,0.014336621350727488,12.362653402536427,0.7916335463523865,-0.4999964653083291
839,0.28579414214256416,-260,0,0,0.014326801392337172,-1.438943948456627,0.81046062707901,-0.4999949427736871
840,0.28760785244312725,-260,0,0,0.014487576669798335,29.44401192346222,0.6778136491775513,-0.49999916748400713
841,0.2898478228707512,-260,0,0,0.014693074926912152,27.692714090517743,0.9163497090339661,-0.5000013942019715
842,0.2910200920356686,-260,0,0,0.01478444540298432,19.5277062186271,0.56644207239151,-0.499999977976436
843,0.2911461115327316,-260,0,0,0.014760337912620004,-3.6560907202983994,0.7833719253540039,-0.49999796278907344
844,0.2928057259870827,-260,0,0,0.014902149687935398,18.394226070976018,0.9311699271202087,-0.500002048141288
845,0.2938940690189598,-259.9997186912623,0.05441715159385576,0.014065436885319933,0.014981346706846149,9.798127396247672,0.9642059206962585,-0.500000732263269
846,0.2967257744215548,-259.99971520148836,0.14158527012974836,0.00017448869514260015,0.015211770170583613,20.76105041518548,0.8838618993759155,-0.500006508416883
847,0.2983065449857177,-260,0,0,0.015269127032237277,-28.194002317344975,0.7588679790496826,-0.5000058347905353
848,0.2982153189380826,-260,0,0,0.015223114309282606,-10.292296725025306,0.5334923267364502,-0.5000018652330065
849,0.3005401346975042,-260,0,0,0.015437755936375386,29.66191585427955,0.8984410762786865,-0.5000081235969079
850,0.30256484458233784,-260,0,0,0.015620307434443174,28.376085588214583,0.7956300973892212,-0.5000087655552323
851,0.30435040519173784,-260,0,0,0.015776960999459355,25.508054250722125,0.7534617781639099,-0.5000093827116697
852,0.3052491993736471,-260,0,0,0.015838233010164,13.102735826987683,0.5597993731498718,-0.5000081605973733
853,0.3074592418371304,-260,0,0,0.01603989644185157,27.105668903876726,0.9166508913040161,-0.5000121389797489
854,0.309583328633299,-260,0,0,0.016232374474680965,26.904220400574435,0.8809059262275696,-0.5000132702252029
855,0.3097302790586902,-260,0,0,0.01621265377704111,-5.307449461796384,0.44150465726852417,-0.5000094061087987
856,0.3096452006681189,-260,0,0,0.016164403745099153,-6.600203168608491,0.8692696690559387,-0.5000088898542673
857,0.3080892416151764,-260,0,0,0.015956365174969084,-26.58286000513973,0.9626373648643494,-0.5000049934897542
858,0.3074825641234529,-260,0,0,0.01585387798670236,-20.74332250595023,0.59914231300354,-0.5000065198483549
859,0.3067474615169523,-260,0,0,0.015735476801944644,-16.653110704129006,0.8554180264472961,-0.5000058120037428
860,0.308985223139197,-260,0,0,0.015940164935669004,27.393031016867948,0.9210547208786011,-0.5000131306282475
861,0.310505062546084,-260,0,0,0.01606932929066093,28.901699769151424,0.5532738566398621,-0.5000126272287486
862,0.3093239760000075,-260,0,0,0.01590232020543241,-22.695228908444676,0.8960694670677185,-0.5000065007617693
863,0.31080027176454333,-260,0,0,0.016024954299093713,19.443018995002323,0.7626283168792725,-0.5000127212572095
864,0.3125698549733335,-260,0,0,0.016179551381089608,24.528809587025123,0.7708134055137634,-0.500014393502988
865,0.3146556552655011,-260,0,0,0.01636857612460562,29.706595119437743,0.7895057201385498,-0.5000163056178851
866,0.3148531655232317,-259.99978123492343,0.009875512886531847,0.010938253829599214,0.01635040502052557,-2.310678803596181,0.9327981472015381,-0.5000119961775713
867,0.3173446360583948,-259.99983141180985,0.12457352675815457,-0.002508844321992113,0.016542676776934835,27.686061870929752,0.9373664855957031,-0.5000187002167683
868,0.32123547044185813,-260,0,0,0.016850443247234156,23.9692463557532,0.5883498191833496,-0.5000242897478986
869,0.3198154472533866,-260,0,0,0.016656892295873603,-25.03929765819086,0.9463356733322144,-0.5000124596311413
870,0.32192394096282634,-260,0,0,0.016847771680074935,28.061356040963606,0.8396321535110474,-0.5000208102876212
871,0.3205525144177795,-260,0,0,0.016659735895369548,-25.16352959813586,0.9150212407112122,-0.5000130090361045
872,0.31889487399348576,-260,0,0,0.016440981368734106,-29.811611888101876,0.9103984832763672,-0.5000114195997342
873,0.32042617209803337,-260,0,0,0.016568331638107368,17.189504192248258,0.8915190100669861,-0.5000187369707475
874,0.32192398659102894,-259.9997877958114,0.0748907246497785,0.010610209430107119,0.01669132188053166,15.223331487830446,0.9689807891845703,-0.5000189545365061
875,0.3240335075205108,-259.9996903143608,0.10547604647409205,0.004874072531314264,0.01684157874742381,3.760480249970234,0.8600191473960876,-0.5000216051794119
876,0.32777856894416324,-260,0,0,0.017131219142670746,21.182244970338544,0.7979283332824707,-0.5000282948092474
877,0.33002083730717935,-260,0,0,0.017336210673997154,28.841341186931068,0.8789820075035095,-0.5000260455716574
878,0.33065721436942624,-260,0,0,0.017365933521072668,4.125530340496426,0.8545220494270325,-0.500023224232549
879,0.33162858675498824,-260,0,0,0.01743242008353006,9.664365946699357,0.8190986514091492,-0.5000244902010671
880,0.3318167408756549,-260,0,0,0.017416213019899984,-3.702388534835924,0.5190682411193848,-0.5000230392051511
881,0.3333087739171152,-260,0,0,0.01753912512195959,17.169956649916386,0.8610352277755737,-0.5000265623907479
882,0.33547188979357057,-260,0,0,0.01773547200015277,28.232013777853947,0.8583260774612427,-0.5000292317278763
883,0.3379099998357143,-260,0,0,0.0179610963944555,29.69481622540723,0.9417815208435059,-0.500031277616277
884,0.33824420987782033,-260,0,0,0.01795776395338636,-0.46627208618301136,0.8466997146606445,-0.5000272748711047
885,0.33758439440338567,-260,0,0,0.01785013030508683,-27.96443975285479,0.4745824933052063,-0.5000248819899157
886,0.3391026792179241,-260,0,0,0.017978192159636808,26.303274354617034,0.5975096821784973,-0.5000301697358088
887,0.34152516321149545,-260,0,0,0.0182017880115729,28.699848452183446,0.9625966548919678,-0.5000334644578345
888,0.3429947600257357,-260,0,0,0.01832145777464228,15.751497283323078,0.9113097190856934,-0.5000324603633931
889,0.34487572574707875,-260,0,0,0.018485825209576066,21.298744032307493,0.9354127049446106,-0.5000344371829073
890,0.3468157392338294,-260,0,0,0.018657229298677736,24.040939037330993,0.8696757555007935,-0.5000357455939937
891,0.34866160945586494,-260,0,0,0.018819273187901227,25.878572928233492,0.7673741579055786,-0.5000366898647924
892,0.34784067113491907,-260,0,0,0.01869306385342793,-26.83815651043784,0.5777884721755981,-0.5000308525499554
893,0.3486284811044271,-260,0,0,0.018742220564466148,12.505604116373965,0.4691907465457916,-0.5000345534179252
894,0.35053062007511165,-260,0,0,0.018910578428847226,27.625504755089825,0.7503763437271118,-0.5000379491620343
895,0.3498198644052255,-259.99990342237425,-0.035537783494307515,0.004828881286967323,0.018792802571530164,-15.14490580598807,0.9315995573997498,-0.5000319985446383
896,0.3501715860471741,-259.999882558252,0.017586082097429394,0.001043206111664164,0.01875027346946439,10.155890625602847,0.8818445205688477,-0.5000344700825697
897,0.3514568260171894,-259.99961181301114,0.06426199850076657,0.01353726204449658,0.0187683352899409,7.582609074000224,0.9488039016723633,-0.5000363579966222
898,0.354537430306248,-259.99934080327904,0.15403021445292997,0.013550486604064983,0.018941106823075725,19.796513105413368,0.9438374042510986,-0.5000415701600917
899,0.35707067842353996,-259.9989425903632,0.12666240586459812,0.019910645793848214,0.019013768066500583,-12.851820619887707,0.9298835396766663,-0.5000413812893927
900,0.3618398419700415,-259.99875078273493,0.23845817732507746,0.009590381412404843,0.019289312198770774,26.42246618513671,0.9419248104095459,-0.5000490023679498
901,0.3658385646020355,-259.998355321479,0.19993613159970133,0.0197730627961087,0.01944019623679516,-15.596028918465061,0.957862377166748,-0.5000491163722484
902,0.36924681731516124,-259.99886925303485,0.17041263565628562,-0.02569657779411074,0.019488251559698664,-17.503712470107793,0.706243097782135,-0.5000523540837759
903,0.37268614218478335,-260,0,0,0.01950372421373481,-9.913626667778196,0.39093607664108276,-0.5000568792154401
904,0.37238416152663467,-260,0,0,0.01943513567790517,-21.214269071872753,0.391528844833374,-0.5000469498170147
905,0.37462822903479315,-260,0,0,0.019639266215902836,28.208600063079377,0.8919938206672668,-0.5000534188618263
906,0.3731818056961139,-260,0,0,0.0194428987170282,-29.352572107642267,0.8273943662643433,-0.5000451503613648
907,0.37262899552434525,-260,0,0,0.019344241081908447,-17.053494967972178,0.6947882771492004,-0.5000465983865858
908,0.3725248388321885,-259.99993608491644,-0.005207834607837441,0.003195754178086348,0.019292215953789403,-6.854158167774847,0.9002724289894104,-0.5000472407017136
909,0.37222377768063697,-260,0,0,0.019182613300903796,-16.10967044841585,0.4285191297531128,-0.5000469810757183
910,0.3745509770809608,-260,0,0,0.019394947090742968,26.36567901361635,0.9873155355453491,-0.5000535377240978
911,0.37705967192713985,-260,0,0,0.019627215240633305,29.369795172036657,0.977886974811554,-0.5000554400446574
912,0.37790997348690786,-260,0,0,0.019684514046284896,22.156162851219612,0.3137125074863434,-0.5000526450030414
913,0.37688970290808627,-260,0,0,0.019534990368664,-24.99977517889686,0.7305077910423279,-0.5000482778209416
914,0.3781561141732677,-259.9996991160579,0.06332056325907237,0.015044197104935519,0.019631249484290684,11.782878234818114,0.9732195138931274,-0.5000527287269754
915,0.3797798096798418,-259.99917808590396,0.08118477532870468,0.02605150769630977,0.019725139155424485,-0.3011787076145648,0.9305784106254578,-0.5000534836869522
916,0.38335370594129087,-259.99980472175093,0.1786948130724531,-0.03133179234784461,0.01999257771877227,29.59288993150244,0.7254819273948669,-0.5000624925096516
917,0.3889232015699137,-260,0,0,0.020437247085207156,25.95825234972589,0.8358125686645508,-0.5000692317448446
918,0.3883600906655902,-260,0,0,0.020338569686731606,-21.443973657210506,0.557145357131958,-0.5000562304426494
919,0.38844504077947095,-260,0,0,0.020308552561081755,-5.058717951878794,0.7026556730270386,-0.5000575786912242
920,0.3903429420794726,-260,0,0,0.02047431829464247,22.51050134613699,0.8936445116996765,-0.5000623691738368
921,0.39126563798032865,-260,0,0,0.02053549031581922,10.524791633539557,0.6911773681640625,-0.5000609849444797
922,0.3927190911150744,-260,0,0,0.0206552139231545,22.740811451761004,0.6391810774803162,-0.5000629383239446
923,0.39238426267981225,-260,0,0,0.020578436085070456,-11.166925759016284,0.8181244730949402,-0.5000591563038185
924,0.39124792073118186,-260,0,0,0.020416489619253415,-28.64489301223735,0.6971300840377808,-0.500056855997174
925,0.3902241427112758,-259.9999221146236,-0.05118890099530282,0.003894268819343749,0.02026404983831641,-19.426546620330846,0.9457446932792664,-0.5000562200715313
926,0.3912859237581759,-260,0,0,0.0202991523979351,29.454686003300925,0.7869396805763245,-0.5000614313332247
927,0.39047100483975883,-260,0,0,0.0201706983474447,-19.09373623562865,0.8102115392684937,-0.500057022114761
928,0.3929565080490279,-260,0,0,0.020399971224610906,28.67428058657918,0.9857990741729736,-0.5000651481076468
929,0.3947297824841524,-260,0,0,0.020554656444340187,29.198719392191087,0.6541476249694824,-0.5000648117672922
930,0.3946210291254657,-260,0,0,0.020502814365940723,-7.926243855619987,0.7755439877510071,-0.500060980978323
931,0.39647718158632794,-260,0,0,0.02066343826037952,20.710534321740987,0.9369076490402222,-0.5000660497667435
932,0.3987670124325855,-260,0,0,0.02087190081365322,28.305277621433675,0.906829297542572,-0.5000683222209973
933,0.4005096663942813,-260,0,0,0.021021042691378992,21.61474531861365,0.8350839018821716,-0.5000682972076694
934,0.4025255252125115,-260,0,0,0.0211991547605576,23.5902975372666,0.9179195761680603,-0.5000700806085671
935,0.402406421998982,-260,0,0,0.02114500237470778,-7.408298167614555,0.8661436438560486,-0.5000657375990731
936,0.4041773189095305,-259.9999723571276,0.08854484552742342,0.0013821436202223565,0.021295907070336483,19.210336171603085,0.9457771182060242,-0.5000705216375914
937,0.4064193659141397,-260,0,0,0.021460362398828627,3.1361463579236903,0.5107627511024475,-0.5000729776619927
938,0.4070080448319125,-259.9997162619168,0.029433945888640102,0.014186904162356755,0.02148211618709957,2.71819052484999,0.9458677768707275,-0.5000691286147786
939,0.4070852830104374,-259.9997918627235,0.00386190892624547,-0.00378004033662375,0.021407616363690124,-14.009575926015517,0.8198184370994568,-0.5000689466209556
940,0.40549992360823495,-260,0,0,0.021111603731585177,-29.30965164145718,0.9329550862312317,-0.5000651196356328
941,0.40515635891662605,-260,0,0,0.02103468297205048,-12.718447739957774,0.7203191518783569,-0.5000669761273117
942,0.4070232347825015,-260,0,0,0.021196853077472474,22.312968320290953,0.8805727362632751,-0.5000725425898634
943,0.40845571371856376,-260,0,0,0.02131567956216455,29.513457263368196,0.4972512125968933,-0.5000725528189791
944,0.40832700268543337,-259.99973030426713,-0.006435551656519076,0.01348478664248585,0.02125959795254469,-7.026526382008787,0.9450323581695557,-0.5000685451781166
945,0.4100899762549858,-259.9997194963743,0.0881486784776205,0.0005403946407473784,0.02136813839542607,22.25647800189667,0.8959041833877563,-0.5000739174582777
946,0.4139710090725569,-260,0,0,0.021666395671420677,26.711733880713943,0.8699209094047546,-0.5000813953506335
947,0.4135033111571562,-260,0,0,0.021579572862120668,-27.604148352499294,0.3861977458000183,-0.50007184988138
948,0.4153457536955128,-260,0,0,0.021741265175616063,29.657423936322576,0.6734787821769714,-0.5000776007697102
949,0.4144341648074722,-260,0,0,0.02160195260828726,-21.110945115555833,0.7971315383911133,-0.500071533313489
950,0.4163339972998026,-260,0,0,0.021766895653212943,21.361807502451427,0.9331560134887695,-0.5000783219830587
951,0.4161884813616462,-260,0,0,0.02171105949081485,-9.067148621766986,0.7301098704338074,-0.5000741419905967
952,0.415478012543308,-259.99984249310404,-0.03552344091690856,0.007875344798732878,0.021591858523909966,-15.111512729905037,0.9421526789665222,-0.5000721052277665
953,0.41436929391293853,-260,0,0,0.02138966233419485,-13.780353161375732,0.717910647392273,-0.5000714142600355
954,0.4167988101227138,-260,0,0,0.02161252890194519,28.609368763559974,0.9589402675628662,-0.5000796665822462
955,0.4183936055487348,-260,0,0,0.021744386767681905,17.502131977580696,0.9032760262489319,-0.5000789757867573
956,0.41746661951625597,-260,0,0,0.021605267151997468,-26.88417897754451,0.6338092684745789,-0.5000733633785538
957,0.4175729191398119,-259.99981527863156,0.005314981177798113,0.00923606842071475,0.02157475861268089,-3.910489103275458,0.9215394854545593,-0.5000749429416378
958,0.4183451871485429,-259.9991936934872,0.03861340043654803,0.03107925721863137,0.0215739539830398,3.578216109693344,0.9803659319877625,-0.5000752599470982
959,0.42083773572915206,-259.9993685193315,0.1246274290304577,-0.00874129221363669,0.021720263136026784,23.18302496022609,0.7697257995605469,-0.5000819958937981
960,0.42492762082587665,-259.9998201098966,0.20449425483622896,-0.02257952825483879,0.021999053529401246,18.337907818614635,0.8672762513160706,-0.5000887007642191
961,0.4314228493041674,-260,0,0,0.022498048305087483,28.927138524561755,0.9375972747802734,-0.5000971319461672
962,0.4302875590028521,-260,0,0,0.02233294242594276,-21.768977109512555,0.9168211221694946,-0.5000808144388382
963,0.43121672406827516,-260,0,0,0.022393750321059086,9.952887855769497,0.724498450756073,-0.5000855135468746
964,0.43225290505773384,-260,0,0,0.02246996168064728,23.2877476256205,0.39695876836776733,-0.5000863634493629
965,0.4344374608747708,-260,0,0,0.02266610447025098,26.526519192676904,0.9043217301368713,-0.5000900007944007
966,0.43366197844530113,-259.99989589537347,-0.038774121473482706,0.005205231325700067,0.02253952751701246,-16.211640164602763,0.9335023760795593,-0.5000832935999733
967,0.43157562186613213,-259.9998042886176,-0.10431782895845047,0.0045803377936779015,0.022228558611814265,-23.633220571704275,0.9470117092132568,-0.5000793258647931
968,0.42993240488028783,-260,0,0,0.021928143799330724,2.599514030477317,0.4790876507759094,-0.5000799720623961
969,0.4324249468966659,-260,0,0,0.0221575887293668,29.240355909751173,0.9669946432113647,-0.5000893817480386
970,0.43086930852148936,-259.9999068265724,-0.07778191875882684,0.004658671380691085,0.02194651201596067,-26.022027897372794,0.9904115796089172,-0.5000800521945991
971,0.428706556260878,-260,0,0,0.0216306203094136,-19.778635543779302,0.637604296207428,-0.5000779756561196
972,0.4293490235171712,-260,0,0,0.02166413415929871,10.62933017369333,0.37399527430534363,-0.5000837940074316
973,0.4302606902642771,-259.9999598867424,0.04558333735529539,0.0020056628826242433,0.021721392713603217,7.5415690461155735,0.8979700207710266,-0.5000847719432824
974,0.432348931860435,-260,0,0,0.02186779938616195,17.169232784446482,0.621571958065033,-0.5000886067256911
975,0.43469274581111655,-260,0,0,0.022081001855435094,27.23632074664161,0.9587579965591431,-0.5000904759716479
976,0.43607754506028135,-260,0,0,0.022192387938120294,20.282674846856892,0.6612715721130371,-0.500089407754897
977,0.43582956009003426,-259.99981442918045,-0.012399248512354211,0.009278540978253858,0.02212309965299261,-8.839744109147341,0.9278624653816223,-0.5000854352296358
978,0.4359685643554858,-260,0,0,0.022056505779003168,0.4943534239290753,0.6426178812980652,-0.500087220428065
979,0.43474311018263867,-260,0,0,0.02188251591729294,-24.652370209085365,0.8583133816719055,-0.5000833683425682
980,0.43558231539793946,-259.999757771164,0.04196026076503877,0.012111441799136598,0.021931316939694696,6.131339871256117,0.9400981664657593,-0.5000872885001203
981,0.4357872693513572,-260,0,0,0.021870686802569633,-16.60574130784444,0.7878220677375793,-0.500087354387678
982,0.4358003835534599,-260,0,0,0.02183330911692885,-7.342509033842748,0.6017119288444519,-0.5000864942983299
983,0.4376191127081302,-260,0,0,0.02199150456134768,26.296042512855728,0.7346308827400208,-0.5000912216345629
984,0.4391539258380683,-260,0,0,0.02211876394611263,21.593428915289337,0.7113590240478516,-0.5000915956802401
985,0.4394794750494569,-259.9999557850828,0.01627746056943147,0.0022107458603274066,0.02211213237426533,-0.8803677843109972,0.8878406882286072,-0.5000892447514483
986,0.4408634104020668,-260,0,0,0.022182340059710832,16.560620762233068,0.5545241832733154,-0.500092431427341
987,0.4425645033727837,-260,0,0,0.02232766297608622,24.50012214180922,0.7207956910133362,-0.5000940212394452
988,0.4417278950044817,-259.999977811339,-0.04183041841510136,0.0011094330499469068,0.022194757243128152,-17.31390673649862,0.9185067415237427,-0.5000883660922898
989,0.4427565171730288,-260,0,0,0.022224940150032103,26.8778794116861,0.7419228553771973,-0.5000928385104147
990,0.4451185249520702,-260,0,0,0.02243980626607884,27.05924116578301,0.9713459610939026,-0.5000969104277505
991,0.44402866165365756,-260,0,0,0.02228099887095565,-24.297380175992803,0.7936705946922302,-0.5000893378544219
992,0.44608412957765015,-260,0,0,0.022464574577124204,29.18448624676245,0.7741400599479675,-0.5000968899249479
993,0.44734168328047114,-260,0,0,0.022564054089732524,25.39593645055647,0.47696030139923096,-0.500096065839875
994,0.4495377399467609,-259.9999553538087,0.10980283331448659,0.002232309566698023,0.02276038694862567,24.233002172607076,0.9835175275802612,-0.5000991570683281
995,0.4522844817154704,-260,0,0,0.02297778849458038,4.355104762396379,0.5704417824745178,-0.5001021668547427
996,0.45366860322385694,-260,0,0,0.023088707686947908,19.957972107775163,0.6681038737297058,-0.5001002017489328
997,0.4559091673512705,-260,0,0,0.02329137914328966,29.299802088935824,0.8514038324356079,-0.5001032896600399
998,0.4574288891654798,-260,0,0,0.023416805999545265,21.961050797383518,0.6894707679748535,-0.500102780626599
999,0.4588868550382067,-259.9997368239002,0.07289829363634402,0.013158804989793979,0.023532034046888778,14.115609106632894,0.9712372422218323,-0.5001027650940868
