episode,step,x,y,angle,speed,drift_angle,action,reward,laps,done,offtrack_death
0,1,170.0,188.3,0.0,0.00,0.0,0,50.00,0,0,0
0,2,170.0,188.2,0.0,0.07,0.0,6,0.62,0,0,0
0,3,170.0,188.1,0.0,0.14,0.0,6,1.33,0,0,0
0,4,170.0,187.9,0.0,0.20,0.0,6,2.02,0,0,0
0,5,170.0,187.6,0.0,0.27,0.0,6,2.70,0,0,0
0,6,170.0,187.3,0.0,0.33,0.0,6,3.36,0,0,0
0,7,170.0,186.9,0.0,0.39,0.0,6,4.01,0,0,0
0,8,170.0,186.5,0.0,0.45,0.0,6,4.65,0,0,0
0,9,170.0,185.9,0.0,0.51,0.0,6,5.27,0,0,0
0,10,170.0,185.4,2.4,0.57,2.4,6,5.88,0,0,0
0,11,170.0,184.7,4.7,0.63,4.5,6,6.47,0,0,0
0,12,170.0,184.1,7.0,0.68,6.3,6,7.03,0,0,0
0,13,170.0,183.3,9.3,0.74,8.0,6,7.58,0,0,0
0,14,170.1,182.5,11.5,0.79,9.5,6,8.41,0,0,0
0,15,170.1,181.7,13.6,0.84,10.9,6,9.00,0,0,0
0,16,170.2,180.8,15.7,0.89,12.2,6,9.59,0,0,0
0,17,170.2,179.9,17.8,0.94,13.4,6,10.16,0,0,0
0,18,170.3,178.9,19.9,0.99,14.5,6,10.73,0,0,0
0,19,170.4,177.8,21.9,1.04,15.6,6,10.73,0,0,0
0,20,170.6,176.8,23.9,1.08,16.6,6,11.48,0,0,0
0,21,170.7,175.7,25.8,1.13,17.5,6,11.96,0,0,0
0,22,170.9,174.5,27.7,1.17,18.4,6,12.78,0,0,0
0,23,171.1,173.3,29.6,1.21,19.3,6,13.42,0,0,0
0,24,171.4,172.1,31.5,1.25,20.1,6,14.29,0,0,0
0,25,171.7,170.8,33.4,1.29,20.9,6,16.34,0,0,0
0,26,172.0,169.5,35.2,1.33,21.7,6,16.95,0,0,0
0,27,172.3,168.2,37.0,1.37,22.5,6,17.56,0,0,0
0,28,172.7,166.8,38.8,1.40,23.2,6,18.16,0,0,0
0,29,173.1,165.5,40.5,1.44,23.9,6,18.45,0,0,0
0,30,173.6,164.1,42.3,1.47,24.5,6,19.32,0,0,0
0,31,174.0,162.6,44.0,1.51,25.2,6,22.47,0,0,0
0,32,174.5,161.2,45.4,1.48,26.6,0,22.48,0,0,0
0,33,175.0,159.9,46.6,1.45,27.8,0,22.08,0,0,0
0,34,175.4,158.5,47.5,1.42,28.7,0,21.61,0,0,0
0,35,175.9,157.2,48.2,1.39,29.3,0,21.36,0,0,0
0,36,176.3,155.9,48.6,1.36,29.8,0,20.80,0,0,0
0,37,176.8,154.7,48.8,1.34,30.0,0,23.12,0,0,0
0,38,177.2,153.4,48.8,1.31,30.0,0,22.63,0,0,0
0,39,177.6,152.2,48.8,1.28,30.0,0,21.92,0,0,0
0,40,178.0,151.0,48.8,1.26,30.0,0,21.45,0,0,0
0,41,178.4,149.8,48.8,1.23,30.0,0,20.98,0,0,0
0,42,178.8,148.7,48.8,1.21,30.0,0,20.53,0,0,0
0,43,179.2,147.5,49.1,1.24,28.7,6,21.05,0,0,0
0,44,179.7,146.4,49.5,1.28,27.7,6,21.61,0,0,0
0,45,180.2,145.1,50.2,1.31,27.0,6,22.45,0,0,0
0,46,180.8,143.9,51.2,1.35,26.6,6,23.13,0,0,0
0,47,181.4,142.7,52.4,1.38,26.5,6,23.89,0,0,0
0,48,182.0,141.5,53.3,1.36,27.4,0,23.41,0,0,0
0,49,182.6,140.3,54.0,1.33,28.1,0,23.33,0,0,0
0,50,183.1,139.1,54.5,1.30,28.6,0,22.70,0,0,0
0,51,183.7,137.9,54.7,1.28,28.8,0,22.25,0,0,0
0,52,184.2,136.8,54.7,1.25,28.8,0,21.54,0,0,0
0,53,184.8,135.7,54.7,1.23,28.8,0,21.26,0,0,0
0,54,185.3,134.6,54.9,1.26,27.5,6,22.22,0,0,0
0,55,186.0,133.5,55.4,1.30,26.6,6,22.82,0,0,0
0,56,186.6,132.3,56.1,1.33,26.0,6,23.47,0,0,0
0,57,187.4,131.1,57.0,1.37,25.7,6,24.19,0,0,0
0,58,188.1,129.9,58.2,1.40,25.6,6,24.98,0,0,0
0,59,188.9,128.7,59.7,1.44,25.9,6,25.88,0,0,0
0,60,189.7,127.6,60.8,1.41,27.1,0,25.43,0,0,0
0,61,190.5,126.4,61.7,1.38,28.0,0,25.13,0,0,0
0,62,191.2,125.3,62.4,1.35,28.7,0,25.00,0,0,0
0,63,192.0,124.2,63.4,1.39,28.3,6,25.71,0,0,0
0,64,192.8,123.1,64.0,1.36,28.9,0,25.06,0,0,0
0,65,193.6,122.0,64.5,1.33,29.4,0,24.35,0,0,0
0,66,194.4,120.9,65.2,1.37,28.7,6,25.57,0,0,0
0,67,195.2,119.8,66.1,1.40,28.2,6,26.43,0,0,0
0,68,196.1,118.7,67.3,1.43,28.1,6,27.23,0,0,0
0,69,197.1,117.5,68.7,1.46,28.3,6,28.12,0,0,0
0,70,198.1,116.4,70.5,1.50,28.8,6,78.81,0,0,0
0,71,199.1,115.3,72.2,1.53,29.3,6,29.59,0,0,0
0,72,200.2,114.2,73.9,1.56,29.7,6,30.44,0,0,0
0,73,201.3,113.1,75.6,1.58,30.2,6,31.33,0,0,0
0,74,202.5,112.0,77.3,1.61,30.7,6,32.24,0,0,0
0,75,203.7,110.9,78.9,1.64,31.1,6,33.18,0,0,0
0,76,205.0,109.8,80.6,1.67,31.5,6,34.13,0,0,0
0,77,206.3,108.7,82.2,1.69,32.0,6,35.08,0,0,0
0,78,207.6,107.6,83.9,1.72,32.4,6,36.04,0,0,0
0,79,209.0,106.6,85.5,1.74,32.8,6,36.99,0,0,0
0,80,210.4,105.5,87.1,1.76,33.2,6,37.94,0,0,0
0,81,211.9,104.5,88.7,1.79,33.6,6,38.89,0,0,0
0,82,213.4,103.5,90.3,1.81,34.0,6,39.83,0,0,0
0,83,214.9,102.5,91.9,1.83,34.4,6,40.57,0,0,0
0,84,216.5,101.6,93.4,1.85,34.7,6,41.26,0,0,0
0,85,218.1,100.6,95.0,1.87,35.1,6,41.91,0,0,0
0,86,219.8,99.7,96.6,1.89,35.4,6,42.67,0,0,0
0,87,221.5,98.8,98.1,1.91,35.8,6,43.56,0,0,0
0,88,223.2,98.0,99.6,1.92,36.1,6,44.43,0,0,0
0,89,225.0,97.1,101.2,1.94,36.5,6,45.29,0,0,0
0,90,226.7,96.3,102.4,1.90,37.7,0,44.57,0,0,0
0,91,228.4,95.5,103.5,1.87,38.8,0,43.60,0,0,0
0,92,230.0,94.8,104.3,1.83,39.6,0,42.17,0,0,0
0,93,231.6,94.0,104.9,1.79,40.2,0,41.19,0,0,0
0,94,233.2,93.2,105.3,1.76,40.6,0,40.17,0,0,0
0,95,234.8,92.5,105.5,1.72,40.8,0,39.11,0,0,0
0,96,236.3,91.8,105.5,1.69,40.8,0,37.49,0,0,0
0,97,237.8,91.1,105.5,1.65,40.8,0,36.45,0,0,0
0,98,239.3,90.4,105.5,1.62,40.8,0,35.43,0,0,0
0,99,240.7,89.7,105.5,1.59,40.8,0,34.32,0,0,0
0,100,242.1,89.0,105.5,1.56,40.8,0,33.02,0,0,0
0,101,243.5,88.4,105.5,1.52,40.8,0,32.10,0,0,0
0,102,244.8,87.8,105.5,1.49,40.8,0,31.19,0,0,0
0,103,246.2,87.1,105.7,1.52,39.3,6,31.57,0,0,0
0,104,247.6,86.6,106.1,1.54,38.1,6,31.71,0,0,0
0,105,249.1,86.0,106.8,1.56,37.2,6,32.23,0,0,0
0,106,250.6,85.5,107.6,1.59,36.6,6,32.82,0,0,0
0,107,252.1,85.0,108.8,1.61,36.3,6,33.47,0,0,0
0,108,253.6,84.5,109.6,1.58,37.1,0,32.73,0,0,0
0,109,255.2,84.1,110.8,1.60,36.8,6,33.37,0,0,0
0,110,256.8,83.7,112.1,1.63,36.7,6,34.08,0,0,0
0,111,258.4,83.3,113.8,1.65,36.9,6,34.78,0,0,0
0,112,259.9,83.0,115.1,1.62,38.3,0,33.94,0,0,0
0,113,261.5,82.6,116.3,1.58,39.4,0,33.09,0,0,0
0,114,263.0,82.2,117.1,1.55,40.3,0,32.31,0,0,0
0,115,264.5,81.9,117.8,1.52,40.9,0,31.48,0,0,0
0,116,265.9,81.6,118.2,1.49,41.3,0,30.62,0,0,0
0,117,267.3,81.2,118.4,1.46,41.6,0,29.73,0,0,0
0,118,268.7,80.9,118.4,1.43,41.6,0,28.55,0,0,0
0,119,270.1,80.6,118.4,1.40,41.6,0,27.65,0,0,0
0,120,271.4,80.3,118.4,1.37,41.6,0,26.82,0,0,0
0,121,272.8,80.0,118.4,1.35,41.6,0,25.90,0,0,0
0,122,274.0,79.7,118.4,1.32,41.6,0,24.95,0,0,0
0,123,275.4,79.4,118.7,1.35,39.9,6,25.40,0,0,0
0,124,276.7,79.2,119.1,1.37,38.5,6,25.89,0,0,0
0,125,278.1,79.0,119.8,1.40,37.4,6,26.37,0,0,0
0,126,279.5,78.8,120.7,1.43,36.7,6,26.71,0,0,0
0,127,281.0,78.7,121.9,1.45,36.2,6,27.30,0,0,0
0,128,282.5,78.7,123.3,1.48,36.1,6,27.99,0,0,0
0,129,283.9,78.6,124.5,1.45,37.2,0,27.43,0,0,0
0,130,285.3,78.5,125.4,1.42,38.1,0,26.80,0,0,0
0,131,286.7,78.5,126.0,1.39,38.8,0,26.12,0,0,0
0,132,288.1,78.4,126.5,1.37,39.3,0,25.14,0,0,0
0,133,289.4,78.3,126.7,1.34,39.5,0,24.41,0,0,0
0,134,290.7,78.3,126.7,1.31,39.5,0,23.66,0,0,0
0,135,292.0,78.2,126.7,1.29,39.5,0,22.94,0,0,0
0,136,293.3,78.1,126.7,1.26,39.5,0,22.24,0,0,0
0,137,294.5,78.1,126.7,1.23,39.5,0,21.43,0,0,0
0,138,295.7,78.0,126.7,1.21,39.5,0,20.70,0,0,0
0,139,296.9,78.0,126.7,1.19,39.5,0,20.08,0,0,0
0,140,298.1,77.9,126.7,1.16,39.5,0,19.48,0,0,0
0,141,299.2,77.9,126.7,1.14,39.5,0,18.80,0,0,0
0,142,300.3,77.8,126.7,1.12,39.5,0,18.15,0,0,0
0,143,301.4,77.7,126.7,1.09,39.5,0,17.61,0,0,0
0,144,302.5,77.7,126.7,1.07,39.5,0,17.09,0,0,0
0,145,303.5,77.6,126.7,1.05,39.5,0,16.58,0,0,0
0,146,304.5,77.6,126.7,1.03,39.5,0,16.10,0,0,0
0,147,305.6,77.5,126.7,1.01,39.5,0,15.61,0,0,0
0,148,306.5,77.5,126.7,0.99,39.5,0,17.34,0,0,0
0,149,307.5,77.5,126.7,0.97,39.5,0,16.81,0,0,0
0,150,308.5,77.4,126.7,0.95,39.5,0,16.29,0,0,0
0,151,309.4,77.4,126.7,0.93,39.5,0,15.80,0,0,0
0,152,310.3,77.4,127.0,0.97,37.1,6,16.52,0,0,0
0,153,311.3,77.4,127.5,1.00,35.3,6,14.90,0,0,0
0,154,312.4,77.5,128.2,1.04,33.9,6,15.49,0,0,0
0,155,313.5,77.6,129.3,1.08,32.9,6,16.10,0,0,0
0,156,314.5,77.7,130.0,1.05,33.6,0,15.74,0,0,0
0,157,315.5,77.8,130.5,1.03,34.1,0,15.34,0,0,0
0,158,316.5,77.9,130.8,1.01,34.4,0,14.88,0,0,0
0,159,317.5,78.1,130.8,0.99,34.4,0,16.91,0,0,0
0,160,318.5,78.2,130.8,0.97,34.4,0,16.41,0,0,0
0,161,319.5,78.3,131.0,1.01,32.4,6,14.47,0,0,0
0,162,320.5,78.5,131.0,0.99,32.4,0,16.63,0,0,0
0,163,321.5,78.7,131.3,1.03,30.6,6,14.56,0,0,0
0,164,322.5,78.9,131.8,1.07,29.2,6,15.07,0,0,0
0,165,323.6,79.2,132.5,1.11,28.3,6,15.61,0,0,0
0,166,324.6,79.4,133.0,1.08,28.7,0,15.25,0,0,0
0,167,325.7,79.7,133.8,1.12,27.8,6,15.78,0,0,0
0,168,326.8,80.0,134.2,1.10,28.3,0,15.42,0,0,0
0,169,327.8,80.3,134.5,1.08,28.5,0,15.03,0,0,0
0,170,328.8,80.6,134.5,1.06,28.5,0,14.60,0,0,0
0,171,329.8,80.9,134.5,1.04,28.5,0,14.19,0,0,0
0,172,330.9,81.2,134.7,1.08,27.0,6,14.63,0,0,0
0,173,331.9,81.6,134.7,1.05,27.0,0,14.22,0,0,0
0,174,332.8,81.9,134.7,1.03,27.0,0,13.83,0,0,0
0,175,333.8,82.2,134.7,1.01,27.0,0,13.44,0,0,0
0,176,334.8,82.5,134.7,0.99,27.0,0,15.96,0,0,0
0,177,335.7,82.8,134.7,0.97,27.0,0,15.50,0,0,0
0,178,336.6,83.1,134.7,0.95,27.0,0,15.07,0,0,0
0,179,337.5,83.4,134.7,0.93,27.0,0,14.64,0,0,0
0,180,338.4,83.6,134.7,0.92,27.0,0,14.23,0,0,0
0,181,339.2,83.9,134.7,0.90,27.0,0,13.83,0,0,0
0,182,340.0,84.2,134.7,0.88,27.0,0,13.44,0,0,0
0,183,340.9,84.4,134.7,0.86,27.0,0,13.07,0,0,0
0,184,341.7,84.7,134.7,0.84,27.0,0,12.71,0,0,0
0,185,342.5,84.9,134.7,0.83,27.0,0,12.36,0,0,0
0,186,343.2,85.2,134.7,0.81,27.0,0,12.02,0,0,0
0,187,344.0,85.4,134.7,0.79,27.0,0,11.69,0,0,0
0,188,344.7,85.7,134.7,0.78,27.0,0,11.37,0,0,0
0,189,345.5,85.9,134.7,0.76,27.0,0,11.06,0,0,0
0,190,346.2,86.1,134.7,0.75,27.0,0,10.75,0,0,0
0,191,346.9,86.3,134.7,0.73,27.0,0,10.46,0,0,0
0,192,347.6,86.6,134.7,0.72,27.0,0,10.18,0,0,0
0,193,348.2,86.8,134.7,0.70,27.0,0,9.90,0,0,0
0,194,348.9,87.0,134.7,0.69,27.0,0,9.64,0,0,0
0,195,349.5,87.2,134.7,0.68,27.0,0,9.38,0,0,0
0,196,350.2,87.4,134.7,0.66,27.0,0,9.13,0,0,0
0,197,350.8,87.6,134.7,0.65,27.0,0,8.89,0,0,0
0,198,351.4,87.8,134.7,0.64,27.0,0,8.65,0,0,0
0,199,352.0,88.0,134.7,0.62,27.0,0,8.42,0,0,0
0,200,352.6,88.2,134.7,0.61,27.0,0,8.20,0,0,0
0,201,353.2,88.4,135.0,0.66,24.6,6,8.97,0,0,0
0,202,353.8,88.7,135.6,0.71,22.9,6,9.75,0,0,0
0,203,354.5,88.9,135.9,0.70,23.2,0,9.51,0,0,0
0,204,355.1,89.2,135.9,0.68,23.2,0,9.26,0,0,0
0,205,355.7,89.5,135.9,0.67,23.2,0,9.02,0,0,0
0,206,356.3,89.7,135.9,0.66,23.2,0,8.79,0,0,0
0,207,356.9,90.0,135.9,0.64,23.2,0,8.56,0,0,0
0,208,357.5,90.2,135.9,0.63,23.2,0,8.34,0,0,0
0,209,358.1,90.5,136.2,0.68,21.2,6,9.10,0,0,0
0,210,358.8,90.8,136.7,0.73,19.8,6,9.86,0,0,0
0,211,359.5,91.2,137.6,0.78,18.9,6,10.66,0,0,0
0,212,360.2,91.6,138.7,0.83,18.5,6,11.49,0,0,0
0,213,360.9,92.0,139.5,0.81,19.3,0,11.29,0,0,0
0,214,361.6,92.4,140.0,0.80,19.9,0,11.06,0,0,0
0,215,362.2,92.8,140.3,0.78,20.1,0,10.80,0,0,0
0,216,362.9,93.2,140.3,0.77,20.1,0,10.52,0,0,0
0,217,363.6,93.6,140.3,0.75,20.1,0,10.24,0,0,0
0,218,364.2,94.0,140.3,0.74,20.1,0,9.98,0,0,0
0,219,364.8,94.3,140.3,0.72,20.1,0,9.72,0,0,0
0,220,365.4,94.7,140.3,0.71,20.1,0,9.47,0,0,0
0,221,366.1,95.1,140.6,0.76,18.6,6,10.21,0,0,0
0,222,366.7,95.5,140.6,0.74,18.6,0,9.95,0,0,0
0,223,367.4,95.9,140.9,0.79,17.3,6,10.68,0,0,0
0,224,368.1,96.4,141.4,0.84,16.5,6,11.43,0,0,0
0,225,368.8,96.9,142.2,0.89,16.0,6,12.22,0,0,0
0,226,369.5,97.5,143.3,0.94,16.0,6,13.06,0,0,0
0,227,370.3,98.0,144.1,0.92,16.8,0,12.86,0,0,0
0,228,371.0,98.6,144.6,0.90,17.3,0,12.61,0,0,0
0,229,371.7,99.2,145.4,0.95,16.8,6,13.40,0,0,0
0,230,372.4,99.8,145.9,0.93,17.3,0,13.14,0,0,0
0,231,373.2,100.4,146.7,0.98,16.9,6,13.94,0,0,0
0,232,374.0,101.1,147.7,1.03,16.9,6,11.64,0,0,0
0,233,374.8,101.8,149.1,1.07,17.1,6,12.23,0,0,0
0,234,375.5,102.5,150.1,1.05,18.1,0,12.12,0,0,0
0,235,376.3,103.2,150.8,1.03,18.9,0,12.09,0,0,0
0,236,377.1,103.8,151.3,1.01,19.4,0,11.86,0,0,0
0,237,377.8,104.5,151.6,0.99,19.7,0,14.61,0,0,0
0,238,378.5,105.1,151.6,0.97,19.7,0,14.22,0,0,0
0,239,379.2,105.8,151.6,0.95,19.7,0,13.84,0,0,0
0,240,379.9,106.4,151.6,0.93,19.7,0,13.47,0,0,0
0,241,380.6,107.0,151.6,0.91,19.7,0,13.11,0,0,0
0,242,381.3,107.6,151.6,0.89,19.7,0,12.77,0,0,0
0,243,381.9,108.2,151.6,0.87,19.7,0,12.43,0,0,0
0,244,382.5,108.8,151.6,0.86,19.7,0,12.11,0,0,0
0,245,383.2,109.3,151.6,0.84,19.7,0,11.79,0,0,0
0,246,383.8,109.9,151.9,0.89,18.4,6,12.51,0,0,0
0,247,384.4,110.5,151.9,0.87,18.4,0,12.18,0,0,0
0,248,385.1,111.1,151.9,0.85,18.4,0,11.87,0,0,0
0,249,385.7,111.7,152.1,0.90,17.3,6,12.58,0,0,0
0,250,386.4,112.4,152.6,0.95,16.6,6,13.33,0,0,0
0,251,387.0,113.1,152.9,0.93,16.9,0,13.03,0,0,0
0,252,387.7,113.8,153.4,0.98,16.2,6,13.77,0,0,0
0,253,388.4,114.6,154.2,1.02,15.9,6,11.87,0,0,0
0,254,389.0,115.3,154.7,1.00,16.4,0,11.66,0,0,0
0,255,389.7,116.1,154.9,0.98,16.7,0,13.97,0,0,0
0,256,390.3,116.8,154.9,0.96,16.7,0,13.60,0,0,0
0,257,391.0,117.5,155.2,1.01,15.8,6,11.88,0,0,0
0,258,391.6,118.3,155.2,0.99,15.8,0,13.92,0,0,0
0,259,392.2,119.0,155.2,0.97,15.8,0,13.56,0,0,0
0,260,392.9,119.8,155.4,1.02,15.0,6,12.21,0,0,0
0,261,393.6,120.7,155.9,1.06,14.5,6,12.83,0,0,0
0,262,394.2,121.5,156.7,1.11,14.4,6,13.37,0,0,0
0,263,394.9,122.5,157.7,1.15,14.6,6,13.97,0,0,0
0,264,395.6,123.4,158.4,1.13,15.3,0,13.77,0,0,0
0,265,396.3,124.2,158.9,1.11,15.8,0,13.50,0,0,0
0,266,396.9,125.1,159.2,1.08,16.0,0,13.46,0,0,0
0,267,397.6,126.0,159.2,1.06,16.0,0,13.44,0,0,0
0,268,398.2,126.9,159.4,1.11,15.3,6,14.19,0,0,0
0,269,398.9,127.8,159.9,1.15,14.9,6,14.95,0,0,0
0,270,399.5,128.8,160.6,1.20,14.8,6,15.70,0,0,0
0,271,400.2,129.8,161.6,1.24,14.9,6,16.45,0,0,0
0,272,400.9,130.8,162.3,1.21,15.6,0,16.34,0,0,0
0,273,401.5,131.8,162.8,1.19,16.1,0,16.21,0,0,0
0,274,402.2,132.9,163.5,1.23,16.0,6,16.95,0,0,0
0,275,402.8,133.9,164.0,1.21,16.4,0,16.79,0,0,0
0,276,403.5,134.9,164.2,1.18,16.7,0,17.36,0,0,0
0,277,404.1,135.9,164.7,1.22,16.2,6,18.12,0,0,0
0,278,404.8,137.0,165.4,1.27,16.1,6,18.88,0,0,0
0,279,405.4,138.2,166.4,1.31,16.2,6,19.65,0,0,0
0,280,406.1,139.3,167.6,1.35,16.6,6,20.43,0,0,0
0,281,406.7,140.5,168.5,1.32,17.5,0,20.16,0,0,0
0,282,407.3,141.6,169.2,1.29,18.2,0,19.87,0,0,0
0,283,408.0,142.7,169.7,1.27,18.7,0,19.55,0,0,0
0,284,408.6,143.8,169.9,1.24,18.9,0,19.77,0,0,0
0,285,409.2,144.9,170.4,1.28,18.4,6,20.49,0,0,0
0,286,409.8,146.1,171.1,1.32,18.1,6,21.29,0,0,0
0,287,410.4,147.3,172.0,1.36,18.2,6,22.14,0,0,0
0,288,411.0,148.6,173.2,1.40,18.5,6,22.96,0,0,0
0,289,411.5,149.8,174.1,1.37,19.4,0,22.60,0,0,0
0,290,412.1,151.1,174.8,1.34,20.1,0,22.20,0,0,0
0,291,412.7,152.3,175.3,1.32,20.6,0,22.02,0,0,0
0,292,413.2,153.4,175.5,1.29,20.8,0,21.48,0,0,0
0,293,413.8,154.6,175.9,1.33,20.2,6,22.19,0,0,0
0,294,414.3,155.9,176.6,1.37,19.9,6,22.98,0,0,0
0,295,414.9,157.2,177.6,1.40,19.9,6,23.87,0,0,0
0,296,415.4,158.5,178.7,1.44,20.1,6,24.87,0,0,0
0,297,415.9,159.9,180.2,1.48,20.6,6,25.92,0,0,0
0,298,416.4,161.3,181.9,1.51,21.5,6,26.89,0,0,0
0,299,416.9,162.8,183.6,1.55,22.2,6,27.87,0,0,0
0,300,417.4,164.2,185.0,1.51,23.6,0,27.52,0,0,0
0,301,417.8,165.6,186.2,1.48,24.8,0,27.09,0,0,0
0,302,418.3,167.0,187.1,1.45,25.7,0,76.59,0,0,0
0,303,418.8,168.4,188.2,1.49,25.7,6,27.40,0,0,0
0,304,419.2,169.8,189.1,1.46,26.6,0,26.89,0,0,0
0,305,419.6,171.2,189.8,1.43,27.3,0,26.33,0,0,0
0,306,420.0,172.5,190.2,1.40,27.7,0,25.72,0,0,0
0,307,420.5,173.8,190.4,1.37,27.9,0,25.46,0,0,0
0,308,420.9,175.2,190.9,1.41,27.1,6,26.12,0,0,0
0,309,421.2,176.6,191.6,1.44,26.5,6,26.82,0,0,0
0,310,421.6,178.0,192.5,1.47,26.2,6,27.57,0,0,0
0,311,421.9,179.5,193.6,1.50,26.2,6,28.38,0,0,0
0,312,422.2,180.9,194.5,1.47,27.1,0,27.82,0,0,0
0,313,422.5,182.3,195.2,1.44,27.8,0,27.20,0,0,0
0,314,422.8,183.7,195.6,1.42,28.2,0,26.54,0,0,0
0,315,423.1,185.1,195.9,1.39,28.4,0,26.21,0,0,0
0,316,423.4,186.4,195.9,1.36,28.4,0,25.47,0,0,0
0,317,423.7,187.8,196.1,1.39,27.3,6,26.07,0,0,0
0,318,424.0,189.2,196.5,1.43,26.5,6,26.71,0,0,0
0,319,424.2,190.6,197.2,1.46,26.0,6,27.40,0,0,0
0,320,424.4,192.1,198.1,1.49,25.7,6,28.14,0,0,0
0,321,424.6,193.6,199.2,1.53,25.7,6,28.96,0,0,0
0,322,424.7,195.2,200.7,1.56,26.1,6,29.85,0,0,0
0,323,424.8,196.7,201.8,1.53,27.2,0,29.33,0,0,0
0,324,425.0,198.2,202.7,1.49,28.1,0,29.10,0,0,0
0,325,425.1,199.6,203.3,1.47,28.7,0,28.06,0,0,0
0,326,425.3,201.0,203.8,1.44,29.2,0,27.69,0,0,0
0,327,425.4,202.4,204.0,1.41,29.4,0,26.92,0,0,0
0,328,425.5,203.8,204.0,1.38,29.4,0,26.13,0,0,0
0,329,425.6,205.2,204.0,1.35,29.4,0,25.36,0,0,0
0,330,425.8,206.5,204.0,1.32,29.4,0,24.90,0,0,0
0,331,425.9,207.8,204.2,1.36,28.2,6,25.49,0,0,0
0,332,425.9,209.2,204.7,1.39,27.3,6,26.13,0,0,0
0,333,426.0,210.7,205.3,1.43,26.7,6,26.81,0,0,0
0,334,426.0,212.1,206.3,1.46,26.4,6,27.55,0,0,0
0,335,425.9,213.6,207.4,1.49,26.4,6,28.37,0,0,0
0,336,425.9,215.1,208.8,1.52,26.7,6,29.26,0,0,0
0,337,425.8,216.7,210.5,1.55,27.3,6,30.25,0,0,0
0,338,425.7,218.2,211.9,1.52,28.6,0,29.79,0,0,0
0,339,425.6,219.7,213.1,1.49,29.8,0,29.22,0,0,0
0,340,425.5,221.1,214.0,1.46,30.7,0,28.57,0,0,0
0,341,425.5,222.6,214.6,1.43,31.3,0,27.86,0,0,0
0,342,425.4,224.0,215.1,1.40,31.8,0,27.40,0,0,0
0,343,425.3,225.4,215.3,1.38,32.0,0,26.60,0,0,0
0,344,425.2,226.7,215.3,1.35,32.0,0,25.78,0,0,0
0,345,425.1,228.0,215.3,1.32,32.0,0,24.98,0,0,0
0,346,425.0,229.4,215.5,1.35,30.7,6,25.52,0,0,0
0,347,424.9,230.7,216.0,1.39,29.7,6,26.38,0,0,0
0,348,424.7,232.2,216.7,1.42,29.0,6,27.02,0,0,0
0,349,424.5,233.6,217.6,1.45,28.6,6,27.72,0,0,0
0,350,424.2,235.0,218.7,1.48,28.5,6,28.50,0,0,0
0,351,423.9,236.5,220.2,1.51,28.7,6,29.36,0,0,0
0,352,423.6,238.0,221.9,1.54,29.2,6,30.33,0,0,0
0,353,423.2,239.5,223.3,1.51,30.6,0,29.83,0,0,0
0,354,422.9,241.0,224.4,1.48,31.7,0,29.23,0,0,0
0,355,422.6,242.4,225.3,1.45,32.6,0,28.56,0,0,0
0,356,422.3,243.8,226.0,1.42,33.3,0,27.82,0,0,0
0,357,422.0,245.1,226.4,1.40,33.7,0,27.30,0,0,0
0,358,421.7,246.5,226.6,1.37,33.9,0,26.47,0,0,0
0,359,421.4,247.8,226.6,1.34,33.9,0,25.62,0,0,0
0,360,421.1,249.0,226.6,1.31,33.9,0,24.80,0,0,0
0,361,420.7,250.4,226.9,1.34,32.5,6,25.54,0,0,0
0,362,420.4,251.7,227.3,1.38,31.5,6,26.09,0,0,0
0,363,420.0,253.0,228.0,1.41,30.7,6,26.69,0,0,0
0,364,419.5,254.4,228.9,1.44,30.2,6,27.35,0,0,0
0,365,419.0,255.8,230.1,1.47,30.0,6,28.09,0,0,0
0,366,418.4,257.2,231.5,1.50,30.1,6,28.92,0,0,0
0,367,417.9,258.6,233.2,1.53,30.6,6,29.84,0,0,0
0,368,417.3,260.0,234.6,1.50,32.0,0,29.34,0,0,0
0,369,416.7,261.3,235.8,1.47,33.1,0,28.73,0,0,0
0,370,416.2,262.6,236.7,1.44,34.0,0,28.05,0,0,0
0,371,415.6,263.9,237.4,1.41,34.7,0,27.57,0,0,0
0,372,415.1,265.2,237.8,1.38,35.1,0,26.76,0,0,0
0,373,414.6,266.5,238.0,1.36,35.4,0,26.17,0,0,0
0,374,414.0,267.7,238.0,1.33,35.4,0,25.30,0,0,0
0,375,413.5,268.9,238.3,1.36,33.9,6,25.74,0,0,0
0,376,412.9,270.2,238.7,1.39,32.8,6,26.23,0,0,0
0,377,412.2,271.4,239.4,1.42,32.0,6,26.78,0,0,0
0,378,411.5,272.7,240.3,1.45,31.4,6,27.67,0,0,0
0,379,410.8,274.0,241.5,1.48,31.2,6,78.36,0,0,0
0,380,410.0,275.3,242.9,1.51,31.3,6,29.15,0,0,0
0,381,409.2,276.6,244.6,1.54,31.7,6,30.05,0,0,0
0,382,408.3,277.9,246.3,1.57,32.1,6,30.93,0,0,0
0,383,407.3,279.1,248.0,1.59,32.4,6,31.80,0,0,0
0,384,406.4,280.4,249.7,1.62,32.8,6,32.65,0,0,0
0,385,405.4,281.7,251.3,1.64,33.2,6,33.48,0,0,0
0,386,404.3,283.0,253.0,1.67,33.5,6,34.29,0,0,0
0,387,403.2,284.3,254.6,1.69,33.9,6,35.15,0,0,0
0,388,402.0,285.6,256.2,1.72,34.3,6,36.20,0,0,0
0,389,400.9,286.9,257.9,1.74,34.6,6,37.01,0,0,0
0,390,399.6,288.1,259.5,1.76,34.9,6,37.74,0,0,0
0,391,398.3,289.4,261.1,1.78,35.3,6,38.45,0,0,0
0,392,397.0,290.6,262.7,1.80,35.6,6,39.12,0,0,0
0,393,395.7,291.8,264.2,1.82,35.9,6,39.77,0,0,0
0,394,394.3,293.0,265.8,1.84,36.3,6,40.38,0,0,0
0,395,392.8,294.2,267.4,1.86,36.6,6,41.06,0,0,0
0,396,391.3,295.3,268.9,1.88,36.9,6,42.04,0,0,0
0,397,389.8,296.5,270.5,1.90,37.2,6,42.56,0,0,0
0,398,388.2,297.6,272.0,1.92,37.5,6,43.05,0,0,0
0,399,386.6,298.7,273.6,1.93,37.8,6,43.93,0,0,0
0,400,385.0,299.7,275.1,1.95,38.1,6,44.52,0,0,0
0,401,383.3,300.8,276.6,1.96,38.4,6,44.89,0,0,0
0,402,381.6,301.8,278.1,1.98,38.7,6,45.73,0,0,0
0,403,379.9,302.7,279.7,1.99,39.0,6,46.20,0,0,0
0,404,378.1,303.7,281.2,2.01,39.2,6,46.59,0,0,0
0,405,376.3,304.6,282.7,2.02,39.5,6,47.39,0,0,0
0,406,374.5,305.5,284.2,2.03,39.8,6,47.57,0,0,0
0,407,372.6,306.3,285.7,2.05,40.0,6,47.68,0,0,0
0,408,370.7,307.1,287.1,2.06,40.3,6,48.15,0,0,0
0,409,368.8,307.9,288.6,2.07,40.5,6,48.57,0,0,0
0,410,366.9,308.7,289.8,2.03,41.8,0,47.39,0,0,0
0,411,365.1,309.4,290.8,1.99,42.8,0,46.22,0,0,0
0,412,363.3,310.1,291.6,1.95,43.5,0,44.89,0,0,0
0,413,361.5,310.8,292.2,1.91,44.1,0,43.84,0,0,0
0,414,359.8,311.5,292.6,1.87,44.5,0,42.28,0,0,0
0,415,358.1,312.2,292.8,1.83,44.7,0,41.01,0,0,0
0,416,356.4,312.9,292.8,1.80,44.7,0,39.29,0,0,0
0,417,354.8,313.5,292.8,1.76,44.7,0,37.98,0,0,0
0,418,353.2,314.2,292.8,1.73,44.7,0,36.58,0,0,0
0,419,351.6,314.8,292.8,1.69,44.7,0,35.54,0,0,0
0,420,350.1,315.4,292.8,1.66,44.7,0,34.16,0,0,0
0,421,348.6,316.0,292.8,1.62,44.7,0,33.09,0,0,0
0,422,347.1,316.6,292.8,1.59,44.7,0,32.14,0,0,0
0,423,345.6,317.2,292.8,1.56,44.7,0,30.83,0,0,0
0,424,344.2,317.8,292.8,1.53,44.7,0,29.93,0,0,0
0,425,342.8,318.4,292.8,1.50,44.7,0,29.08,0,0,0
0,426,341.5,318.9,292.8,1.47,44.7,0,27.92,0,0,0
0,427,340.1,319.4,292.8,1.44,44.7,0,27.09,0,0,0
0,428,338.8,320.0,292.8,1.41,44.7,0,26.31,0,0,0
0,429,337.5,320.5,292.8,1.38,44.7,0,25.35,0,0,0
0,430,336.2,321.0,293.0,1.40,43.0,6,25.60,0,0,0
0,431,334.9,321.4,293.5,1.43,41.5,6,26.00,0,0,0
0,432,333.5,321.8,294.1,1.45,40.4,6,26.44,0,0,0
0,433,332.0,322.2,295.0,1.47,39.6,6,26.94,0,0,0
0,434,330.6,322.5,296.2,1.50,39.1,6,27.37,0,0,0
0,435,329.1,322.8,297.6,1.52,38.9,6,27.76,0,0,0
0,436,327.6,323.1,299.3,1.55,39.0,6,28.46,0,0,0
0,437,326.1,323.3,300.7,1.51,40.4,0,28.00,0,0,0
0,438,324.6,323.6,301.9,1.48,41.5,0,27.45,0,0,0
0,439,323.2,323.8,302.8,1.45,42.4,0,26.82,0,0,0
0,440,321.8,324.1,303.4,1.43,43.1,0,26.15,0,0,0
0,441,320.4,324.3,303.9,1.40,43.5,0,25.45,0,0,0
0,442,319.0,324.5,304.1,1.37,43.7,0,24.72,0,0,0
0,443,317.7,324.7,304.1,1.34,43.7,0,23.97,0,0,0
0,444,316.4,325.0,304.1,1.32,43.7,0,23.25,0,0,0
0,445,315.1,325.2,304.1,1.29,43.7,0,22.30,0,0,0
0,446,313.9,325.4,304.1,1.26,43.7,0,21.64,0,0,0
0,447,312.7,325.6,304.1,1.24,43.7,0,20.99,0,0,0
0,448,311.5,325.8,304.1,1.21,43.7,0,20.37,0,0,0
0,449,310.3,326.0,304.1,1.19,43.7,0,19.76,0,0,0
0,450,309.1,326.2,304.3,1.22,41.7,6,20.18,0,0,0
0,451,307.9,326.3,304.8,1.24,40.1,6,20.63,0,0,0
0,452,306.6,326.3,305.5,1.27,38.8,6,21.11,0,0,0
0,453,305.4,326.4,306.0,1.25,39.3,0,20.56,0,0,0
0,454,304.1,326.5,306.2,1.22,39.5,0,19.99,0,0,0
0,455,302.9,326.6,306.2,1.20,39.5,0,19.40,0,0,0
0,456,301.8,326.6,306.2,1.17,39.5,0,19.03,0,0,0
0,457,300.6,326.7,306.2,1.15,39.5,0,18.46,0,0,0
0,458,299.4,326.7,306.4,1.18,37.6,6,18.92,0,0,0
0,459,298.2,326.7,306.9,1.21,36.1,6,19.39,0,0,0
0,460,297.0,326.7,307.1,1.19,36.4,0,18.86,0,0,0
0,461,295.9,326.7,307.1,1.16,36.4,0,18.31,0,0,0
0,462,294.7,326.7,307.1,1.14,36.4,0,17.77,0,0,0
0,463,293.6,326.6,307.1,1.12,36.4,0,17.25,0,0,0
0,464,292.5,326.6,307.1,1.10,36.4,0,16.92,0,0,0
0,465,291.4,326.6,307.4,1.13,34.5,6,17.40,0,0,0
0,466,290.2,326.5,307.9,1.16,33.1,6,17.91,0,0,0
0,467,289.1,326.3,308.6,1.20,32.0,6,18.44,0,0,0
0,468,287.8,326.2,309.6,1.23,31.3,6,19.01,0,0,0
0,469,286.6,326.0,310.3,1.21,32.0,0,18.60,0,0,0
0,470,285.5,325.8,310.8,1.18,32.5,0,18.14,0,0,0
0,471,284.3,325.6,311.0,1.16,32.8,0,17.65,0,0,0
0,472,283.2,325.5,311.0,1.14,32.8,0,17.14,0,0,0
0,473,282.1,325.3,311.0,1.11,32.8,0,16.82,0,0,0
0,474,281.0,325.2,311.0,1.09,32.8,0,16.33,0,0,0
0,475,279.9,325.0,311.0,1.07,32.8,0,15.86,0,0,0
0,476,278.9,324.9,311.0,1.05,32.8,0,15.55,0,0,0
0,477,277.9,324.7,311.0,1.03,32.8,0,15.11,0,0,0
0,478,276.9,324.6,311.0,1.01,32.8,0,14.67,0,0,0
0,479,275.9,324.4,311.0,0.99,32.8,0,16.61,0,0,0
0,480,275.0,324.3,311.0,0.97,32.8,0,16.12,0,0,0
0,481,274.0,324.2,311.0,0.95,32.8,0,15.65,0,0,0
0,482,273.1,324.0,311.0,0.93,32.8,0,15.19,0,0,0
0,483,272.2,323.9,311.0,0.91,32.8,0,14.75,0,0,0
0,484,271.3,323.7,311.3,0.95,30.8,6,15.49,0,0,0
0,485,270.3,323.5,311.3,0.93,30.8,0,15.04,0,0,0
0,486,269.4,323.3,311.5,0.97,29.0,6,15.78,0,0,0
0,487,268.5,323.1,311.5,0.95,29.0,0,15.32,0,0,0
0,488,267.5,322.9,311.8,1.00,27.3,6,16.05,0,0,0
0,489,266.5,322.6,312.3,1.04,26.1,6,14.66,0,0,0
0,490,265.5,322.3,312.5,1.02,26.3,0,14.29,0,0,0
0,491,264.6,322.0,312.5,1.00,26.3,0,15.91,0,0,0
0,492,263.6,321.7,312.8,1.04,24.9,6,14.55,0,0,0
0,493,262.6,321.3,313.3,1.08,23.9,6,15.26,0,0,0
0,494,261.6,321.0,313.5,1.06,24.1,0,14.87,0,0,0
0,495,260.5,320.6,314.0,1.10,23.1,6,15.42,0,0,0
0,496,259.5,320.2,314.3,1.08,23.4,0,15.03,0,0,0
0,497,258.5,319.8,314.3,1.06,23.4,0,14.76,0,0,0
0,498,257.6,319.5,314.3,1.03,23.4,0,14.34,0,0,0
0,499,256.6,319.1,314.3,1.01,23.4,0,14.09,0,0,0
0,500,255.7,318.7,314.5,1.06,22.2,6,14.60,0,0,0
0,501,254.6,318.3,315.0,1.10,21.3,6,15.31,0,0,0
0,502,253.6,317.8,315.7,1.14,20.8,6,15.91,0,0,0
0,503,252.6,317.3,316.2,1.12,21.3,0,15.56,0,0,0
0,504,251.6,316.9,316.5,1.10,21.5,0,15.34,0,0,0
0,505,250.6,316.4,316.5,1.08,21.5,0,14.90,0,0,0
0,506,249.7,316.0,316.5,1.05,21.5,0,14.63,0,0,0
0,507,248.7,315.5,316.5,1.03,21.5,0,14.51,0,0,0
0,508,247.8,315.0,316.7,1.08,20.4,6,15.05,0,0,0
0,509,246.8,314.5,317.2,1.12,19.7,6,15.78,0,0,0
0,510,245.8,314.0,317.9,1.16,19.3,6,16.41,0,0,0
0,511,244.8,313.4,318.4,1.14,19.8,0,16.05,0,0,0
0,512,243.8,312.9,318.7,1.12,20.0,0,15.81,0,0,0
0,513,242.8,312.4,318.7,1.09,20.0,0,15.35,0,0,0
0,514,241.9,311.9,318.7,1.07,20.0,0,15.22,0,0,0
0,515,240.9,311.3,318.9,1.11,19.0,6,15.76,0,0,0
0,516,239.9,310.7,319.4,1.16,18.4,6,16.51,0,0,0
0,517,238.9,310.1,320.1,1.20,18.1,6,17.14,0,0,0
0,518,237.9,309.4,320.6,1.18,18.6,0,16.77,0,0,0
0,519,236.9,308.8,320.8,1.15,18.8,0,16.69,0,0,0
0,520,235.9,308.2,321.3,1.19,18.2,6,17.27,0,0,0
0,521,235.0,307.5,321.6,1.17,18.5,0,17.19,0,0,0
0,522,234.0,306.9,322.0,1.21,17.9,6,17.78,0,0,0
0,523,232.9,306.1,322.7,1.25,17.7,6,18.42,0,0,0
0,524,231.9,305.4,323.2,1.23,18.1,0,18.00,0,0,0
0,525,230.9,304.7,323.4,1.20,18.4,0,17.72,0,0,0
0,526,229.9,304.0,323.9,1.24,17.9,6,18.29,0,0,0
0,527,228.9,303.3,324.1,1.22,18.1,0,17.80,0,0,0
0,528,227.9,302.5,324.6,1.26,17.6,6,18.78,0,0,0
0,529,226.9,301.7,325.3,1.30,17.4,6,19.42,0,0,0
0,530,225.9,301.0,325.8,1.28,17.8,0,18.97,0,0,0
0,531,224.9,300.2,326.0,1.25,18.1,0,18.87,0,0,0
0,532,224.0,299.4,326.0,1.22,18.1,0,18.29,0,0,0
0,533,223.0,298.6,326.2,1.27,17.3,6,19.22,0,0,0
0,534,222.0,297.8,326.7,1.31,16.9,6,19.79,0,0,0
0,535,220.9,296.9,327.4,1.35,16.8,6,20.44,0,0,0
0,536,219.9,296.0,328.3,1.38,16.9,6,21.17,0,0,0
0,537,218.9,295.1,329.0,1.36,17.6,0,20.75,0,0,0
0,538,217.9,294.2,329.5,1.33,18.0,0,20.73,0,0,0
0,539,216.9,293.4,329.7,1.30,18.2,0,20.15,0,0,0
0,540,216.0,292.5,329.7,1.28,18.2,0,19.94,0,0,0
0,541,215.0,291.7,329.7,1.25,18.2,0,19.31,0,0,0
0,542,214.1,290.8,329.9,1.29,17.5,6,19.82,0,0,0
0,543,213.1,290.0,329.9,1.27,17.5,0,19.62,0,0,0
0,544,212.2,289.1,330.2,1.31,16.8,6,20.13,0,0,0
0,545,211.2,288.1,330.6,1.35,16.4,6,21.17,0,0,0
0,546,210.2,287.2,331.3,1.38,16.3,6,21.87,0,0,0
0,547,209.2,286.1,332.2,1.42,16.5,6,22.63,0,0,0
0,548,208.2,285.1,333.4,1.46,16.9,6,23.50,0,0,0
0,549,207.2,284.0,334.8,1.50,17.6,6,24.49,0,0,0
0,550,206.2,282.9,336.0,1.47,18.7,0,24.20,0,0,0
0,551,205.3,281.8,336.9,1.44,19.6,0,23.78,0,0,0
0,552,204.3,280.8,337.6,1.41,20.3,0,23.25,0,0,0
0,553,203.4,279.8,338.0,1.38,20.7,0,22.65,0,0,0
0,554,202.4,278.8,338.2,1.35,20.9,0,22.16,0,0,0
0,555,201.5,277.8,338.2,1.33,20.9,0,21.96,0,0,0
0,556,200.7,276.9,338.2,1.30,20.9,0,21.23,0,0,0
0,557,199.8,275.9,338.2,1.27,20.9,0,20.85,0,0,0
0,558,198.9,275.0,338.2,1.25,20.9,0,20.29,0,0,0
0,559,198.1,274.1,338.2,1.22,20.9,0,19.63,0,0,0
0,560,197.3,273.2,338.2,1.20,20.9,0,19.40,0,0,0
0,561,196.5,272.3,338.5,1.24,20.0,6,20.06,0,0,0
0,562,195.7,271.3,338.9,1.28,19.5,6,20.77,0,0,0
0,563,194.8,270.3,339.6,1.32,19.2,6,21.47,0,0,0
0,564,194.0,269.3,340.6,1.36,19.2,6,22.25,0,0,0
0,565,193.1,268.2,341.8,1.39,19.4,6,23.12,0,0,0
0,566,192.3,267.0,343.2,1.43,20.0,6,24.10,0,0,0
0,567,191.4,265.9,344.4,1.40,21.1,0,23.77,0,0,0
0,568,190.6,264.8,345.3,1.38,22.1,0,23.32,0,0,0
0,569,189.8,263.7,346.0,1.35,22.7,0,22.78,0,0,0
0,570,189.0,262.6,346.4,1.32,23.2,0,22.19,0,0,0
0,571,188.2,261.6,346.7,1.29,23.4,0,21.85,0,0,0
0,572,187.5,260.6,346.7,1.27,23.4,0,21.51,0,0,0
0,573,186.7,259.5,346.9,1.31,22.5,6,22.18,0,0,0
0,574,185.9,258.4,347.4,1.34,21.8,6,22.75,0,0,0
0,575,185.2,257.3,348.1,1.38,21.4,6,23.39,0,0,0
0,576,184.4,256.1,349.0,1.42,21.3,6,24.11,0,0,0
0,577,183.7,254.8,350.2,1.45,21.5,6,24.94,0,0,0
0,578,182.9,253.6,351.1,1.42,22.4,0,24.46,0,0,0
0,579,182.2,252.4,351.7,1.40,23.1,0,24.05,0,0,0
0,580,181.5,251.3,352.2,1.37,23.6,0,23.63,0,0,0
0,581,180.8,250.0,352.9,1.40,23.1,6,24.40,0,0,0
0,582,180.1,248.8,353.8,1.44,23.0,6,25.20,0,0,0
0,583,179.4,247.5,354.9,1.47,23.1,6,26.04,0,0,0
0,584,178.7,246.1,356.4,1.51,23.5,6,26.92,0,0,0
0,585,178.0,244.8,357.5,1.48,24.6,0,26.53,0,0,0
0,586,177.4,243.5,358.4,1.45,25.5,0,26.08,0,0,0
0,587,176.7,242.3,359.1,1.42,26.2,0,25.59,0,0,0
0,588,176.1,241.0,359.5,1.39,26.7,0,25.07,0,0,0
0,589,175.5,239.8,360.2,1.42,26.1,6,25.80,0,0,0
0,590,174.9,238.4,361.1,1.46,25.8,6,26.57,0,0,0
0,591,174.3,237.1,362.3,1.49,25.8,6,27.38,0,0,0
0,592,173.7,235.7,363.7,1.52,26.1,6,28.26,0,0,0
0,593,173.1,234.2,365.4,1.55,26.7,6,29.21,0,0,0
0,594,172.6,232.8,366.8,1.52,28.1,0,28.81,0,0,0
0,595,172.0,231.4,367.9,1.49,29.3,0,28.33,0,0,0
0,596,171.5,230.0,368.8,1.46,30.2,0,27.78,0,0,0
0,597,171.0,228.7,369.5,1.43,30.8,0,27.18,0,0,0
0,598,170.5,227.4,369.9,1.40,31.3,0,26.54,0,0,0
0,599,170.0,226.1,370.2,1.38,31.5,0,25.87,0,0,0
0,600,169.5,224.8,370.6,1.41,30.5,6,26.49,0,0,0
0,601,169.0,223.4,371.3,1.44,29.8,6,27.16,0,0,0
0,602,168.6,222.0,372.2,1.47,29.3,6,27.87,0,0,0
0,603,168.2,220.6,373.4,1.50,29.2,6,28.64,0,0,0
0,604,167.8,219.1,374.8,1.53,29.4,6,29.49,0,0,0
0,605,167.4,217.6,376.5,1.56,29.8,6,30.41,0,0,0
0,606,167.1,216.1,377.9,1.53,31.2,0,29.94,0,0,0
0,607,166.7,214.6,379.0,1.50,32.4,0,29.38,0,0,0
0,608,166.4,213.2,379.9,1.47,33.3,0,28.75,0,0,0
0,609,166.1,211.8,380.6,1.44,33.9,0,28.07,0,0,0
0,610,165.7,210.4,381.0,1.41,34.4,0,27.35,0,0,0
0,611,165.4,209.1,381.2,1.38,34.6,0,26.60,0,0,0
0,612,165.1,207.7,381.7,1.41,33.5,6,27.16,0,0,0
0,613,164.9,206.3,382.3,1.44,32.6,6,27.76,0,0,0
0,614,164.6,204.8,383.3,1.47,32.1,6,28.42,0,0,0
0,615,164.4,203.3,384.4,1.50,31.9,6,29.14,0,0,0
0,616,164.3,201.8,385.8,1.53,31.9,6,779.94,1,0,0
1,1,170.0,188.3,0.0,0.00,0.0,0,50.00,0,0,0
1,2,170.0,188.2,0.0,0.07,0.0,6,0.62,0,0,0
1,3,170.0,188.1,0.0,0.14,0.0,6,1.33,0,0,0
1,4,170.0,187.9,0.0,0.20,0.0,6,2.02,0,0,0
1,5,170.0,187.6,0.0,0.27,0.0,6,2.70,0,0,0
1,6,170.0,187.3,0.0,0.33,0.0,6,3.36,0,0,0
1,7,170.0,186.9,0.0,0.39,0.0,6,4.01,0,0,0
1,8,170.0,186.5,0.0,0.45,0.0,6,4.65,0,0,0
1,9,170.0,185.9,0.0,0.51,0.0,6,5.27,0,0,0
1,10,170.0,185.4,2.4,0.57,2.4,6,5.88,0,0,0
1,11,170.0,184.7,4.7,0.63,4.5,6,6.47,0,0,0
1,12,170.0,184.1,7.0,0.68,6.3,6,7.03,0,0,0
1,13,170.0,183.3,9.3,0.74,8.0,6,7.58,0,0,0
1,14,170.1,182.5,11.5,0.79,9.5,6,8.41,0,0,0
1,15,170.1,181.7,13.6,0.84,10.9,6,9.00,0,0,0
1,16,170.2,180.8,15.7,0.89,12.2,6,9.59,0,0,0
1,17,170.2,179.9,17.8,0.94,13.4,6,10.16,0,0,0
1,18,170.3,178.9,19.9,0.99,14.5,6,10.73,0,0,0
1,19,170.4,177.8,21.9,1.04,15.6,6,10.73,0,0,0
1,20,170.6,176.8,23.9,1.08,16.6,6,11.48,0,0,0
1,21,170.7,175.7,25.8,1.13,17.5,6,11.96,0,0,0
1,22,170.9,174.5,27.7,1.17,18.4,6,12.78,0,0,0
1,23,171.1,173.3,29.6,1.21,19.3,6,13.42,0,0,0
1,24,171.4,172.1,31.5,1.25,20.1,6,14.29,0,0,0
1,25,171.7,170.8,33.4,1.29,20.9,6,16.34,0,0,0
1,26,172.0,169.5,35.2,1.33,21.7,6,16.95,0,0,0
1,27,172.3,168.2,37.0,1.37,22.5,6,17.56,0,0,0
1,28,172.7,166.8,38.8,1.40,23.2,6,18.16,0,0,0
1,29,173.1,165.5,40.5,1.44,23.9,6,18.45,0,0,0
1,30,173.6,164.1,42.3,1.47,24.5,6,19.32,0,0,0
1,31,174.0,162.6,44.0,1.51,25.2,6,22.47,0,0,0
1,32,174.5,161.2,45.4,1.48,26.6,0,22.48,0,0,0
1,33,175.0,159.9,46.6,1.45,27.8,0,22.08,0,0,0
1,34,175.4,158.5,47.5,1.42,28.7,0,21.61,0,0,0
1,35,175.9,157.2,48.2,1.39,29.3,0,21.36,0,0,0
1,36,176.3,155.9,48.6,1.36,29.8,0,20.80,0,0,0
1,37,176.8,154.7,48.8,1.34,30.0,0,23.12,0,0,0
1,38,177.2,153.4,48.8,1.31,30.0,0,22.63,0,0,0
1,39,177.6,152.2,48.8,1.28,30.0,0,21.92,0,0,0
1,40,178.0,151.0,48.8,1.26,30.0,0,21.45,0,0,0
1,41,178.4,149.8,48.8,1.23,30.0,0,20.98,0,0,0
1,42,178.8,148.7,48.8,1.21,30.0,0,20.53,0,0,0
1,43,179.2,147.5,49.1,1.24,28.7,6,21.05,0,0,0
1,44,179.7,146.4,49.5,1.28,27.7,6,21.61,0,0,0
1,45,180.2,145.1,50.2,1.31,27.0,6,22.45,0,0,0
1,46,180.8,143.9,51.2,1.35,26.6,6,23.13,0,0,0
1,47,181.4,142.7,52.4,1.38,26.5,6,23.89,0,0,0
1,48,182.0,141.5,53.3,1.36,27.4,0,23.41,0,0,0
1,49,182.6,140.3,54.0,1.33,28.1,0,23.33,0,0,0
1,50,183.1,139.1,54.5,1.30,28.6,0,22.70,0,0,0
1,51,183.7,137.9,54.7,1.28,28.8,0,22.25,0,0,0
1,52,184.2,136.8,54.7,1.25,28.8,0,21.54,0,0,0
1,53,184.8,135.7,54.7,1.23,28.8,0,21.26,0,0,0
1,54,185.3,134.6,54.9,1.26,27.5,6,22.22,0,0,0
1,55,186.0,133.5,55.4,1.30,26.6,6,22.82,0,0,0
1,56,186.6,132.3,56.1,1.33,26.0,6,23.47,0,0,0
1,57,187.4,131.1,57.0,1.37,25.7,6,24.19,0,0,0
1,58,188.1,129.9,58.2,1.40,25.6,6,24.98,0,0,0
1,59,188.9,128.7,59.7,1.44,25.9,6,25.88,0,0,0
1,60,189.7,127.6,60.8,1.41,27.1,0,25.43,0,0,0
1,61,190.5,126.4,61.7,1.38,28.0,0,25.13,0,0,0
1,62,191.2,125.3,62.4,1.35,28.7,0,25.00,0,0,0
1,63,192.0,124.2,63.4,1.39,28.3,6,25.71,0,0,0
1,64,192.8,123.1,64.0,1.36,28.9,0,25.06,0,0,0
1,65,193.6,122.0,64.5,1.33,29.4,0,24.35,0,0,0
1,66,194.4,120.9,65.2,1.37,28.7,6,25.57,0,0,0
1,67,195.2,119.8,66.1,1.40,28.2,6,26.43,0,0,0
1,68,196.1,118.7,67.3,1.43,28.1,6,27.23,0,0,0
1,69,197.1,117.5,68.7,1.46,28.3,6,28.12,0,0,0
1,70,198.1,116.4,70.5,1.50,28.8,6,78.81,0,0,0
1,71,199.1,115.3,72.2,1.53,29.3,6,29.59,0,0,0
1,72,200.2,114.2,73.9,1.56,29.7,6,30.44,0,0,0
1,73,201.3,113.1,75.6,1.58,30.2,6,31.33,0,0,0
1,74,202.5,112.0,77.3,1.61,30.7,6,32.24,0,0,0
1,75,203.7,110.9,78.9,1.64,31.1,6,33.18,0,0,0
1,76,205.0,109.8,80.6,1.67,31.5,6,34.13,0,0,0
1,77,206.3,108.7,82.2,1.69,32.0,6,35.08,0,0,0
1,78,207.6,107.6,83.9,1.72,32.4,6,36.04,0,0,0
1,79,209.0,106.6,85.5,1.74,32.8,6,36.99,0,0,0
1,80,210.4,105.5,87.1,1.76,33.2,6,37.94,0,0,0
1,81,211.9,104.5,88.7,1.79,33.6,6,38.89,0,0,0
1,82,213.4,103.5,90.3,1.81,34.0,6,39.83,0,0,0
1,83,214.9,102.5,91.9,1.83,34.4,6,40.57,0,0,0
1,84,216.5,101.6,93.4,1.85,34.7,6,41.26,0,0,0
1,85,218.1,100.6,95.0,1.87,35.1,6,41.91,0,0,0
1,86,219.8,99.7,96.6,1.89,35.4,6,42.67,0,0,0
1,87,221.5,98.8,98.1,1.91,35.8,6,43.56,0,0,0
1,88,223.2,98.0,99.6,1.92,36.1,6,44.43,0,0,0
1,89,225.0,97.1,101.2,1.94,36.5,6,45.29,0,0,0
1,90,226.7,96.3,102.4,1.90,37.7,0,44.57,0,0,0
1,91,228.4,95.5,103.5,1.87,38.8,0,43.60,0,0,0
1,92,230.0,94.8,104.3,1.83,39.6,0,42.17,0,0,0
1,93,231.6,94.0,104.9,1.79,40.2,0,41.19,0,0,0
1,94,233.2,93.2,105.3,1.76,40.6,0,40.17,0,0,0
1,95,234.8,92.5,105.5,1.72,40.8,0,39.11,0,0,0
1,96,236.3,91.8,105.5,1.69,40.8,0,37.49,0,0,0
1,97,237.8,91.1,105.5,1.65,40.8,0,36.45,0,0,0
1,98,239.3,90.4,105.5,1.62,40.8,0,35.43,0,0,0
1,99,240.7,89.7,105.5,1.59,40.8,0,34.32,0,0,0
1,100,242.1,89.0,105.5,1.56,40.8,0,33.02,0,0,0
1,101,243.5,88.4,105.5,1.52,40.8,0,32.10,0,0,0
1,102,244.8,87.8,105.5,1.49,40.8,0,31.19,0,0,0
1,103,246.2,87.1,105.7,1.52,39.3,6,31.57,0,0,0
1,104,247.6,86.6,106.1,1.54,38.1,6,31.71,0,0,0
1,105,249.1,86.0,106.8,1.56,37.2,6,32.23,0,0,0
1,106,250.6,85.5,107.6,1.59,36.6,6,32.82,0,0,0
1,107,252.1,85.0,108.8,1.61,36.3,6,33.47,0,0,0
1,108,253.6,84.5,109.6,1.58,37.1,0,32.73,0,0,0
1,109,255.2,84.1,110.8,1.60,36.8,6,33.37,0,0,0
1,110,256.8,83.7,112.1,1.63,36.7,6,34.08,0,0,0
1,111,258.4,83.3,113.8,1.65,36.9,6,34.78,0,0,0
1,112,259.9,83.0,115.1,1.62,38.3,0,33.94,0,0,0
1,113,261.5,82.6,116.3,1.58,39.4,0,33.09,0,0,0
1,114,263.0,82.2,117.1,1.55,40.3,0,32.31,0,0,0
1,115,264.5,81.9,117.8,1.52,40.9,0,31.48,0,0,0
1,116,265.9,81.6,118.2,1.49,41.3,0,30.62,0,0,0
1,117,267.3,81.2,118.4,1.46,41.6,0,29.73,0,0,0
1,118,268.7,80.9,118.4,1.43,41.6,0,28.55,0,0,0
1,119,270.1,80.6,118.4,1.40,41.6,0,27.65,0,0,0
1,120,271.4,80.3,118.4,1.37,41.6,0,26.82,0,0,0
1,121,272.8,80.0,118.4,1.35,41.6,0,25.90,0,0,0
1,122,274.0,79.7,118.4,1.32,41.6,0,24.95,0,0,0
1,123,275.4,79.4,118.7,1.35,39.9,6,25.40,0,0,0
1,124,276.7,79.2,119.1,1.37,38.5,6,25.89,0,0,0
1,125,278.1,79.0,119.8,1.40,37.4,6,26.37,0,0,0
1,126,279.5,78.8,120.7,1.43,36.7,6,26.71,0,0,0
1,127,281.0,78.7,121.9,1.45,36.2,6,27.30,0,0,0
1,128,282.5,78.7,123.3,1.48,36.1,6,27.99,0,0,0
1,129,283.9,78.6,124.5,1.45,37.2,0,27.43,0,0,0
1,130,285.3,78.5,125.4,1.42,38.1,0,26.80,0,0,0
1,131,286.7,78.5,126.0,1.39,38.8,0,26.12,0,0,0
1,132,288.1,78.4,126.5,1.37,39.3,0,25.14,0,0,0
1,133,289.4,78.3,126.7,1.34,39.5,0,24.41,0,0,0
1,134,290.7,78.3,126.7,1.31,39.5,0,23.66,0,0,0
1,135,292.0,78.2,126.7,1.29,39.5,0,22.94,0,0,0
1,136,293.3,78.1,126.7,1.26,39.5,0,22.24,0,0,0
1,137,294.5,78.1,126.7,1.23,39.5,0,21.43,0,0,0
1,138,295.7,78.0,126.7,1.21,39.5,0,20.70,0,0,0
1,139,296.9,78.0,126.7,1.19,39.5,0,20.08,0,0,0
1,140,298.1,77.9,126.7,1.16,39.5,0,19.48,0,0,0
1,141,299.2,77.9,126.7,1.14,39.5,0,18.80,0,0,0
1,142,300.3,77.8,126.7,1.12,39.5,0,18.15,0,0,0
1,143,301.4,77.7,126.7,1.09,39.5,0,17.61,0,0,0
1,144,302.5,77.7,126.7,1.07,39.5,0,17.09,0,0,0
1,145,303.5,77.6,126.7,1.05,39.5,0,16.58,0,0,0
1,146,304.5,77.6,126.7,1.03,39.5,0,16.10,0,0,0
1,147,305.6,77.5,126.7,1.01,39.5,0,15.61,0,0,0
1,148,306.5,77.5,126.7,0.99,39.5,0,17.34,0,0,0
1,149,307.5,77.5,126.7,0.97,39.5,0,16.81,0,0,0
1,150,308.5,77.4,126.7,0.95,39.5,0,16.29,0,0,0
1,151,309.4,77.4,126.7,0.93,39.5,0,15.80,0,0,0
1,152,310.3,77.4,127.0,0.97,37.1,6,16.52,0,0,0
1,153,311.3,77.4,127.5,1.00,35.3,6,14.90,0,0,0
1,154,312.4,77.5,128.2,1.04,33.9,6,15.49,0,0,0
1,155,313.5,77.6,129.3,1.08,32.9,6,16.10,0,0,0
1,156,314.5,77.7,130.0,1.05,33.6,0,15.74,0,0,0
1,157,315.5,77.8,130.5,1.03,34.1,0,15.34,0,0,0
1,158,316.5,77.9,130.8,1.01,34.4,0,14.88,0,0,0
1,159,317.5,78.1,130.8,0.99,34.4,0,16.91,0,0,0
1,160,318.5,78.2,130.8,0.97,34.4,0,16.41,0,0,0
1,161,319.5,78.3,131.0,1.01,32.4,6,14.47,0,0,0
1,162,320.5,78.5,131.0,0.99,32.4,0,16.63,0,0,0
1,163,321.5,78.7,131.3,1.03,30.6,6,14.56,0,0,0
1,164,322.5,78.9,131.8,1.07,29.2,6,15.07,0,0,0
1,165,323.6,79.2,132.5,1.11,28.3,6,15.61,0,0,0
1,166,324.6,79.4,133.0,1.08,28.7,0,15.25,0,0,0
1,167,325.7,79.7,133.8,1.12,27.8,6,15.78,0,0,0
1,168,326.8,80.0,134.2,1.10,28.3,0,15.42,0,0,0
1,169,327.8,80.3,134.5,1.08,28.5,0,15.03,0,0,0
1,170,328.8,80.6,134.5,1.06,28.5,0,14.60,0,0,0
1,171,329.8,80.9,134.5,1.04,28.5,0,14.19,0,0,0
1,172,330.9,81.2,134.7,1.08,27.0,6,14.63,0,0,0
1,173,331.9,81.6,134.7,1.05,27.0,0,14.22,0,0,0
1,174,332.8,81.9,134.7,1.03,27.0,0,13.83,0,0,0
1,175,333.8,82.2,134.7,1.01,27.0,0,13.44,0,0,0
1,176,334.8,82.5,134.7,0.99,27.0,0,15.96,0,0,0
1,177,335.7,82.8,134.7,0.97,27.0,0,15.50,0,0,0
1,178,336.6,83.1,134.7,0.95,27.0,0,15.07,0,0,0
1,179,337.5,83.4,134.7,0.93,27.0,0,14.64,0,0,0
1,180,338.4,83.6,134.7,0.92,27.0,0,14.23,0,0,0
1,181,339.2,83.9,134.7,0.90,27.0,0,13.83,0,0,0
1,182,340.0,84.2,134.7,0.88,27.0,0,13.44,0,0,0
1,183,340.9,84.4,134.7,0.86,27.0,0,13.07,0,0,0
1,184,341.7,84.7,134.7,0.84,27.0,0,12.71,0,0,0
1,185,342.5,84.9,134.7,0.83,27.0,0,12.36,0,0,0
1,186,343.2,85.2,134.7,0.81,27.0,0,12.02,0,0,0
1,187,344.0,85.4,134.7,0.79,27.0,0,11.69,0,0,0
1,188,344.7,85.7,134.7,0.78,27.0,0,11.37,0,0,0
1,189,345.5,85.9,134.7,0.76,27.0,0,11.06,0,0,0
1,190,346.2,86.1,134.7,0.75,27.0,0,10.75,0,0,0
1,191,346.9,86.3,134.7,0.73,27.0,0,10.46,0,0,0
1,192,347.6,86.6,134.7,0.72,27.0,0,10.18,0,0,0
1,193,348.2,86.8,134.7,0.70,27.0,0,9.90,0,0,0
1,194,348.9,87.0,134.7,0.69,27.0,0,9.64,0,0,0
1,195,349.5,87.2,134.7,0.68,27.0,0,9.38,0,0,0
1,196,350.2,87.4,134.7,0.66,27.0,0,9.13,0,0,0
1,197,350.8,87.6,134.7,0.65,27.0,0,8.89,0,0,0
1,198,351.4,87.8,134.7,0.64,27.0,0,8.65,0,0,0
1,199,352.0,88.0,134.7,0.62,27.0,0,8.42,0,0,0
1,200,352.6,88.2,134.7,0.61,27.0,0,8.20,0,0,0
1,201,353.2,88.4,135.0,0.66,24.6,6,8.97,0,0,0
1,202,353.8,88.7,135.6,0.71,22.9,6,9.75,0,0,0
1,203,354.5,88.9,135.9,0.70,23.2,0,9.51,0,0,0
1,204,355.1,89.2,135.9,0.68,23.2,0,9.26,0,0,0
1,205,355.7,89.5,135.9,0.67,23.2,0,9.02,0,0,0
1,206,356.3,89.7,135.9,0.66,23.2,0,8.79,0,0,0
1,207,356.9,90.0,135.9,0.64,23.2,0,8.56,0,0,0
1,208,357.5,90.2,135.9,0.63,23.2,0,8.34,0,0,0
1,209,358.1,90.5,136.2,0.68,21.2,6,9.10,0,0,0
1,210,358.8,90.8,136.7,0.73,19.8,6,9.86,0,0,0
1,211,359.5,91.2,137.6,0.78,18.9,6,10.66,0,0,0
1,212,360.2,91.6,138.7,0.83,18.5,6,11.49,0,0,0
1,213,360.9,92.0,139.5,0.81,19.3,0,11.29,0,0,0
1,214,361.6,92.4,140.0,0.80,19.9,0,11.06,0,0,0
1,215,362.2,92.8,140.3,0.78,20.1,0,10.80,0,0,0
1,216,362.9,93.2,140.3,0.77,20.1,0,10.52,0,0,0
1,217,363.6,93.6,140.3,0.75,20.1,0,10.24,0,0,0
1,218,364.2,94.0,140.3,0.74,20.1,0,9.98,0,0,0
1,219,364.8,94.3,140.3,0.72,20.1,0,9.72,0,0,0
1,220,365.4,94.7,140.3,0.71,20.1,0,9.47,0,0,0
1,221,366.1,95.1,140.6,0.76,18.6,6,10.21,0,0,0
1,222,366.7,95.5,140.6,0.74,18.6,0,9.95,0,0,0
1,223,367.4,95.9,140.9,0.79,17.3,6,10.68,0,0,0
1,224,368.1,96.4,141.4,0.84,16.5,6,11.43,0,0,0
1,225,368.8,96.9,142.2,0.89,16.0,6,12.22,0,0,0
1,226,369.5,97.5,143.3,0.94,16.0,6,13.06,0,0,0
1,227,370.3,98.0,144.1,0.92,16.8,0,12.86,0,0,0
1,228,371.0,98.6,144.6,0.90,17.3,0,12.61,0,0,0
1,229,371.7,99.2,145.4,0.95,16.8,6,13.40,0,0,0
1,230,372.4,99.8,145.9,0.93,17.3,0,13.14,0,0,0
1,231,373.2,100.4,146.7,0.98,16.9,6,13.94,0,0,0
1,232,374.0,101.1,147.7,1.03,16.9,6,11.64,0,0,0
1,233,374.8,101.8,149.1,1.07,17.1,6,12.23,0,0,0
1,234,375.5,102.5,150.1,1.05,18.1,0,12.12,0,0,0
1,235,376.3,103.2,150.8,1.03,18.9,0,12.09,0,0,0
1,236,377.1,103.8,151.3,1.01,19.4,0,11.86,0,0,0
1,237,377.8,104.5,151.6,0.99,19.7,0,14.61,0,0,0
1,238,378.5,105.1,151.6,0.97,19.7,0,14.22,0,0,0
1,239,379.2,105.8,151.6,0.95,19.7,0,13.84,0,0,0
1,240,379.9,106.4,151.6,0.93,19.7,0,13.47,0,0,0
1,241,380.6,107.0,151.6,0.91,19.7,0,13.11,0,0,0
1,242,381.3,107.6,151.6,0.89,19.7,0,12.77,0,0,0
1,243,381.9,108.2,151.6,0.87,19.7,0,12.43,0,0,0
1,244,382.5,108.8,151.6,0.86,19.7,0,12.11,0,0,0
1,245,383.2,109.3,151.6,0.84,19.7,0,11.79,0,0,0
1,246,383.8,109.9,151.9,0.89,18.4,6,12.51,0,0,0
1,247,384.4,110.5,151.9,0.87,18.4,0,12.18,0,0,0
1,248,385.1,111.1,151.9,0.85,18.4,0,11.87,0,0,0
1,249,385.7,111.7,152.1,0.90,17.3,6,12.58,0,0,0
1,250,386.4,112.4,152.6,0.95,16.6,6,13.33,0,0,0
1,251,387.0,113.1,152.9,0.93,16.9,0,13.03,0,0,0
1,252,387.7,113.8,153.4,0.98,16.2,6,13.77,0,0,0
1,253,388.4,114.6,154.2,1.02,15.9,6,11.87,0,0,0
1,254,389.0,115.3,154.7,1.00,16.4,0,11.66,0,0,0
1,255,389.7,116.1,154.9,0.98,16.7,0,13.97,0,0,0
1,256,390.3,116.8,154.9,0.96,16.7,0,13.60,0,0,0
1,257,391.0,117.5,155.2,1.01,15.8,6,11.88,0,0,0
1,258,391.6,118.3,155.2,0.99,15.8,0,13.92,0,0,0
1,259,392.2,119.0,155.2,0.97,15.8,0,13.56,0,0,0
1,260,392.9,119.8,155.4,1.02,15.0,6,12.21,0,0,0
1,261,393.6,120.7,155.9,1.06,14.5,6,12.83,0,0,0
1,262,394.2,121.5,156.7,1.11,14.4,6,13.37,0,0,0
1,263,394.9,122.5,157.7,1.15,14.6,6,13.97,0,0,0
1,264,395.6,123.4,158.4,1.13,15.3,0,13.77,0,0,0
1,265,396.3,124.2,158.9,1.11,15.8,0,13.50,0,0,0
1,266,396.9,125.1,159.2,1.08,16.0,0,13.46,0,0,0
1,267,397.6,126.0,159.2,1.06,16.0,0,13.44,0,0,0
1,268,398.2,126.9,159.4,1.11,15.3,6,14.19,0,0,0
1,269,398.9,127.8,159.9,1.15,14.9,6,14.95,0,0,0
1,270,399.5,128.8,160.6,1.20,14.8,6,15.70,0,0,0
1,271,400.2,129.8,161.6,1.24,14.9,6,16.45,0,0,0
1,272,400.9,130.8,162.3,1.21,15.6,0,16.34,0,0,0
1,273,401.5,131.8,162.8,1.19,16.1,0,16.21,0,0,0
1,274,402.2,132.9,163.5,1.23,16.0,6,16.95,0,0,0
1,275,402.8,133.9,164.0,1.21,16.4,0,16.79,0,0,0
1,276,403.5,134.9,164.2,1.18,16.7,0,17.36,0,0,0
1,277,404.1,135.9,164.7,1.22,16.2,6,18.12,0,0,0
1,278,404.8,137.0,165.4,1.27,16.1,6,18.88,0,0,0
1,279,405.4,138.2,166.4,1.31,16.2,6,19.65,0,0,0
1,280,406.1,139.3,167.6,1.35,16.6,6,20.43,0,0,0
1,281,406.7,140.5,168.5,1.32,17.5,0,20.16,0,0,0
1,282,407.3,141.6,169.2,1.29,18.2,0,19.87,0,0,0
1,283,408.0,142.7,169.7,1.27,18.7,0,19.55,0,0,0
1,284,408.6,143.8,169.9,1.24,18.9,0,19.77,0,0,0
1,285,409.2,144.9,170.4,1.28,18.4,6,20.49,0,0,0
1,286,409.8,146.1,171.1,1.32,18.1,6,21.29,0,0,0
1,287,410.4,147.3,172.0,1.36,18.2,6,22.14,0,0,0
1,288,411.0,148.6,173.2,1.40,18.5,6,22.96,0,0,0
1,289,411.5,149.8,174.1,1.37,19.4,0,22.60,0,0,0
1,290,412.1,151.1,174.8,1.34,20.1,0,22.20,0,0,0
1,291,412.7,152.3,175.3,1.32,20.6,0,22.02,0,0,0
1,292,413.2,153.4,175.5,1.29,20.8,0,21.48,0,0,0
1,293,413.8,154.6,175.9,1.33,20.2,6,22.19,0,0,0
1,294,414.3,155.9,176.6,1.37,19.9,6,22.98,0,0,0
1,295,414.9,157.2,177.6,1.40,19.9,6,23.87,0,0,0
1,296,415.4,158.5,178.7,1.44,20.1,6,24.87,0,0,0
1,297,415.9,159.9,180.2,1.48,20.6,6,25.92,0,0,0
1,298,416.4,161.3,181.9,1.51,21.5,6,26.89,0,0,0
1,299,416.9,162.8,183.6,1.55,22.2,6,27.87,0,0,0
1,300,417.4,164.2,185.0,1.51,23.6,0,27.52,0,0,0
1,301,417.8,165.6,186.2,1.48,24.8,0,27.09,0,0,0
1,302,418.3,167.0,187.1,1.45,25.7,0,76.59,0,0,0
1,303,418.8,168.4,188.2,1.49,25.7,6,27.40,0,0,0
1,304,419.2,169.8,189.1,1.46,26.6,0,26.89,0,0,0
1,305,419.6,171.2,189.8,1.43,27.3,0,26.33,0,0,0
1,306,420.0,172.5,190.2,1.40,27.7,0,25.72,0,0,0
1,307,420.5,173.8,190.4,1.37,27.9,0,25.46,0,0,0
1,308,420.9,175.2,190.9,1.41,27.1,6,26.12,0,0,0
1,309,421.2,176.6,191.6,1.44,26.5,6,26.82,0,0,0
1,310,421.6,178.0,192.5,1.47,26.2,6,27.57,0,0,0
1,311,421.9,179.5,193.6,1.50,26.2,6,28.38,0,0,0
1,312,422.2,180.9,194.5,1.47,27.1,0,27.82,0,0,0
1,313,422.5,182.3,195.2,1.44,27.8,0,27.20,0,0,0
1,314,422.8,183.7,195.6,1.42,28.2,0,26.54,0,0,0
1,315,423.1,185.1,195.9,1.39,28.4,0,26.21,0,0,0
1,316,423.4,186.4,195.9,1.36,28.4,0,25.47,0,0,0
1,317,423.7,187.8,196.1,1.39,27.3,6,26.07,0,0,0
1,318,424.0,189.2,196.5,1.43,26.5,6,26.71,0,0,0
1,319,424.2,190.6,197.2,1.46,26.0,6,27.40,0,0,0
1,320,424.4,192.1,198.1,1.49,25.7,6,28.14,0,0,0
1,321,424.6,193.6,199.2,1.53,25.7,6,28.96,0,0,0
1,322,424.7,195.2,200.7,1.56,26.1,6,29.85,0,0,0
1,323,424.8,196.7,201.8,1.53,27.2,0,29.33,0,0,0
1,324,425.0,198.2,202.7,1.49,28.1,0,29.10,0,0,0
1,325,425.1,199.6,203.3,1.47,28.7,0,28.06,0,0,0
1,326,425.3,201.0,203.8,1.44,29.2,0,27.69,0,0,0
1,327,425.4,202.4,204.0,1.41,29.4,0,26.92,0,0,0
1,328,425.5,203.8,204.0,1.38,29.4,0,26.13,0,0,0
1,329,425.6,205.2,204.0,1.35,29.4,0,25.36,0,0,0
1,330,425.8,206.5,204.0,1.32,29.4,0,24.90,0,0,0
1,331,425.9,207.8,204.2,1.36,28.2,6,25.49,0,0,0
1,332,425.9,209.2,204.7,1.39,27.3,6,26.13,0,0,0
1,333,426.0,210.7,205.3,1.43,26.7,6,26.81,0,0,0
1,334,426.0,212.1,206.3,1.46,26.4,6,27.55,0,0,0
1,335,425.9,213.6,207.4,1.49,26.4,6,28.37,0,0,0
1,336,425.9,215.1,208.8,1.52,26.7,6,29.26,0,0,0
1,337,425.8,216.7,210.5,1.55,27.3,6,30.25,0,0,0
1,338,425.7,218.2,211.9,1.52,28.6,0,29.79,0,0,0
1,339,425.6,219.7,213.1,1.49,29.8,0,29.22,0,0,0
1,340,425.5,221.1,214.0,1.46,30.7,0,28.57,0,0,0
1,341,425.5,222.6,214.6,1.43,31.3,0,27.86,0,0,0
1,342,425.4,224.0,215.1,1.40,31.8,0,27.40,0,0,0
1,343,425.3,225.4,215.3,1.38,32.0,0,26.60,0,0,0
1,344,425.2,226.7,215.3,1.35,32.0,0,25.78,0,0,0
1,345,425.1,228.0,215.3,1.32,32.0,0,24.98,0,0,0
1,346,425.0,229.4,215.5,1.35,30.7,6,25.52,0,0,0
1,347,424.9,230.7,216.0,1.39,29.7,6,26.38,0,0,0
1,348,424.7,232.2,216.7,1.42,29.0,6,27.02,0,0,0
1,349,424.5,233.6,217.6,1.45,28.6,6,27.72,0,0,0
1,350,424.2,235.0,218.7,1.48,28.5,6,28.50,0,0,0
1,351,423.9,236.5,220.2,1.51,28.7,6,29.36,0,0,0
1,352,423.6,238.0,221.9,1.54,29.2,6,30.33,0,0,0
1,353,423.2,239.5,223.3,1.51,30.6,0,29.83,0,0,0
1,354,422.9,241.0,224.4,1.48,31.7,0,29.23,0,0,0
1,355,422.6,242.4,225.3,1.45,32.6,0,28.56,0,0,0
1,356,422.3,243.8,226.0,1.42,33.3,0,27.82,0,0,0
1,357,422.0,245.1,226.4,1.40,33.7,0,27.30,0,0,0
1,358,421.7,246.5,226.6,1.37,33.9,0,26.47,0,0,0
1,359,421.4,247.8,226.6,1.34,33.9,0,25.62,0,0,0
1,360,421.1,249.0,226.6,1.31,33.9,0,24.80,0,0,0
1,361,420.7,250.4,226.9,1.34,32.5,6,25.54,0,0,0
1,362,420.4,251.7,227.3,1.38,31.5,6,26.09,0,0,0
1,363,420.0,253.0,228.0,1.41,30.7,6,26.69,0,0,0
1,364,419.5,254.4,228.9,1.44,30.2,6,27.35,0,0,0
1,365,419.0,255.8,230.1,1.47,30.0,6,28.09,0,0,0
1,366,418.4,257.2,231.5,1.50,30.1,6,28.92,0,0,0
1,367,417.9,258.6,233.2,1.53,30.6,6,29.84,0,0,0
1,368,417.3,260.0,234.6,1.50,32.0,0,29.34,0,0,0
1,369,416.7,261.3,235.8,1.47,33.1,0,28.73,0,0,0
1,370,416.2,262.6,236.7,1.44,34.0,0,28.05,0,0,0
1,371,415.6,263.9,237.4,1.41,34.7,0,27.57,0,0,0
1,372,415.1,265.2,237.8,1.38,35.1,0,26.76,0,0,0
1,373,414.6,266.5,238.0,1.36,35.4,0,26.17,0,0,0
1,374,414.0,267.7,238.0,1.33,35.4,0,25.30,0,0,0
1,375,413.5,268.9,238.3,1.36,33.9,6,25.74,0,0,0
1,376,412.9,270.2,238.7,1.39,32.8,6,26.23,0,0,0
1,377,412.2,271.4,239.4,1.42,32.0,6,26.78,0,0,0
1,378,411.5,272.7,240.3,1.45,31.4,6,27.67,0,0,0
1,379,410.8,274.0,241.5,1.48,31.2,6,78.36,0,0,0
1,380,410.0,275.3,242.9,1.51,31.3,6,29.15,0,0,0
1,381,409.2,276.6,244.6,1.54,31.7,6,30.05,0,0,0
1,382,408.3,277.9,246.3,1.57,32.1,6,30.93,0,0,0
1,383,407.3,279.1,248.0,1.59,32.4,6,31.80,0,0,0
1,384,406.4,280.4,249.7,1.62,32.8,6,32.65,0,0,0
1,385,405.4,281.7,251.3,1.64,33.2,6,33.48,0,0,0
1,386,404.3,283.0,253.0,1.67,33.5,6,34.29,0,0,0
1,387,403.2,284.3,254.6,1.69,33.9,6,35.15,0,0,0
1,388,402.0,285.6,256.2,1.72,34.3,6,36.20,0,0,0
1,389,400.9,286.9,257.9,1.74,34.6,6,37.01,0,0,0
1,390,399.6,288.1,259.5,1.76,34.9,6,37.74,0,0,0
1,391,398.3,289.4,261.1,1.78,35.3,6,38.45,0,0,0
1,392,397.0,290.6,262.7,1.80,35.6,6,39.12,0,0,0
1,393,395.7,291.8,264.2,1.82,35.9,6,39.77,0,0,0
1,394,394.3,293.0,265.8,1.84,36.3,6,40.38,0,0,0
1,395,392.8,294.2,267.4,1.86,36.6,6,41.06,0,0,0
1,396,391.3,295.3,268.9,1.88,36.9,6,42.04,0,0,0
1,397,389.8,296.5,270.5,1.90,37.2,6,42.56,0,0,0
1,398,388.2,297.6,272.0,1.92,37.5,6,43.05,0,0,0
1,399,386.6,298.7,273.6,1.93,37.8,6,43.93,0,0,0
1,400,385.0,299.7,275.1,1.95,38.1,6,44.52,0,0,0
1,401,383.3,300.8,276.6,1.96,38.4,6,44.89,0,0,0
1,402,381.6,301.8,278.1,1.98,38.7,6,45.73,0,0,0
1,403,379.9,302.7,279.7,1.99,39.0,6,46.20,0,0,0
1,404,378.1,303.7,281.2,2.01,39.2,6,46.59,0,0,0
1,405,376.3,304.6,282.7,2.02,39.5,6,47.39,0,0,0
1,406,374.5,305.5,284.2,2.03,39.8,6,47.57,0,0,0
1,407,372.6,306.3,285.7,2.05,40.0,6,47.68,0,0,0
1,408,370.7,307.1,287.1,2.06,40.3,6,48.15,0,0,0
1,409,368.8,307.9,288.6,2.07,40.5,6,48.57,0,0,0
1,410,366.9,308.7,289.8,2.03,41.8,0,47.39,0,0,0
1,411,365.1,309.4,290.8,1.99,42.8,0,46.22,0,0,0
1,412,363.3,310.1,291.6,1.95,43.5,0,44.89,0,0,0
1,413,361.5,310.8,292.2,1.91,44.1,0,43.84,0,0,0
1,414,359.8,311.5,292.6,1.87,44.5,0,42.28,0,0,0
1,415,358.1,312.2,292.8,1.83,44.7,0,41.01,0,0,0
1,416,356.4,312.9,292.8,1.80,44.7,0,39.29,0,0,0
1,417,354.8,313.5,292.8,1.76,44.7,0,37.98,0,0,0
1,418,353.2,314.2,292.8,1.73,44.7,0,36.58,0,0,0
1,419,351.6,314.8,292.8,1.69,44.7,0,35.54,0,0,0
1,420,350.1,315.4,292.8,1.66,44.7,0,34.16,0,0,0
1,421,348.6,316.0,292.8,1.62,44.7,0,33.09,0,0,0
1,422,347.1,316.6,292.8,1.59,44.7,0,32.14,0,0,0
1,423,345.6,317.2,292.8,1.56,44.7,0,30.83,0,0,0
1,424,344.2,317.8,292.8,1.53,44.7,0,29.93,0,0,0
1,425,342.8,318.4,292.8,1.50,44.7,0,29.08,0,0,0
1,426,341.5,318.9,292.8,1.47,44.7,0,27.92,0,0,0
1,427,340.1,319.4,292.8,1.44,44.7,0,27.09,0,0,0
1,428,338.8,320.0,292.8,1.41,44.7,0,26.31,0,0,0
1,429,337.5,320.5,292.8,1.38,44.7,0,25.35,0,0,0
1,430,336.2,321.0,293.0,1.40,43.0,6,25.60,0,0,0
1,431,334.9,321.4,293.5,1.43,41.5,6,26.00,0,0,0
1,432,333.5,321.8,294.1,1.45,40.4,6,26.44,0,0,0
1,433,332.0,322.2,295.0,1.47,39.6,6,26.94,0,0,0
1,434,330.6,322.5,296.2,1.50,39.1,6,27.37,0,0,0
1,435,329.1,322.8,297.6,1.52,38.9,6,27.76,0,0,0
1,436,327.6,323.1,299.3,1.55,39.0,6,28.46,0,0,0
1,437,326.1,323.3,300.7,1.51,40.4,0,28.00,0,0,0
1,438,324.6,323.6,301.9,1.48,41.5,0,27.45,0,0,0
1,439,323.2,323.8,302.8,1.45,42.4,0,26.82,0,0,0
1,440,321.8,324.1,303.4,1.43,43.1,0,26.15,0,0,0
1,441,320.4,324.3,303.9,1.40,43.5,0,25.45,0,0,0
1,442,319.0,324.5,304.1,1.37,43.7,0,24.72,0,0,0
1,443,317.7,324.7,304.1,1.34,43.7,0,23.97,0,0,0
1,444,316.4,325.0,304.1,1.32,43.7,0,23.25,0,0,0
1,445,315.1,325.2,304.1,1.29,43.7,0,22.30,0,0,0
1,446,313.9,325.4,304.1,1.26,43.7,0,21.64,0,0,0
1,447,312.7,325.6,304.1,1.24,43.7,0,20.99,0,0,0
1,448,311.5,325.8,304.1,1.21,43.7,0,20.37,0,0,0
1,449,310.3,326.0,304.1,1.19,43.7,0,19.76,0,0,0
1,450,309.1,326.2,304.3,1.22,41.7,6,20.18,0,0,0
1,451,307.9,326.3,304.8,1.24,40.1,6,20.63,0,0,0
1,452,306.6,326.3,305.5,1.27,38.8,6,21.11,0,0,0
1,453,305.4,326.4,306.0,1.25,39.3,0,20.56,0,0,0
1,454,304.1,326.5,306.2,1.22,39.5,0,19.99,0,0,0
1,455,302.9,326.6,306.2,1.20,39.5,0,19.40,0,0,0
1,456,301.8,326.6,306.2,1.17,39.5,0,19.03,0,0,0
1,457,300.6,326.7,306.2,1.15,39.5,0,18.46,0,0,0
1,458,299.4,326.7,306.4,1.18,37.6,6,18.92,0,0,0
1,459,298.2,326.7,306.9,1.21,36.1,6,19.39,0,0,0
1,460,297.0,326.7,307.1,1.19,36.4,0,18.86,0,0,0
1,461,295.9,326.7,307.1,1.16,36.4,0,18.31,0,0,0
1,462,294.7,326.7,307.1,1.14,36.4,0,17.77,0,0,0
1,463,293.6,326.6,307.1,1.12,36.4,0,17.25,0,0,0
1,464,292.5,326.6,307.1,1.10,36.4,0,16.92,0,0,0
1,465,291.4,326.6,307.4,1.13,34.5,6,17.40,0,0,0
1,466,290.2,326.5,307.9,1.16,33.1,6,17.91,0,0,0
1,467,289.1,326.3,308.6,1.20,32.0,6,18.44,0,0,0
1,468,287.8,326.2,309.6,1.23,31.3,6,19.01,0,0,0
1,469,286.6,326.0,310.3,1.21,32.0,0,18.60,0,0,0
1,470,285.5,325.8,310.8,1.18,32.5,0,18.14,0,0,0
1,471,284.3,325.6,311.0,1.16,32.8,0,17.65,0,0,0
1,472,283.2,325.5,311.0,1.14,32.8,0,17.14,0,0,0
1,473,282.1,325.3,311.0,1.11,32.8,0,16.82,0,0,0
1,474,281.0,325.2,311.0,1.09,32.8,0,16.33,0,0,0
1,475,279.9,325.0,311.0,1.07,32.8,0,15.86,0,0,0
1,476,278.9,324.9,311.0,1.05,32.8,0,15.55,0,0,0
1,477,277.9,324.7,311.0,1.03,32.8,0,15.11,0,0,0
1,478,276.9,324.6,311.0,1.01,32.8,0,14.67,0,0,0
1,479,275.9,324.4,311.0,0.99,32.8,0,16.61,0,0,0
1,480,275.0,324.3,311.0,0.97,32.8,0,16.12,0,0,0
1,481,274.0,324.2,311.0,0.95,32.8,0,15.65,0,0,0
1,482,273.1,324.0,311.0,0.93,32.8,0,15.19,0,0,0
1,483,272.2,323.9,311.0,0.91,32.8,0,14.75,0,0,0
1,484,271.3,323.7,311.3,0.95,30.8,6,15.49,0,0,0
1,485,270.3,323.5,311.3,0.93,30.8,0,15.04,0,0,0
1,486,269.4,323.3,311.5,0.97,29.0,6,15.78,0,0,0
1,487,268.5,323.1,311.5,0.95,29.0,0,15.32,0,0,0
1,488,267.5,322.9,311.8,1.00,27.3,6,16.05,0,0,0
1,489,266.5,322.6,312.3,1.04,26.1,6,14.66,0,0,0
1,490,265.5,322.3,312.5,1.02,26.3,0,14.29,0,0,0
1,491,264.6,322.0,312.5,1.00,26.3,0,15.91,0,0,0
1,492,263.6,321.7,312.8,1.04,24.9,6,14.55,0,0,0
1,493,262.6,321.3,313.3,1.08,23.9,6,15.26,0,0,0
1,494,261.6,321.0,313.5,1.06,24.1,0,14.87,0,0,0
1,495,260.5,320.6,314.0,1.10,23.1,6,15.42,0,0,0
1,496,259.5,320.2,314.3,1.08,23.4,0,15.03,0,0,0
1,497,258.5,319.8,314.3,1.06,23.4,0,14.76,0,0,0
1,498,257.6,319.5,314.3,1.03,23.4,0,14.34,0,0,0
1,499,256.6,319.1,314.3,1.01,23.4,0,14.09,0,0,0
1,500,255.7,318.7,314.5,1.06,22.2,6,14.60,0,0,0
1,501,254.6,318.3,315.0,1.10,21.3,6,15.31,0,0,0
1,502,253.6,317.8,315.7,1.14,20.8,6,15.91,0,0,0
1,503,252.6,317.3,316.2,1.12,21.3,0,15.56,0,0,0
1,504,251.6,316.9,316.5,1.10,21.5,0,15.34,0,0,0
1,505,250.6,316.4,316.5,1.08,21.5,0,14.90,0,0,0
1,506,249.7,316.0,316.5,1.05,21.5,0,14.63,0,0,0
1,507,248.7,315.5,316.5,1.03,21.5,0,14.51,0,0,0
1,508,247.8,315.0,316.7,1.08,20.4,6,15.05,0,0,0
1,509,246.8,314.5,317.2,1.12,19.7,6,15.78,0,0,0
1,510,245.8,314.0,317.9,1.16,19.3,6,16.41,0,0,0
1,511,244.8,313.4,318.4,1.14,19.8,0,16.05,0,0,0
1,512,243.8,312.9,318.7,1.12,20.0,0,15.81,0,0,0
1,513,242.8,312.4,318.7,1.09,20.0,0,15.35,0,0,0
1,514,241.9,311.9,318.7,1.07,20.0,0,15.22,0,0,0
1,515,240.9,311.3,318.9,1.11,19.0,6,15.76,0,0,0
1,516,239.9,310.7,319.4,1.16,18.4,6,16.51,0,0,0
1,517,238.9,310.1,320.1,1.20,18.1,6,17.14,0,0,0
1,518,237.9,309.4,320.6,1.18,18.6,0,16.77,0,0,0
1,519,236.9,308.8,320.8,1.15,18.8,0,16.69,0,0,0
1,520,235.9,308.2,321.3,1.19,18.2,6,17.27,0,0,0
1,521,235.0,307.5,321.6,1.17,18.5,0,17.19,0,0,0
1,522,234.0,306.9,322.0,1.21,17.9,6,17.78,0,0,0
1,523,232.9,306.1,322.7,1.25,17.7,6,18.42,0,0,0
1,524,231.9,305.4,323.2,1.23,18.1,0,18.00,0,0,0
1,525,230.9,304.7,323.4,1.20,18.4,0,17.72,0,0,0
1,526,229.9,304.0,323.9,1.24,17.9,6,18.29,0,0,0
1,527,228.9,303.3,324.1,1.22,18.1,0,17.80,0,0,0
1,528,227.9,302.5,324.6,1.26,17.6,6,18.78,0,0,0
1,529,226.9,301.7,325.3,1.30,17.4,6,19.42,0,0,0
1,530,225.9,301.0,325.8,1.28,17.8,0,18.97,0,0,0
1,531,224.9,300.2,326.0,1.25,18.1,0,18.87,0,0,0
1,532,224.0,299.4,326.0,1.22,18.1,0,18.29,0,0,0
1,533,223.0,298.6,326.2,1.27,17.3,6,19.22,0,0,0
1,534,222.0,297.8,326.7,1.31,16.9,6,19.79,0,0,0
1,535,220.9,296.9,327.4,1.35,16.8,6,20.44,0,0,0
1,536,219.9,296.0,328.3,1.38,16.9,6,21.17,0,0,0
1,537,218.9,295.1,329.0,1.36,17.6,0,20.75,0,0,0
1,538,217.9,294.2,329.5,1.33,18.0,0,20.73,0,0,0
1,539,216.9,293.4,329.7,1.30,18.2,0,20.15,0,0,0
1,540,216.0,292.5,329.7,1.28,18.2,0,19.94,0,0,0
1,541,215.0,291.7,329.7,1.25,18.2,0,19.31,0,0,0
1,542,214.1,290.8,329.9,1.29,17.5,6,19.82,0,0,0
1,543,213.1,290.0,329.9,1.27,17.5,0,19.62,0,0,0
1,544,212.2,289.1,330.2,1.31,16.8,6,20.13,0,0,0
1,545,211.2,288.1,330.6,1.35,16.4,6,21.17,0,0,0
1,546,210.2,287.2,331.3,1.38,16.3,6,21.87,0,0,0
1,547,209.2,286.1,332.2,1.42,16.5,6,22.63,0,0,0
1,548,208.2,285.1,333.4,1.46,16.9,6,23.50,0,0,0
1,549,207.2,284.0,334.8,1.50,17.6,6,24.49,0,0,0
1,550,206.2,282.9,336.0,1.47,18.7,0,24.20,0,0,0
1,551,205.3,281.8,336.9,1.44,19.6,0,23.78,0,0,0
1,552,204.3,280.8,337.6,1.41,20.3,0,23.25,0,0,0
1,553,203.4,279.8,338.0,1.38,20.7,0,22.65,0,0,0
1,554,202.4,278.8,338.2,1.35,20.9,0,22.16,0,0,0
1,555,201.5,277.8,338.2,1.33,20.9,0,21.96,0,0,0
1,556,200.7,276.9,338.2,1.30,20.9,0,21.23,0,0,0
1,557,199.8,275.9,338.2,1.27,20.9,0,20.85,0,0,0
1,558,198.9,275.0,338.2,1.25,20.9,0,20.29,0,0,0
1,559,198.1,274.1,338.2,1.22,20.9,0,19.63,0,0,0
1,560,197.3,273.2,338.2,1.20,20.9,0,19.40,0,0,0
1,561,196.5,272.3,338.5,1.24,20.0,6,20.06,0,0,0
1,562,195.7,271.3,338.9,1.28,19.5,6,20.77,0,0,0
1,563,194.8,270.3,339.6,1.32,19.2,6,21.47,0,0,0
1,564,194.0,269.3,340.6,1.36,19.2,6,22.25,0,0,0
1,565,193.1,268.2,341.8,1.39,19.4,6,23.12,0,0,0
1,566,192.3,267.0,343.2,1.43,20.0,6,24.10,0,0,0
1,567,191.4,265.9,344.4,1.40,21.1,0,23.77,0,0,0
1,568,190.6,264.8,345.3,1.38,22.1,0,23.32,0,0,0
1,569,189.8,263.7,346.0,1.35,22.7,0,22.78,0,0,0
1,570,189.0,262.6,346.4,1.32,23.2,0,22.19,0,0,0
1,571,188.2,261.6,346.7,1.29,23.4,0,21.85,0,0,0
1,572,187.5,260.6,346.7,1.27,23.4,0,21.51,0,0,0
1,573,186.7,259.5,346.9,1.31,22.5,6,22.18,0,0,0
1,574,185.9,258.4,347.4,1.34,21.8,6,22.75,0,0,0
1,575,185.2,257.3,348.1,1.38,21.4,6,23.39,0,0,0
1,576,184.4,256.1,349.0,1.42,21.3,6,24.11,0,0,0
1,577,183.7,254.8,350.2,1.45,21.5,6,24.94,0,0,0
1,578,182.9,253.6,351.1,1.42,22.4,0,24.46,0,0,0
1,579,182.2,252.4,351.7,1.40,23.1,0,24.05,0,0,0
1,580,181.5,251.3,352.2,1.37,23.6,0,23.63,0,0,0
1,581,180.8,250.0,352.9,1.40,23.1,6,24.40,0,0,0
1,582,180.1,248.8,353.8,1.44,23.0,6,25.20,0,0,0
1,583,179.4,247.5,354.9,1.47,23.1,6,26.04,0,0,0
1,584,178.7,246.1,356.4,1.51,23.5,6,26.92,0,0,0
1,585,178.0,244.8,357.5,1.48,24.6,0,26.53,0,0,0
1,586,177.4,243.5,358.4,1.45,25.5,0,26.08,0,0,0
1,587,176.7,242.3,359.1,1.42,26.2,0,25.59,0,0,0
1,588,176.1,241.0,359.5,1.39,26.7,0,25.07,0,0,0
1,589,175.5,239.8,360.2,1.42,26.1,6,25.80,0,0,0
1,590,174.9,238.4,361.1,1.46,25.8,6,26.57,0,0,0
1,591,174.3,237.1,362.3,1.49,25.8,6,27.38,0,0,0
1,592,173.7,235.7,363.7,1.52,26.1,6,28.26,0,0,0
1,593,173.1,234.2,365.4,1.55,26.7,6,29.21,0,0,0
1,594,172.6,232.8,366.8,1.52,28.1,0,28.81,0,0,0
1,595,172.0,231.4,367.9,1.49,29.3,0,28.33,0,0,0
1,596,171.5,230.0,368.8,1.46,30.2,0,27.78,0,0,0
1,597,171.0,228.7,369.5,1.43,30.8,0,27.18,0,0,0
1,598,170.5,227.4,369.9,1.40,31.3,0,26.54,0,0,0
1,599,170.0,226.1,370.2,1.38,31.5,0,25.87,0,0,0
1,600,169.5,224.8,370.6,1.41,30.5,6,26.49,0,0,0
1,601,169.0,223.4,371.3,1.44,29.8,6,27.16,0,0,0
1,602,168.6,222.0,372.2,1.47,29.3,6,27.87,0,0,0
1,603,168.2,220.6,373.4,1.50,29.2,6,28.64,0,0,0
1,604,167.8,219.1,374.8,1.53,29.4,6,29.49,0,0,0
1,605,167.4,217.6,376.5,1.56,29.8,6,30.41,0,0,0
1,606,167.1,216.1,377.9,1.53,31.2,0,29.94,0,0,0
1,607,166.7,214.6,379.0,1.50,32.4,0,29.38,0,0,0
1,608,166.4,213.2,379.9,1.47,33.3,0,28.75,0,0,0
1,609,166.1,211.8,380.6,1.44,33.9,0,28.07,0,0,0
1,610,165.7,210.4,381.0,1.41,34.4,0,27.35,0,0,0
1,611,165.4,209.1,381.2,1.38,34.6,0,26.60,0,0,0
1,612,165.1,207.7,381.7,1.41,33.5,6,27.16,0,0,0
1,613,164.9,206.3,382.3,1.44,32.6,6,27.76,0,0,0
1,614,164.6,204.8,383.3,1.47,32.1,6,28.42,0,0,0
1,615,164.4,203.3,384.4,1.50,31.9,6,29.14,0,0,0
1,616,164.3,201.8,385.8,1.53,31.9,6,779.94,1,0,0
2,1,170.0,188.3,0.0,0.00,0.0,0,50.00,0,0,0
2,2,170.0,188.2,0.0,0.07,0.0,6,0.62,0,0,0
2,3,170.0,188.1,0.0,0.14,0.0,6,1.33,0,0,0
2,4,170.0,187.9,0.0,0.20,0.0,6,2.02,0,0,0
2,5,170.0,187.6,0.0,0.27,0.0,6,2.70,0,0,0
2,6,170.0,187.3,0.0,0.33,0.0,6,3.36,0,0,0
2,7,170.0,186.9,0.0,0.39,0.0,6,4.01,0,0,0
2,8,170.0,186.5,0.0,0.45,0.0,6,4.65,0,0,0
2,9,170.0,185.9,0.0,0.51,0.0,6,5.27,0,0,0
2,10,170.0,185.4,2.4,0.57,2.4,6,5.88,0,0,0
2,11,170.0,184.7,4.7,0.63,4.5,6,6.47,0,0,0
2,12,170.0,184.1,7.0,0.68,6.3,6,7.03,0,0,0
2,13,170.0,183.3,9.3,0.74,8.0,6,7.58,0,0,0
2,14,170.1,182.5,11.5,0.79,9.5,6,8.41,0,0,0
2,15,170.1,181.7,13.6,0.84,10.9,6,9.00,0,0,0
2,16,170.2,180.8,15.7,0.89,12.2,6,9.59,0,0,0
2,17,170.2,179.9,17.8,0.94,13.4,6,10.16,0,0,0
2,18,170.3,178.9,19.9,0.99,14.5,6,10.73,0,0,0
2,19,170.4,177.8,21.9,1.04,15.6,6,10.73,0,0,0
2,20,170.6,176.8,23.9,1.08,16.6,6,11.48,0,0,0
2,21,170.7,175.7,25.8,1.13,17.5,6,11.96,0,0,0
2,22,170.9,174.5,27.7,1.17,18.4,6,12.78,0,0,0
2,23,171.1,173.3,29.6,1.21,19.3,6,13.42,0,0,0
2,24,171.4,172.1,31.5,1.25,20.1,6,14.29,0,0,0
2,25,171.7,170.8,33.4,1.29,20.9,6,16.34,0,0,0
2,26,172.0,169.5,35.2,1.33,21.7,6,16.95,0,0,0
2,27,172.3,168.2,37.0,1.37,22.5,6,17.56,0,0,0
2,28,172.7,166.8,38.8,1.40,23.2,6,18.16,0,0,0
2,29,173.1,165.5,40.5,1.44,23.9,6,18.45,0,0,0
2,30,173.6,164.1,42.3,1.47,24.5,6,19.32,0,0,0
2,31,174.0,162.6,44.0,1.51,25.2,6,22.47,0,0,0
2,32,174.5,161.2,45.4,1.48,26.6,0,22.48,0,0,0
2,33,175.0,159.9,46.6,1.45,27.8,0,22.08,0,0,0
2,34,175.4,158.5,47.5,1.42,28.7,0,21.61,0,0,0
2,35,175.9,157.2,48.2,1.39,29.3,0,21.36,0,0,0
2,36,176.3,155.9,48.6,1.36,29.8,0,20.80,0,0,0
2,37,176.8,154.7,48.8,1.34,30.0,0,23.12,0,0,0
2,38,177.2,153.4,48.8,1.31,30.0,0,22.63,0,0,0
2,39,177.6,152.2,48.8,1.28,30.0,0,21.92,0,0,0
2,40,178.0,151.0,48.8,1.26,30.0,0,21.45,0,0,0
2,41,178.4,149.8,48.8,1.23,30.0,0,20.98,0,0,0
2,42,178.8,148.7,48.8,1.21,30.0,0,20.53,0,0,0
2,43,179.2,147.5,49.1,1.24,28.7,6,21.05,0,0,0
2,44,179.7,146.4,49.5,1.28,27.7,6,21.61,0,0,0
2,45,180.2,145.1,50.2,1.31,27.0,6,22.45,0,0,0
2,46,180.8,143.9,51.2,1.35,26.6,6,23.13,0,0,0
2,47,181.4,142.7,52.4,1.38,26.5,6,23.89,0,0,0
2,48,182.0,141.5,53.3,1.36,27.4,0,23.41,0,0,0
2,49,182.6,140.3,54.0,1.33,28.1,0,23.33,0,0,0
2,50,183.1,139.1,54.5,1.30,28.6,0,22.70,0,0,0
2,51,183.7,137.9,54.7,1.28,28.8,0,22.25,0,0,0
2,52,184.2,136.8,54.7,1.25,28.8,0,21.54,0,0,0
2,53,184.8,135.7,54.7,1.23,28.8,0,21.26,0,0,0
2,54,185.3,134.6,54.9,1.26,27.5,6,22.22,0,0,0
2,55,186.0,133.5,55.4,1.30,26.6,6,22.82,0,0,0
2,56,186.6,132.3,56.1,1.33,26.0,6,23.47,0,0,0
2,57,187.4,131.1,57.0,1.37,25.7,6,24.19,0,0,0
2,58,188.1,129.9,58.2,1.40,25.6,6,24.98,0,0,0
2,59,188.9,128.7,59.7,1.44,25.9,6,25.88,0,0,0
2,60,189.7,127.6,60.8,1.41,27.1,0,25.43,0,0,0
2,61,190.5,126.4,61.7,1.38,28.0,0,25.13,0,0,0
2,62,191.2,125.3,62.4,1.35,28.7,0,25.00,0,0,0
2,63,192.0,124.2,63.4,1.39,28.3,6,25.71,0,0,0
2,64,192.8,123.1,64.0,1.36,28.9,0,25.06,0,0,0
2,65,193.6,122.0,64.5,1.33,29.4,0,24.35,0,0,0
2,66,194.4,120.9,65.2,1.37,28.7,6,25.57,0,0,0
2,67,195.2,119.8,66.1,1.40,28.2,6,26.43,0,0,0
2,68,196.1,118.7,67.3,1.43,28.1,6,27.23,0,0,0
2,69,197.1,117.5,68.7,1.46,28.3,6,28.12,0,0,0
2,70,198.1,116.4,70.5,1.50,28.8,6,78.81,0,0,0
2,71,199.1,115.3,72.2,1.53,29.3,6,29.59,0,0,0
2,72,200.2,114.2,73.9,1.56,29.7,6,30.44,0,0,0
2,73,201.3,113.1,75.6,1.58,30.2,6,31.33,0,0,0
2,74,202.5,112.0,77.3,1.61,30.7,6,32.24,0,0,0
2,75,203.7,110.9,78.9,1.64,31.1,6,33.18,0,0,0
2,76,205.0,109.8,80.6,1.67,31.5,6,34.13,0,0,0
2,77,206.3,108.7,82.2,1.69,32.0,6,35.08,0,0,0
2,78,207.6,107.6,83.9,1.72,32.4,6,36.04,0,0,0
2,79,209.0,106.6,85.5,1.74,32.8,6,36.99,0,0,0
2,80,210.4,105.5,87.1,1.76,33.2,6,37.94,0,0,0
2,81,211.9,104.5,88.7,1.79,33.6,6,38.89,0,0,0
2,82,213.4,103.5,90.3,1.81,34.0,6,39.83,0,0,0
2,83,214.9,102.5,91.9,1.83,34.4,6,40.57,0,0,0
2,84,216.5,101.6,93.4,1.85,34.7,6,41.26,0,0,0
2,85,218.1,100.6,95.0,1.87,35.1,6,41.91,0,0,0
2,86,219.8,99.7,96.6,1.89,35.4,6,42.67,0,0,0
2,87,221.5,98.8,98.1,1.91,35.8,6,43.56,0,0,0
2,88,223.2,98.0,99.6,1.92,36.1,6,44.43,0,0,0
2,89,225.0,97.1,101.2,1.94,36.5,6,45.29,0,0,0
2,90,226.7,96.3,102.4,1.90,37.7,0,44.57,0,0,0
2,91,228.4,95.5,103.5,1.87,38.8,0,43.60,0,0,0
2,92,230.0,94.8,104.3,1.83,39.6,0,42.17,0,0,0
2,93,231.6,94.0,104.9,1.79,40.2,0,41.19,0,0,0
2,94,233.2,93.2,105.3,1.76,40.6,0,40.17,0,0,0
2,95,234.8,92.5,105.5,1.72,40.8,0,39.11,0,0,0
2,96,236.3,91.8,105.5,1.69,40.8,0,37.49,0,0,0
2,97,237.8,91.1,105.5,1.65,40.8,0,36.45,0,0,0
2,98,239.3,90.4,105.5,1.62,40.8,0,35.43,0,0,0
2,99,240.7,89.7,105.5,1.59,40.8,0,34.32,0,0,0
2,100,242.1,89.0,105.5,1.56,40.8,0,33.02,0,0,0
2,101,243.5,88.4,105.5,1.52,40.8,0,32.10,0,0,0
2,102,244.8,87.8,105.5,1.49,40.8,0,31.19,0,0,0
2,103,246.2,87.1,105.7,1.52,39.3,6,31.57,0,0,0
2,104,247.6,86.6,106.1,1.54,38.1,6,31.71,0,0,0
2,105,249.1,86.0,106.8,1.56,37.2,6,32.23,0,0,0
2,106,250.6,85.5,107.6,1.59,36.6,6,32.82,0,0,0
2,107,252.1,85.0,108.8,1.61,36.3,6,33.47,0,0,0
2,108,253.6,84.5,109.6,1.58,37.1,0,32.73,0,0,0
2,109,255.2,84.1,110.8,1.60,36.8,6,33.37,0,0,0
2,110,256.8,83.7,112.1,1.63,36.7,6,34.08,0,0,0
2,111,258.4,83.3,113.8,1.65,36.9,6,34.78,0,0,0
2,112,259.9,83.0,115.1,1.62,38.3,0,33.94,0,0,0
2,113,261.5,82.6,116.3,1.58,39.4,0,33.09,0,0,0
2,114,263.0,82.2,117.1,1.55,40.3,0,32.31,0,0,0
2,115,264.5,81.9,117.8,1.52,40.9,0,31.48,0,0,0
2,116,265.9,81.6,118.2,1.49,41.3,0,30.62,0,0,0
2,117,267.3,81.2,118.4,1.46,41.6,0,29.73,0,0,0
2,118,268.7,80.9,118.4,1.43,41.6,0,28.55,0,0,0
2,119,270.1,80.6,118.4,1.40,41.6,0,27.65,0,0,0
2,120,271.4,80.3,118.4,1.37,41.6,0,26.82,0,0,0
2,121,272.8,80.0,118.4,1.35,41.6,0,25.90,0,0,0
2,122,274.0,79.7,118.4,1.32,41.6,0,24.95,0,0,0
2,123,275.4,79.4,118.7,1.35,39.9,6,25.40,0,0,0
2,124,276.7,79.2,119.1,1.37,38.5,6,25.89,0,0,0
2,125,278.1,79.0,119.8,1.40,37.4,6,26.37,0,0,0
2,126,279.5,78.8,120.7,1.43,36.7,6,26.71,0,0,0
2,127,281.0,78.7,121.9,1.45,36.2,6,27.30,0,0,0
2,128,282.5,78.7,123.3,1.48,36.1,6,27.99,0,0,0
2,129,283.9,78.6,124.5,1.45,37.2,0,27.43,0,0,0
2,130,285.3,78.5,125.4,1.42,38.1,0,26.80,0,0,0
2,131,286.7,78.5,126.0,1.39,38.8,0,26.12,0,0,0
2,132,288.1,78.4,126.5,1.37,39.3,0,25.14,0,0,0
2,133,289.4,78.3,126.7,1.34,39.5,0,24.41,0,0,0
2,134,290.7,78.3,126.7,1.31,39.5,0,23.66,0,0,0
2,135,292.0,78.2,126.7,1.29,39.5,0,22.94,0,0,0
2,136,293.3,78.1,126.7,1.26,39.5,0,22.24,0,0,0
2,137,294.5,78.1,126.7,1.23,39.5,0,21.43,0,0,0
2,138,295.7,78.0,126.7,1.21,39.5,0,20.70,0,0,0
2,139,296.9,78.0,126.7,1.19,39.5,0,20.08,0,0,0
2,140,298.1,77.9,126.7,1.16,39.5,0,19.48,0,0,0
2,141,299.2,77.9,126.7,1.14,39.5,0,18.80,0,0,0
2,142,300.3,77.8,126.7,1.12,39.5,0,18.15,0,0,0
2,143,301.4,77.7,126.7,1.09,39.5,0,17.61,0,0,0
2,144,302.5,77.7,126.7,1.07,39.5,0,17.09,0,0,0
2,145,303.5,77.6,126.7,1.05,39.5,0,16.58,0,0,0
2,146,304.5,77.6,126.7,1.03,39.5,0,16.10,0,0,0
2,147,305.6,77.5,126.7,1.01,39.5,0,15.61,0,0,0
2,148,306.5,77.5,126.7,0.99,39.5,0,17.34,0,0,0
2,149,307.5,77.5,126.7,0.97,39.5,0,16.81,0,0,0
2,150,308.5,77.4,126.7,0.95,39.5,0,16.29,0,0,0
2,151,309.4,77.4,126.7,0.93,39.5,0,15.80,0,0,0
2,152,310.3,77.4,127.0,0.97,37.1,6,16.52,0,0,0
2,153,311.3,77.4,127.5,1.00,35.3,6,14.90,0,0,0
2,154,312.4,77.5,128.2,1.04,33.9,6,15.49,0,0,0
2,155,313.5,77.6,129.3,1.08,32.9,6,16.10,0,0,0
2,156,314.5,77.7,130.0,1.05,33.6,0,15.74,0,0,0
2,157,315.5,77.8,130.5,1.03,34.1,0,15.34,0,0,0
2,158,316.5,77.9,130.8,1.01,34.4,0,14.88,0,0,0
2,159,317.5,78.1,130.8,0.99,34.4,0,16.91,0,0,0
2,160,318.5,78.2,130.8,0.97,34.4,0,16.41,0,0,0
2,161,319.5,78.3,131.0,1.01,32.4,6,14.47,0,0,0
2,162,320.5,78.5,131.0,0.99,32.4,0,16.63,0,0,0
2,163,321.5,78.7,131.3,1.03,30.6,6,14.56,0,0,0
2,164,322.5,78.9,131.8,1.07,29.2,6,15.07,0,0,0
2,165,323.6,79.2,132.5,1.11,28.3,6,15.61,0,0,0
2,166,324.6,79.4,133.0,1.08,28.7,0,15.25,0,0,0
2,167,325.7,79.7,133.8,1.12,27.8,6,15.78,0,0,0
2,168,326.8,80.0,134.2,1.10,28.3,0,15.42,0,0,0
2,169,327.8,80.3,134.5,1.08,28.5,0,15.03,0,0,0
2,170,328.8,80.6,134.5,1.06,28.5,0,14.60,0,0,0
2,171,329.8,80.9,134.5,1.04,28.5,0,14.19,0,0,0
2,172,330.9,81.2,134.7,1.08,27.0,6,14.63,0,0,0
2,173,331.9,81.6,134.7,1.05,27.0,0,14.22,0,0,0
2,174,332.8,81.9,134.7,1.03,27.0,0,13.83,0,0,0
2,175,333.8,82.2,134.7,1.01,27.0,0,13.44,0,0,0
2,176,334.8,82.5,134.7,0.99,27.0,0,15.96,0,0,0
2,177,335.7,82.8,134.7,0.97,27.0,0,15.50,0,0,0
2,178,336.6,83.1,134.7,0.95,27.0,0,15.07,0,0,0
2,179,337.5,83.4,134.7,0.93,27.0,0,14.64,0,0,0
2,180,338.4,83.6,134.7,0.92,27.0,0,14.23,0,0,0
2,181,339.2,83.9,134.7,0.90,27.0,0,13.83,0,0,0
2,182,340.0,84.2,134.7,0.88,27.0,0,13.44,0,0,0
2,183,340.9,84.4,134.7,0.86,27.0,0,13.07,0,0,0
2,184,341.7,84.7,134.7,0.84,27.0,0,12.71,0,0,0
2,185,342.5,84.9,134.7,0.83,27.0,0,12.36,0,0,0
2,186,343.2,85.2,134.7,0.81,27.0,0,12.02,0,0,0
2,187,344.0,85.4,134.7,0.79,27.0,0,11.69,0,0,0
2,188,344.7,85.7,134.7,0.78,27.0,0,11.37,0,0,0
2,189,345.5,85.9,134.7,0.76,27.0,0,11.06,0,0,0
2,190,346.2,86.1,134.7,0.75,27.0,0,10.75,0,0,0
2,191,346.9,86.3,134.7,0.73,27.0,0,10.46,0,0,0
2,192,347.6,86.6,134.7,0.72,27.0,0,10.18,0,0,0
2,193,348.2,86.8,134.7,0.70,27.0,0,9.90,0,0,0
2,194,348.9,87.0,134.7,0.69,27.0,0,9.64,0,0,0
2,195,349.5,87.2,134.7,0.68,27.0,0,9.38,0,0,0
2,196,350.2,87.4,134.7,0.66,27.0,0,9.13,0,0,0
2,197,350.8,87.6,134.7,0.65,27.0,0,8.89,0,0,0
2,198,351.4,87.8,134.7,0.64,27.0,0,8.65,0,0,0
2,199,352.0,88.0,134.7,0.62,27.0,0,8.42,0,0,0
2,200,352.6,88.2,134.7,0.61,27.0,0,8.20,0,0,0
2,201,353.2,88.4,135.0,0.66,24.6,6,8.97,0,0,0
2,202,353.8,88.7,135.6,0.71,22.9,6,9.75,0,0,0
2,203,354.5,88.9,135.9,0.70,23.2,0,9.51,0,0,0
2,204,355.1,89.2,135.9,0.68,23.2,0,9.26,0,0,0
2,205,355.7,89.5,135.9,0.67,23.2,0,9.02,0,0,0
2,206,356.3,89.7,135.9,0.66,23.2,0,8.79,0,0,0
2,207,356.9,90.0,135.9,0.64,23.2,0,8.56,0,0,0
2,208,357.5,90.2,135.9,0.63,23.2,0,8.34,0,0,0
2,209,358.1,90.5,136.2,0.68,21.2,6,9.10,0,0,0
2,210,358.8,90.8,136.7,0.73,19.8,6,9.86,0,0,0
2,211,359.5,91.2,137.6,0.78,18.9,6,10.66,0,0,0
2,212,360.2,91.6,138.7,0.83,18.5,6,11.49,0,0,0
2,213,360.9,92.0,139.5,0.81,19.3,0,11.29,0,0,0
2,214,361.6,92.4,140.0,0.80,19.9,0,11.06,0,0,0
2,215,362.2,92.8,140.3,0.78,20.1,0,10.80,0,0,0
2,216,362.9,93.2,140.3,0.77,20.1,0,10.52,0,0,0
2,217,363.6,93.6,140.3,0.75,20.1,0,10.24,0,0,0
2,218,364.2,94.0,140.3,0.74,20.1,0,9.98,0,0,0
2,219,364.8,94.3,140.3,0.72,20.1,0,9.72,0,0,0
2,220,365.4,94.7,140.3,0.71,20.1,0,9.47,0,0,0
2,221,366.1,95.1,140.6,0.76,18.6,6,10.21,0,0,0
2,222,366.7,95.5,140.6,0.74,18.6,0,9.95,0,0,0
2,223,367.4,95.9,140.9,0.79,17.3,6,10.68,0,0,0
2,224,368.1,96.4,141.4,0.84,16.5,6,11.43,0,0,0
2,225,368.8,96.9,142.2,0.89,16.0,6,12.22,0,0,0
2,226,369.5,97.5,143.3,0.94,16.0,6,13.06,0,0,0
2,227,370.3,98.0,144.1,0.92,16.8,0,12.86,0,0,0
2,228,371.0,98.6,144.6,0.90,17.3,0,12.61,0,0,0
2,229,371.7,99.2,145.4,0.95,16.8,6,13.40,0,0,0
2,230,372.4,99.8,145.9,0.93,17.3,0,13.14,0,0,0
2,231,373.2,100.4,146.7,0.98,16.9,6,13.94,0,0,0
2,232,374.0,101.1,147.7,1.03,16.9,6,11.64,0,0,0
2,233,374.8,101.8,149.1,1.07,17.1,6,12.23,0,0,0
2,234,375.5,102.5,150.1,1.05,18.1,0,12.12,0,0,0
2,235,376.3,103.2,150.8,1.03,18.9,0,12.09,0,0,0
2,236,377.1,103.8,151.3,1.01,19.4,0,11.86,0,0,0
2,237,377.8,104.5,151.6,0.99,19.7,0,14.61,0,0,0
2,238,378.5,105.1,151.6,0.97,19.7,0,14.22,0,0,0
2,239,379.2,105.8,151.6,0.95,19.7,0,13.84,0,0,0
2,240,379.9,106.4,151.6,0.93,19.7,0,13.47,0,0,0
2,241,380.6,107.0,151.6,0.91,19.7,0,13.11,0,0,0
2,242,381.3,107.6,151.6,0.89,19.7,0,12.77,0,0,0
2,243,381.9,108.2,151.6,0.87,19.7,0,12.43,0,0,0
2,244,382.5,108.8,151.6,0.86,19.7,0,12.11,0,0,0
2,245,383.2,109.3,151.6,0.84,19.7,0,11.79,0,0,0
2,246,383.8,109.9,151.9,0.89,18.4,6,12.51,0,0,0
2,247,384.4,110.5,151.9,0.87,18.4,0,12.18,0,0,0
2,248,385.1,111.1,151.9,0.85,18.4,0,11.87,0,0,0
2,249,385.7,111.7,152.1,0.90,17.3,6,12.58,0,0,0
2,250,386.4,112.4,152.6,0.95,16.6,6,13.33,0,0,0
2,251,387.0,113.1,152.9,0.93,16.9,0,13.03,0,0,0
2,252,387.7,113.8,153.4,0.98,16.2,6,13.77,0,0,0
2,253,388.4,114.6,154.2,1.02,15.9,6,11.87,0,0,0
2,254,389.0,115.3,154.7,1.00,16.4,0,11.66,0,0,0
2,255,389.7,116.1,154.9,0.98,16.7,0,13.97,0,0,0
2,256,390.3,116.8,154.9,0.96,16.7,0,13.60,0,0,0
2,257,391.0,117.5,155.2,1.01,15.8,6,11.88,0,0,0
2,258,391.6,118.3,155.2,0.99,15.8,0,13.92,0,0,0
2,259,392.2,119.0,155.2,0.97,15.8,0,13.56,0,0,0
2,260,392.9,119.8,155.4,1.02,15.0,6,12.21,0,0,0
2,261,393.6,120.7,155.9,1.06,14.5,6,12.83,0,0,0
2,262,394.2,121.5,156.7,1.11,14.4,6,13.37,0,0,0
2,263,394.9,122.5,157.7,1.15,14.6,6,13.97,0,0,0
2,264,395.6,123.4,158.4,1.13,15.3,0,13.77,0,0,0
2,265,396.3,124.2,158.9,1.11,15.8,0,13.50,0,0,0
2,266,396.9,125.1,159.2,1.08,16.0,0,13.46,0,0,0
2,267,397.6,126.0,159.2,1.06,16.0,0,13.44,0,0,0
2,268,398.2,126.9,159.4,1.11,15.3,6,14.19,0,0,0
2,269,398.9,127.8,159.9,1.15,14.9,6,14.95,0,0,0
2,270,399.5,128.8,160.6,1.20,14.8,6,15.70,0,0,0
2,271,400.2,129.8,161.6,1.24,14.9,6,16.45,0,0,0
2,272,400.9,130.8,162.3,1.21,15.6,0,16.34,0,0,0
2,273,401.5,131.8,162.8,1.19,16.1,0,16.21,0,0,0
2,274,402.2,132.9,163.5,1.23,16.0,6,16.95,0,0,0
2,275,402.8,133.9,164.0,1.21,16.4,0,16.79,0,0,0
2,276,403.5,134.9,164.2,1.18,16.7,0,17.36,0,0,0
2,277,404.1,135.9,164.7,1.22,16.2,6,18.12,0,0,0
2,278,404.8,137.0,165.4,1.27,16.1,6,18.88,0,0,0
2,279,405.4,138.2,166.4,1.31,16.2,6,19.65,0,0,0
2,280,406.1,139.3,167.6,1.35,16.6,6,20.43,0,0,0
2,281,406.7,140.5,168.5,1.32,17.5,0,20.16,0,0,0
2,282,407.3,141.6,169.2,1.29,18.2,0,19.87,0,0,0
2,283,408.0,142.7,169.7,1.27,18.7,0,19.55,0,0,0
2,284,408.6,143.8,169.9,1.24,18.9,0,19.77,0,0,0
2,285,409.2,144.9,170.4,1.28,18.4,6,20.49,0,0,0
2,286,409.8,146.1,171.1,1.32,18.1,6,21.29,0,0,0
2,287,410.4,147.3,172.0,1.36,18.2,6,22.14,0,0,0
2,288,411.0,148.6,173.2,1.40,18.5,6,22.96,0,0,0
2,289,411.5,149.8,174.1,1.37,19.4,0,22.60,0,0,0
2,290,412.1,151.1,174.8,1.34,20.1,0,22.20,0,0,0
2,291,412.7,152.3,175.3,1.32,20.6,0,22.02,0,0,0
2,292,413.2,153.4,175.5,1.29,20.8,0,21.48,0,0,0
2,293,413.8,154.6,175.9,1.33,20.2,6,22.19,0,0,0
2,294,414.3,155.9,176.6,1.37,19.9,6,22.98,0,0,0
2,295,414.9,157.2,177.6,1.40,19.9,6,23.87,0,0,0
2,296,415.4,158.5,178.7,1.44,20.1,6,24.87,0,0,0
2,297,415.9,159.9,180.2,1.48,20.6,6,25.92,0,0,0
2,298,416.4,161.3,181.9,1.51,21.5,6,26.89,0,0,0
2,299,416.9,162.8,183.6,1.55,22.2,6,27.87,0,0,0
2,300,417.4,164.2,185.0,1.51,23.6,0,27.52,0,0,0
2,301,417.8,165.6,186.2,1.48,24.8,0,27.09,0,0,0
2,302,418.3,167.0,187.1,1.45,25.7,0,76.59,0,0,0
2,303,418.8,168.4,188.2,1.49,25.7,6,27.40,0,0,0
2,304,419.2,169.8,189.1,1.46,26.6,0,26.89,0,0,0
2,305,419.6,171.2,189.8,1.43,27.3,0,26.33,0,0,0
2,306,420.0,172.5,190.2,1.40,27.7,0,25.72,0,0,0
2,307,420.5,173.8,190.4,1.37,27.9,0,25.46,0,0,0
2,308,420.9,175.2,190.9,1.41,27.1,6,26.12,0,0,0
2,309,421.2,176.6,191.6,1.44,26.5,6,26.82,0,0,0
2,310,421.6,178.0,192.5,1.47,26.2,6,27.57,0,0,0
2,311,421.9,179.5,193.6,1.50,26.2,6,28.38,0,0,0
2,312,422.2,180.9,194.5,1.47,27.1,0,27.82,0,0,0
2,313,422.5,182.3,195.2,1.44,27.8,0,27.20,0,0,0
2,314,422.8,183.7,195.6,1.42,28.2,0,26.54,0,0,0
2,315,423.1,185.1,195.9,1.39,28.4,0,26.21,0,0,0
2,316,423.4,186.4,195.9,1.36,28.4,0,25.47,0,0,0
2,317,423.7,187.8,196.1,1.39,27.3,6,26.07,0,0,0
2,318,424.0,189.2,196.5,1.43,26.5,6,26.71,0,0,0
2,319,424.2,190.6,197.2,1.46,26.0,6,27.40,0,0,0
2,320,424.4,192.1,198.1,1.49,25.7,6,28.14,0,0,0
2,321,424.6,193.6,199.2,1.53,25.7,6,28.96,0,0,0
2,322,424.7,195.2,200.7,1.56,26.1,6,29.85,0,0,0
2,323,424.8,196.7,201.8,1.53,27.2,0,29.33,0,0,0
2,324,425.0,198.2,202.7,1.49,28.1,0,29.10,0,0,0
2,325,425.1,199.6,203.3,1.47,28.7,0,28.06,0,0,0
2,326,425.3,201.0,203.8,1.44,29.2,0,27.69,0,0,0
2,327,425.4,202.4,204.0,1.41,29.4,0,26.92,0,0,0
2,328,425.5,203.8,204.0,1.38,29.4,0,26.13,0,0,0
2,329,425.6,205.2,204.0,1.35,29.4,0,25.36,0,0,0
2,330,425.8,206.5,204.0,1.32,29.4,0,24.90,0,0,0
2,331,425.9,207.8,204.2,1.36,28.2,6,25.49,0,0,0
2,332,425.9,209.2,204.7,1.39,27.3,6,26.13,0,0,0
2,333,426.0,210.7,205.3,1.43,26.7,6,26.81,0,0,0
2,334,426.0,212.1,206.3,1.46,26.4,6,27.55,0,0,0
2,335,425.9,213.6,207.4,1.49,26.4,6,28.37,0,0,0
2,336,425.9,215.1,208.8,1.52,26.7,6,29.26,0,0,0
2,337,425.8,216.7,210.5,1.55,27.3,6,30.25,0,0,0
2,338,425.7,218.2,211.9,1.52,28.6,0,29.79,0,0,0
2,339,425.6,219.7,213.1,1.49,29.8,0,29.22,0,0,0
2,340,425.5,221.1,214.0,1.46,30.7,0,28.57,0,0,0
2,341,425.5,222.6,214.6,1.43,31.3,0,27.86,0,0,0
2,342,425.4,224.0,215.1,1.40,31.8,0,27.40,0,0,0
2,343,425.3,225.4,215.3,1.38,32.0,0,26.60,0,0,0
2,344,425.2,226.7,215.3,1.35,32.0,0,25.78,0,0,0
2,345,425.1,228.0,215.3,1.32,32.0,0,24.98,0,0,0
2,346,425.0,229.4,215.5,1.35,30.7,6,25.52,0,0,0
2,347,424.9,230.7,216.0,1.39,29.7,6,26.38,0,0,0
2,348,424.7,232.2,216.7,1.42,29.0,6,27.02,0,0,0
2,349,424.5,233.6,217.6,1.45,28.6,6,27.72,0,0,0
2,350,424.2,235.0,218.7,1.48,28.5,6,28.50,0,0,0
2,351,423.9,236.5,220.2,1.51,28.7,6,29.36,0,0,0
2,352,423.6,238.0,221.9,1.54,29.2,6,30.33,0,0,0
2,353,423.2,239.5,223.3,1.51,30.6,0,29.83,0,0,0
2,354,422.9,241.0,224.4,1.48,31.7,0,29.23,0,0,0
2,355,422.6,242.4,225.3,1.45,32.6,0,28.56,0,0,0
2,356,422.3,243.8,226.0,1.42,33.3,0,27.82,0,0,0
2,357,422.0,245.1,226.4,1.40,33.7,0,27.30,0,0,0
2,358,421.7,246.5,226.6,1.37,33.9,0,26.47,0,0,0
2,359,421.4,247.8,226.6,1.34,33.9,0,25.62,0,0,0
2,360,421.1,249.0,226.6,1.31,33.9,0,24.80,0,0,0
2,361,420.7,250.4,226.9,1.34,32.5,6,25.54,0,0,0
2,362,420.4,251.7,227.3,1.38,31.5,6,26.09,0,0,0
2,363,420.0,253.0,228.0,1.41,30.7,6,26.69,0,0,0
2,364,419.5,254.4,228.9,1.44,30.2,6,27.35,0,0,0
2,365,419.0,255.8,230.1,1.47,30.0,6,28.09,0,0,0
2,366,418.4,257.2,231.5,1.50,30.1,6,28.92,0,0,0
2,367,417.9,258.6,233.2,1.53,30.6,6,29.84,0,0,0
2,368,417.3,260.0,234.6,1.50,32.0,0,29.34,0,0,0
2,369,416.7,261.3,235.8,1.47,33.1,0,28.73,0,0,0
2,370,416.2,262.6,236.7,1.44,34.0,0,28.05,0,0,0
2,371,415.6,263.9,237.4,1.41,34.7,0,27.57,0,0,0
2,372,415.1,265.2,237.8,1.38,35.1,0,26.76,0,0,0
2,373,414.6,266.5,238.0,1.36,35.4,0,26.17,0,0,0
2,374,414.0,267.7,238.0,1.33,35.4,0,25.30,0,0,0
2,375,413.5,268.9,238.3,1.36,33.9,6,25.74,0,0,0
2,376,412.9,270.2,238.7,1.39,32.8,6,26.23,0,0,0
2,377,412.2,271.4,239.4,1.42,32.0,6,26.78,0,0,0
2,378,411.5,272.7,240.3,1.45,31.4,6,27.67,0,0,0
2,379,410.8,274.0,241.5,1.48,31.2,6,78.36,0,0,0
2,380,410.0,275.3,242.9,1.51,31.3,6,29.15,0,0,0
2,381,409.2,276.6,244.6,1.54,31.7,6,30.05,0,0,0
2,382,408.3,277.9,246.3,1.57,32.1,6,30.93,0,0,0
2,383,407.3,279.1,248.0,1.59,32.4,6,31.80,0,0,0
2,384,406.4,280.4,249.7,1.62,32.8,6,32.65,0,0,0
2,385,405.4,281.7,251.3,1.64,33.2,6,33.48,0,0,0
2,386,404.3,283.0,253.0,1.67,33.5,6,34.29,0,0,0
2,387,403.2,284.3,254.6,1.69,33.9,6,35.15,0,0,0
2,388,402.0,285.6,256.2,1.72,34.3,6,36.20,0,0,0
2,389,400.9,286.9,257.9,1.74,34.6,6,37.01,0,0,0
2,390,399.6,288.1,259.5,1.76,34.9,6,37.74,0,0,0
2,391,398.3,289.4,261.1,1.78,35.3,6,38.45,0,0,0
2,392,397.0,290.6,262.7,1.80,35.6,6,39.12,0,0,0
2,393,395.7,291.8,264.2,1.82,35.9,6,39.77,0,0,0
2,394,394.3,293.0,265.8,1.84,36.3,6,40.38,0,0,0
2,395,392.8,294.2,267.4,1.86,36.6,6,41.06,0,0,0
2,396,391.3,295.3,268.9,1.88,36.9,6,42.04,0,0,0
2,397,389.8,296.5,270.5,1.90,37.2,6,42.56,0,0,0
2,398,388.2,297.6,272.0,1.92,37.5,6,43.05,0,0,0
2,399,386.6,298.7,273.6,1.93,37.8,6,43.93,0,0,0
2,400,385.0,299.7,275.1,1.95,38.1,6,44.52,0,0,0
2,401,383.3,300.8,276.6,1.96,38.4,6,44.89,0,0,0
2,402,381.6,301.8,278.1,1.98,38.7,6,45.73,0,0,0
2,403,379.9,302.7,279.7,1.99,39.0,6,46.20,0,0,0
2,404,378.1,303.7,281.2,2.01,39.2,6,46.59,0,0,0
2,405,376.3,304.6,282.7,2.02,39.5,6,47.39,0,0,0
2,406,374.5,305.5,284.2,2.03,39.8,6,47.57,0,0,0
2,407,372.6,306.3,285.7,2.05,40.0,6,47.68,0,0,0
2,408,370.7,307.1,287.1,2.06,40.3,6,48.15,0,0,0
2,409,368.8,307.9,288.6,2.07,40.5,6,48.57,0,0,0
2,410,366.9,308.7,289.8,2.03,41.8,0,47.39,0,0,0
2,411,365.1,309.4,290.8,1.99,42.8,0,46.22,0,0,0
2,412,363.3,310.1,291.6,1.95,43.5,0,44.89,0,0,0
2,413,361.5,310.8,292.2,1.91,44.1,0,43.84,0,0,0
2,414,359.8,311.5,292.6,1.87,44.5,0,42.28,0,0,0
2,415,358.1,312.2,292.8,1.83,44.7,0,41.01,0,0,0
2,416,356.4,312.9,292.8,1.80,44.7,0,39.29,0,0,0
2,417,354.8,313.5,292.8,1.76,44.7,0,37.98,0,0,0
2,418,353.2,314.2,292.8,1.73,44.7,0,36.58,0,0,0
2,419,351.6,314.8,292.8,1.69,44.7,0,35.54,0,0,0
2,420,350.1,315.4,292.8,1.66,44.7,0,34.16,0,0,0
2,421,348.6,316.0,292.8,1.62,44.7,0,33.09,0,0,0
2,422,347.1,316.6,292.8,1.59,44.7,0,32.14,0,0,0
2,423,345.6,317.2,292.8,1.56,44.7,0,30.83,0,0,0
2,424,344.2,317.8,292.8,1.53,44.7,0,29.93,0,0,0
2,425,342.8,318.4,292.8,1.50,44.7,0,29.08,0,0,0
2,426,341.5,318.9,292.8,1.47,44.7,0,27.92,0,0,0
2,427,340.1,319.4,292.8,1.44,44.7,0,27.09,0,0,0
2,428,338.8,320.0,292.8,1.41,44.7,0,26.31,0,0,0
2,429,337.5,320.5,292.8,1.38,44.7,0,25.35,0,0,0
2,430,336.2,321.0,293.0,1.40,43.0,6,25.60,0,0,0
2,431,334.9,321.4,293.5,1.43,41.5,6,26.00,0,0,0
2,432,333.5,321.8,294.1,1.45,40.4,6,26.44,0,0,0
2,433,332.0,322.2,295.0,1.47,39.6,6,26.94,0,0,0
2,434,330.6,322.5,296.2,1.50,39.1,6,27.37,0,0,0
2,435,329.1,322.8,297.6,1.52,38.9,6,27.76,0,0,0
2,436,327.6,323.1,299.3,1.55,39.0,6,28.46,0,0,0
2,437,326.1,323.3,300.7,1.51,40.4,0,28.00,0,0,0
2,438,324.6,323.6,301.9,1.48,41.5,0,27.45,0,0,0
2,439,323.2,323.8,302.8,1.45,42.4,0,26.82,0,0,0
2,440,321.8,324.1,303.4,1.43,43.1,0,26.15,0,0,0
2,441,320.4,324.3,303.9,1.40,43.5,0,25.45,0,0,0
2,442,319.0,324.5,304.1,1.37,43.7,0,24.72,0,0,0
2,443,317.7,324.7,304.1,1.34,43.7,0,23.97,0,0,0
2,444,316.4,325.0,304.1,1.32,43.7,0,23.25,0,0,0
2,445,315.1,325.2,304.1,1.29,43.7,0,22.30,0,0,0
2,446,313.9,325.4,304.1,1.26,43.7,0,21.64,0,0,0
2,447,312.7,325.6,304.1,1.24,43.7,0,20.99,0,0,0
2,448,311.5,325.8,304.1,1.21,43.7,0,20.37,0,0,0
2,449,310.3,326.0,304.1,1.19,43.7,0,19.76,0,0,0
2,450,309.1,326.2,304.3,1.22,41.7,6,20.18,0,0,0
2,451,307.9,326.3,304.8,1.24,40.1,6,20.63,0,0,0
2,452,306.6,326.3,305.5,1.27,38.8,6,21.11,0,0,0
2,453,305.4,326.4,306.0,1.25,39.3,0,20.56,0,0,0
2,454,304.1,326.5,306.2,1.22,39.5,0,19.99,0,0,0
2,455,302.9,326.6,306.2,1.20,39.5,0,19.40,0,0,0
2,456,301.8,326.6,306.2,1.17,39.5,0,19.03,0,0,0
2,457,300.6,326.7,306.2,1.15,39.5,0,18.46,0,0,0
2,458,299.4,326.7,306.4,1.18,37.6,6,18.92,0,0,0
2,459,298.2,326.7,306.9,1.21,36.1,6,19.39,0,0,0
2,460,297.0,326.7,307.1,1.19,36.4,0,18.86,0,0,0
2,461,295.9,326.7,307.1,1.16,36.4,0,18.31,0,0,0
2,462,294.7,326.7,307.1,1.14,36.4,0,17.77,0,0,0
2,463,293.6,326.6,307.1,1.12,36.4,0,17.25,0,0,0
2,464,292.5,326.6,307.1,1.10,36.4,0,16.92,0,0,0
2,465,291.4,326.6,307.4,1.13,34.5,6,17.40,0,0,0
2,466,290.2,326.5,307.9,1.16,33.1,6,17.91,0,0,0
2,467,289.1,326.3,308.6,1.20,32.0,6,18.44,0,0,0
2,468,287.8,326.2,309.6,1.23,31.3,6,19.01,0,0,0
2,469,286.6,326.0,310.3,1.21,32.0,0,18.60,0,0,0
2,470,285.5,325.8,310.8,1.18,32.5,0,18.14,0,0,0
2,471,284.3,325.6,311.0,1.16,32.8,0,17.65,0,0,0
2,472,283.2,325.5,311.0,1.14,32.8,0,17.14,0,0,0
2,473,282.1,325.3,311.0,1.11,32.8,0,16.82,0,0,0
2,474,281.0,325.2,311.0,1.09,32.8,0,16.33,0,0,0
2,475,279.9,325.0,311.0,1.07,32.8,0,15.86,0,0,0
2,476,278.9,324.9,311.0,1.05,32.8,0,15.55,0,0,0
2,477,277.9,324.7,311.0,1.03,32.8,0,15.11,0,0,0
2,478,276.9,324.6,311.0,1.01,32.8,0,14.67,0,0,0
2,479,275.9,324.4,311.0,0.99,32.8,0,16.61,0,0,0
2,480,275.0,324.3,311.0,0.97,32.8,0,16.12,0,0,0
2,481,274.0,324.2,311.0,0.95,32.8,0,15.65,0,0,0
2,482,273.1,324.0,311.0,0.93,32.8,0,15.19,0,0,0
2,483,272.2,323.9,311.0,0.91,32.8,0,14.75,0,0,0
2,484,271.3,323.7,311.3,0.95,30.8,6,15.49,0,0,0
2,485,270.3,323.5,311.3,0.93,30.8,0,15.04,0,0,0
2,486,269.4,323.3,311.5,0.97,29.0,6,15.78,0,0,0
2,487,268.5,323.1,311.5,0.95,29.0,0,15.32,0,0,0
2,488,267.5,322.9,311.8,1.00,27.3,6,16.05,0,0,0
2,489,266.5,322.6,312.3,1.04,26.1,6,14.66,0,0,0
2,490,265.5,322.3,312.5,1.02,26.3,0,14.29,0,0,0
2,491,264.6,322.0,312.5,1.00,26.3,0,15.91,0,0,0
2,492,263.6,321.7,312.8,1.04,24.9,6,14.55,0,0,0
2,493,262.6,321.3,313.3,1.08,23.9,6,15.26,0,0,0
2,494,261.6,321.0,313.5,1.06,24.1,0,14.87,0,0,0
2,495,260.5,320.6,314.0,1.10,23.1,6,15.42,0,0,0
2,496,259.5,320.2,314.3,1.08,23.4,0,15.03,0,0,0
2,497,258.5,319.8,314.3,1.06,23.4,0,14.76,0,0,0
2,498,257.6,319.5,314.3,1.03,23.4,0,14.34,0,0,0
2,499,256.6,319.1,314.3,1.01,23.4,0,14.09,0,0,0
2,500,255.7,318.7,314.5,1.06,22.2,6,14.60,0,0,0
2,501,254.6,318.3,315.0,1.10,21.3,6,15.31,0,0,0
2,502,253.6,317.8,315.7,1.14,20.8,6,15.91,0,0,0
2,503,252.6,317.3,316.2,1.12,21.3,0,15.56,0,0,0
2,504,251.6,316.9,316.5,1.10,21.5,0,15.34,0,0,0
2,505,250.6,316.4,316.5,1.08,21.5,0,14.90,0,0,0
2,506,249.7,316.0,316.5,1.05,21.5,0,14.63,0,0,0
2,507,248.7,315.5,316.5,1.03,21.5,0,14.51,0,0,0
2,508,247.8,315.0,316.7,1.08,20.4,6,15.05,0,0,0
2,509,246.8,314.5,317.2,1.12,19.7,6,15.78,0,0,0
2,510,245.8,314.0,317.9,1.16,19.3,6,16.41,0,0,0
2,511,244.8,313.4,318.4,1.14,19.8,0,16.05,0,0,0
2,512,243.8,312.9,318.7,1.12,20.0,0,15.81,0,0,0
2,513,242.8,312.4,318.7,1.09,20.0,0,15.35,0,0,0
2,514,241.9,311.9,318.7,1.07,20.0,0,15.22,0,0,0
2,515,240.9,311.3,318.9,1.11,19.0,6,15.76,0,0,0
2,516,239.9,310.7,319.4,1.16,18.4,6,16.51,0,0,0
2,517,238.9,310.1,320.1,1.20,18.1,6,17.14,0,0,0
2,518,237.9,309.4,320.6,1.18,18.6,0,16.77,0,0,0
2,519,236.9,308.8,320.8,1.15,18.8,0,16.69,0,0,0
2,520,235.9,308.2,321.3,1.19,18.2,6,17.27,0,0,0
2,521,235.0,307.5,321.6,1.17,18.5,0,17.19,0,0,0
2,522,234.0,306.9,322.0,1.21,17.9,6,17.78,0,0,0
2,523,232.9,306.1,322.7,1.25,17.7,6,18.42,0,0,0
2,524,231.9,305.4,323.2,1.23,18.1,0,18.00,0,0,0
2,525,230.9,304.7,323.4,1.20,18.4,0,17.72,0,0,0
2,526,229.9,304.0,323.9,1.24,17.9,6,18.29,0,0,0
2,527,228.9,303.3,324.1,1.22,18.1,0,17.80,0,0,0
2,528,227.9,302.5,324.6,1.26,17.6,6,18.78,0,0,0
2,529,226.9,301.7,325.3,1.30,17.4,6,19.42,0,0,0
2,530,225.9,301.0,325.8,1.28,17.8,0,18.97,0,0,0
2,531,224.9,300.2,326.0,1.25,18.1,0,18.87,0,0,0
2,532,224.0,299.4,326.0,1.22,18.1,0,18.29,0,0,0
2,533,223.0,298.6,326.2,1.27,17.3,6,19.22,0,0,0
2,534,222.0,297.8,326.7,1.31,16.9,6,19.79,0,0,0
2,535,220.9,296.9,327.4,1.35,16.8,6,20.44,0,0,0
2,536,219.9,296.0,328.3,1.38,16.9,6,21.17,0,0,0
2,537,218.9,295.1,329.0,1.36,17.6,0,20.75,0,0,0
2,538,217.9,294.2,329.5,1.33,18.0,0,20.73,0,0,0
2,539,216.9,293.4,329.7,1.30,18.2,0,20.15,0,0,0
2,540,216.0,292.5,329.7,1.28,18.2,0,19.94,0,0,0
2,541,215.0,291.7,329.7,1.25,18.2,0,19.31,0,0,0
2,542,214.1,290.8,329.9,1.29,17.5,6,19.82,0,0,0
2,543,213.1,290.0,329.9,1.27,17.5,0,19.62,0,0,0
2,544,212.2,289.1,330.2,1.31,16.8,6,20.13,0,0,0
2,545,211.2,288.1,330.6,1.35,16.4,6,21.17,0,0,0
2,546,210.2,287.2,331.3,1.38,16.3,6,21.87,0,0,0
2,547,209.2,286.1,332.2,1.42,16.5,6,22.63,0,0,0
2,548,208.2,285.1,333.4,1.46,16.9,6,23.50,0,0,0
2,549,207.2,284.0,334.8,1.50,17.6,6,24.49,0,0,0
2,550,206.2,282.9,336.0,1.47,18.7,0,24.20,0,0,0
2,551,205.3,281.8,336.9,1.44,19.6,0,23.78,0,0,0
2,552,204.3,280.8,337.6,1.41,20.3,0,23.25,0,0,0
2,553,203.4,279.8,338.0,1.38,20.7,0,22.65,0,0,0
2,554,202.4,278.8,338.2,1.35,20.9,0,22.16,0,0,0
2,555,201.5,277.8,338.2,1.33,20.9,0,21.96,0,0,0
2,556,200.7,276.9,338.2,1.30,20.9,0,21.23,0,0,0
2,557,199.8,275.9,338.2,1.27,20.9,0,20.85,0,0,0
2,558,198.9,275.0,338.2,1.25,20.9,0,20.29,0,0,0
2,559,198.1,274.1,338.2,1.22,20.9,0,19.63,0,0,0
2,560,197.3,273.2,338.2,1.20,20.9,0,19.40,0,0,0
2,561,196.5,272.3,338.5,1.24,20.0,6,20.06,0,0,0
2,562,195.7,271.3,338.9,1.28,19.5,6,20.77,0,0,0
2,563,194.8,270.3,339.6,1.32,19.2,6,21.47,0,0,0
2,564,194.0,269.3,340.6,1.36,19.2,6,22.25,0,0,0
2,565,193.1,268.2,341.8,1.39,19.4,6,23.12,0,0,0
2,566,192.3,267.0,343.2,1.43,20.0,6,24.10,0,0,0
2,567,191.4,265.9,344.4,1.40,21.1,0,23.77,0,0,0
2,568,190.6,264.8,345.3,1.38,22.1,0,23.32,0,0,0
2,569,189.8,263.7,346.0,1.35,22.7,0,22.78,0,0,0
2,570,189.0,262.6,346.4,1.32,23.2,0,22.19,0,0,0
2,571,188.2,261.6,346.7,1.29,23.4,0,21.85,0,0,0
2,572,187.5,260.6,346.7,1.27,23.4,0,21.51,0,0,0
2,573,186.7,259.5,346.9,1.31,22.5,6,22.18,0,0,0
2,574,185.9,258.4,347.4,1.34,21.8,6,22.75,0,0,0
2,575,185.2,257.3,348.1,1.38,21.4,6,23.39,0,0,0
2,576,184.4,256.1,349.0,1.42,21.3,6,24.11,0,0,0
2,577,183.7,254.8,350.2,1.45,21.5,6,24.94,0,0,0
2,578,182.9,253.6,351.1,1.42,22.4,0,24.46,0,0,0
2,579,182.2,252.4,351.7,1.40,23.1,0,24.05,0,0,0
2,580,181.5,251.3,352.2,1.37,23.6,0,23.63,0,0,0
2,581,180.8,250.0,352.9,1.40,23.1,6,24.40,0,0,0
2,582,180.1,248.8,353.8,1.44,23.0,6,25.20,0,0,0
2,583,179.4,247.5,354.9,1.47,23.1,6,26.04,0,0,0
2,584,178.7,246.1,356.4,1.51,23.5,6,26.92,0,0,0
2,585,178.0,244.8,357.5,1.48,24.6,0,26.53,0,0,0
2,586,177.4,243.5,358.4,1.45,25.5,0,26.08,0,0,0
2,587,176.7,242.3,359.1,1.42,26.2,0,25.59,0,0,0
2,588,176.1,241.0,359.5,1.39,26.7,0,25.07,0,0,0
2,589,175.5,239.8,360.2,1.42,26.1,6,25.80,0,0,0
2,590,174.9,238.4,361.1,1.46,25.8,6,26.57,0,0,0
2,591,174.3,237.1,362.3,1.49,25.8,6,27.38,0,0,0
2,592,173.7,235.7,363.7,1.52,26.1,6,28.26,0,0,0
2,593,173.1,234.2,365.4,1.55,26.7,6,29.21,0,0,0
2,594,172.6,232.8,366.8,1.52,28.1,0,28.81,0,0,0
2,595,172.0,231.4,367.9,1.49,29.3,0,28.33,0,0,0
2,596,171.5,230.0,368.8,1.46,30.2,0,27.78,0,0,0
2,597,171.0,228.7,369.5,1.43,30.8,0,27.18,0,0,0
2,598,170.5,227.4,369.9,1.40,31.3,0,26.54,0,0,0
2,599,170.0,226.1,370.2,1.38,31.5,0,25.87,0,0,0
2,600,169.5,224.8,370.6,1.41,30.5,6,26.49,0,0,0
2,601,169.0,223.4,371.3,1.44,29.8,6,27.16,0,0,0
2,602,168.6,222.0,372.2,1.47,29.3,6,27.87,0,0,0
2,603,168.2,220.6,373.4,1.50,29.2,6,28.64,0,0,0
2,604,167.8,219.1,374.8,1.53,29.4,6,29.49,0,0,0
2,605,167.4,217.6,376.5,1.56,29.8,6,30.41,0,0,0
2,606,167.1,216.1,377.9,1.53,31.2,0,29.94,0,0,0
2,607,166.7,214.6,379.0,1.50,32.4,0,29.38,0,0,0
2,608,166.4,213.2,379.9,1.47,33.3,0,28.75,0,0,0
2,609,166.1,211.8,380.6,1.44,33.9,0,28.07,0,0,0
2,610,165.7,210.4,381.0,1.41,34.4,0,27.35,0,0,0
2,611,165.4,209.1,381.2,1.38,34.6,0,26.60,0,0,0
2,612,165.1,207.7,381.7,1.41,33.5,6,27.16,0,0,0
2,613,164.9,206.3,382.3,1.44,32.6,6,27.76,0,0,0
2,614,164.6,204.8,383.3,1.47,32.1,6,28.42,0,0,0
2,615,164.4,203.3,384.4,1.50,31.9,6,29.14,0,0,0
2,616,164.3,201.8,385.8,1.53,31.9,6,779.94,1,0,0
3,1,170.0,188.3,0.0,0.00,0.0,0,50.00,0,0,0
3,2,170.0,188.2,0.0,0.07,0.0,6,0.62,0,0,0
3,3,170.0,188.1,0.0,0.14,0.0,6,1.33,0,0,0
3,4,170.0,187.9,0.0,0.20,0.0,6,2.02,0,0,0
3,5,170.0,187.6,0.0,0.27,0.0,6,2.70,0,0,0
3,6,170.0,187.3,0.0,0.33,0.0,6,3.36,0,0,0
3,7,170.0,186.9,0.0,0.39,0.0,6,4.01,0,0,0
3,8,170.0,186.5,0.0,0.45,0.0,6,4.65,0,0,0
3,9,170.0,185.9,0.0,0.51,0.0,6,5.27,0,0,0
3,10,170.0,185.4,2.4,0.57,2.4,6,5.88,0,0,0
3,11,170.0,184.7,4.7,0.63,4.5,6,6.47,0,0,0
3,12,170.0,184.1,7.0,0.68,6.3,6,7.03,0,0,0
3,13,170.0,183.3,9.3,0.74,8.0,6,7.58,0,0,0
3,14,170.1,182.5,11.5,0.79,9.5,6,8.41,0,0,0
3,15,170.1,181.7,13.6,0.84,10.9,6,9.00,0,0,0
3,16,170.2,180.8,15.7,0.89,12.2,6,9.59,0,0,0
3,17,170.2,179.9,17.8,0.94,13.4,6,10.16,0,0,0
3,18,170.3,178.9,19.9,0.99,14.5,6,10.73,0,0,0
3,19,170.4,177.8,21.9,1.04,15.6,6,10.73,0,0,0
3,20,170.6,176.8,23.9,1.08,16.6,6,11.48,0,0,0
3,21,170.7,175.7,25.8,1.13,17.5,6,11.96,0,0,0
3,22,170.9,174.5,27.7,1.17,18.4,6,12.78,0,0,0
3,23,171.1,173.3,29.6,1.21,19.3,6,13.42,0,0,0
3,24,171.4,172.1,31.5,1.25,20.1,6,14.29,0,0,0
3,25,171.7,170.8,33.4,1.29,20.9,6,16.34,0,0,0
3,26,172.0,169.5,35.2,1.33,21.7,6,16.95,0,0,0
3,27,172.3,168.2,37.0,1.37,22.5,6,17.56,0,0,0
3,28,172.7,166.8,38.8,1.40,23.2,6,18.16,0,0,0
3,29,173.1,165.5,40.5,1.44,23.9,6,18.45,0,0,0
3,30,173.6,164.1,42.3,1.47,24.5,6,19.32,0,0,0
3,31,174.0,162.6,44.0,1.51,25.2,6,22.47,0,0,0
3,32,174.5,161.2,45.4,1.48,26.6,0,22.48,0,0,0
3,33,175.0,159.9,46.6,1.45,27.8,0,22.08,0,0,0
3,34,175.4,158.5,47.5,1.42,28.7,0,21.61,0,0,0
3,35,175.9,157.2,48.2,1.39,29.3,0,21.36,0,0,0
3,36,176.3,155.9,48.6,1.36,29.8,0,20.80,0,0,0
3,37,176.8,154.7,48.8,1.34,30.0,0,23.12,0,0,0
3,38,177.2,153.4,48.8,1.31,30.0,0,22.63,0,0,0
3,39,177.6,152.2,48.8,1.28,30.0,0,21.92,0,0,0
3,40,178.0,151.0,48.8,1.26,30.0,0,21.45,0,0,0
3,41,178.4,149.8,48.8,1.23,30.0,0,20.98,0,0,0
3,42,178.8,148.7,48.8,1.21,30.0,0,20.53,0,0,0
3,43,179.2,147.5,49.1,1.24,28.7,6,21.05,0,0,0
3,44,179.7,146.4,49.5,1.28,27.7,6,21.61,0,0,0
3,45,180.2,145.1,50.2,1.31,27.0,6,22.45,0,0,0
3,46,180.8,143.9,51.2,1.35,26.6,6,23.13,0,0,0
3,47,181.4,142.7,52.4,1.38,26.5,6,23.89,0,0,0
3,48,182.0,141.5,53.3,1.36,27.4,0,23.41,0,0,0
3,49,182.6,140.3,54.0,1.33,28.1,0,23.33,0,0,0
3,50,183.1,139.1,54.5,1.30,28.6,0,22.70,0,0,0
3,51,183.7,137.9,54.7,1.28,28.8,0,22.25,0,0,0
3,52,184.2,136.8,54.7,1.25,28.8,0,21.54,0,0,0
3,53,184.8,135.7,54.7,1.23,28.8,0,21.26,0,0,0
3,54,185.3,134.6,54.9,1.26,27.5,6,22.22,0,0,0
3,55,186.0,133.5,55.4,1.30,26.6,6,22.82,0,0,0
3,56,186.6,132.3,56.1,1.33,26.0,6,23.47,0,0,0
3,57,187.4,131.1,57.0,1.37,25.7,6,24.19,0,0,0
3,58,188.1,129.9,58.2,1.40,25.6,6,24.98,0,0,0
3,59,188.9,128.7,59.7,1.44,25.9,6,25.88,0,0,0
3,60,189.7,127.6,60.8,1.41,27.1,0,25.43,0,0,0
3,61,190.5,126.4,61.7,1.38,28.0,0,25.13,0,0,0
3,62,191.2,125.3,62.4,1.35,28.7,0,25.00,0,0,0
3,63,192.0,124.2,63.4,1.39,28.3,6,25.71,0,0,0
3,64,192.8,123.1,64.0,1.36,28.9,0,25.06,0,0,0
3,65,193.6,122.0,64.5,1.33,29.4,0,24.35,0,0,0
3,66,194.4,120.9,65.2,1.37,28.7,6,25.57,0,0,0
3,67,195.2,119.8,66.1,1.40,28.2,6,26.43,0,0,0
3,68,196.1,118.7,67.3,1.43,28.1,6,27.23,0,0,0
3,69,197.1,117.5,68.7,1.46,28.3,6,28.12,0,0,0
3,70,198.1,116.4,70.5,1.50,28.8,6,78.81,0,0,0
3,71,199.1,115.3,72.2,1.53,29.3,6,29.59,0,0,0
3,72,200.2,114.2,73.9,1.56,29.7,6,30.44,0,0,0
3,73,201.3,113.1,75.6,1.58,30.2,6,31.33,0,0,0
3,74,202.5,112.0,77.3,1.61,30.7,6,32.24,0,0,0
3,75,203.7,110.9,78.9,1.64,31.1,6,33.18,0,0,0
3,76,205.0,109.8,80.6,1.67,31.5,6,34.13,0,0,0
3,77,206.3,108.7,82.2,1.69,32.0,6,35.08,0,0,0
3,78,207.6,107.6,83.9,1.72,32.4,6,36.04,0,0,0
3,79,209.0,106.6,85.5,1.74,32.8,6,36.99,0,0,0
3,80,210.4,105.5,87.1,1.76,33.2,6,37.94,0,0,0
3,81,211.9,104.5,88.7,1.79,33.6,6,38.89,0,0,0
3,82,213.4,103.5,90.3,1.81,34.0,6,39.83,0,0,0
3,83,214.9,102.5,91.9,1.83,34.4,6,40.57,0,0,0
3,84,216.5,101.6,93.4,1.85,34.7,6,41.26,0,0,0
3,85,218.1,100.6,95.0,1.87,35.1,6,41.91,0,0,0
3,86,219.8,99.7,96.6,1.89,35.4,6,42.67,0,0,0
3,87,221.5,98.8,98.1,1.91,35.8,6,43.56,0,0,0
3,88,223.2,98.0,99.6,1.92,36.1,6,44.43,0,0,0
3,89,225.0,97.1,101.2,1.94,36.5,6,45.29,0,0,0
3,90,226.7,96.3,102.4,1.90,37.7,0,44.57,0,0,0
3,91,228.4,95.5,103.5,1.87,38.8,0,43.60,0,0,0
3,92,230.0,94.8,104.3,1.83,39.6,0,42.17,0,0,0
3,93,231.6,94.0,104.9,1.79,40.2,0,41.19,0,0,0
3,94,233.2,93.2,105.3,1.76,40.6,0,40.17,0,0,0
3,95,234.8,92.5,105.5,1.72,40.8,0,39.11,0,0,0
3,96,236.3,91.8,105.5,1.69,40.8,0,37.49,0,0,0
3,97,237.8,91.1,105.5,1.65,40.8,0,36.45,0,0,0
3,98,239.3,90.4,105.5,1.62,40.8,0,35.43,0,0,0
3,99,240.7,89.7,105.5,1.59,40.8,0,34.32,0,0,0
3,100,242.1,89.0,105.5,1.56,40.8,0,33.02,0,0,0
3,101,243.5,88.4,105.5,1.52,40.8,0,32.10,0,0,0
3,102,244.8,87.8,105.5,1.49,40.8,0,31.19,0,0,0
3,103,246.2,87.1,105.7,1.52,39.3,6,31.57,0,0,0
3,104,247.6,86.6,106.1,1.54,38.1,6,31.71,0,0,0
3,105,249.1,86.0,106.8,1.56,37.2,6,32.23,0,0,0
3,106,250.6,85.5,107.6,1.59,36.6,6,32.82,0,0,0
3,107,252.1,85.0,108.8,1.61,36.3,6,33.47,0,0,0
3,108,253.6,84.5,109.6,1.58,37.1,0,32.73,0,0,0
3,109,255.2,84.1,110.8,1.60,36.8,6,33.37,0,0,0
3,110,256.8,83.7,112.1,1.63,36.7,6,34.08,0,0,0
3,111,258.4,83.3,113.8,1.65,36.9,6,34.78,0,0,0
3,112,259.9,83.0,115.1,1.62,38.3,0,33.94,0,0,0
3,113,261.5,82.6,116.3,1.58,39.4,0,33.09,0,0,0
3,114,263.0,82.2,117.1,1.55,40.3,0,32.31,0,0,0
3,115,264.5,81.9,117.8,1.52,40.9,0,31.48,0,0,0
3,116,265.9,81.6,118.2,1.49,41.3,0,30.62,0,0,0
3,117,267.3,81.2,118.4,1.46,41.6,0,29.73,0,0,0
3,118,268.7,80.9,118.4,1.43,41.6,0,28.55,0,0,0
3,119,270.1,80.6,118.4,1.40,41.6,0,27.65,0,0,0
3,120,271.4,80.3,118.4,1.37,41.6,0,26.82,0,0,0
3,121,272.8,80.0,118.4,1.35,41.6,0,25.90,0,0,0
3,122,274.0,79.7,118.4,1.32,41.6,0,24.95,0,0,0
3,123,275.4,79.4,118.7,1.35,39.9,6,25.40,0,0,0
3,124,276.7,79.2,119.1,1.37,38.5,6,25.89,0,0,0
3,125,278.1,79.0,119.8,1.40,37.4,6,26.37,0,0,0
3,126,279.5,78.8,120.7,1.43,36.7,6,26.71,0,0,0
3,127,281.0,78.7,121.9,1.45,36.2,6,27.30,0,0,0
3,128,282.5,78.7,123.3,1.48,36.1,6,27.99,0,0,0
3,129,283.9,78.6,124.5,1.45,37.2,0,27.43,0,0,0
3,130,285.3,78.5,125.4,1.42,38.1,0,26.80,0,0,0
3,131,286.7,78.5,126.0,1.39,38.8,0,26.12,0,0,0
3,132,288.1,78.4,126.5,1.37,39.3,0,25.14,0,0,0
3,133,289.4,78.3,126.7,1.34,39.5,0,24.41,0,0,0
3,134,290.7,78.3,126.7,1.31,39.5,0,23.66,0,0,0
3,135,292.0,78.2,126.7,1.29,39.5,0,22.94,0,0,0
3,136,293.3,78.1,126.7,1.26,39.5,0,22.24,0,0,0
3,137,294.5,78.1,126.7,1.23,39.5,0,21.43,0,0,0
3,138,295.7,78.0,126.7,1.21,39.5,0,20.70,0,0,0
3,139,296.9,78.0,126.7,1.19,39.5,0,20.08,0,0,0
3,140,298.1,77.9,126.7,1.16,39.5,0,19.48,0,0,0
3,141,299.2,77.9,126.7,1.14,39.5,0,18.80,0,0,0
3,142,300.3,77.8,126.7,1.12,39.5,0,18.15,0,0,0
3,143,301.4,77.7,126.7,1.09,39.5,0,17.61,0,0,0
3,144,302.5,77.7,126.7,1.07,39.5,0,17.09,0,0,0
3,145,303.5,77.6,126.7,1.05,39.5,0,16.58,0,0,0
3,146,304.5,77.6,126.7,1.03,39.5,0,16.10,0,0,0
3,147,305.6,77.5,126.7,1.01,39.5,0,15.61,0,0,0
3,148,306.5,77.5,126.7,0.99,39.5,0,17.34,0,0,0
3,149,307.5,77.5,126.7,0.97,39.5,0,16.81,0,0,0
3,150,308.5,77.4,126.7,0.95,39.5,0,16.29,0,0,0
3,151,309.4,77.4,126.7,0.93,39.5,0,15.80,0,0,0
3,152,310.3,77.4,127.0,0.97,37.1,6,16.52,0,0,0
3,153,311.3,77.4,127.5,1.00,35.3,6,14.90,0,0,0
3,154,312.4,77.5,128.2,1.04,33.9,6,15.49,0,0,0
3,155,313.5,77.6,129.3,1.08,32.9,6,16.10,0,0,0
3,156,314.5,77.7,130.0,1.05,33.6,0,15.74,0,0,0
3,157,315.5,77.8,130.5,1.03,34.1,0,15.34,0,0,0
3,158,316.5,77.9,130.8,1.01,34.4,0,14.88,0,0,0
3,159,317.5,78.1,130.8,0.99,34.4,0,16.91,0,0,0
3,160,318.5,78.2,130.8,0.97,34.4,0,16.41,0,0,0
3,161,319.5,78.3,131.0,1.01,32.4,6,14.47,0,0,0
3,162,320.5,78.5,131.0,0.99,32.4,0,16.63,0,0,0
3,163,321.5,78.7,131.3,1.03,30.6,6,14.56,0,0,0
3,164,322.5,78.9,131.8,1.07,29.2,6,15.07,0,0,0
3,165,323.6,79.2,132.5,1.11,28.3,6,15.61,0,0,0
3,166,324.6,79.4,133.0,1.08,28.7,0,15.25,0,0,0
3,167,325.7,79.7,133.8,1.12,27.8,6,15.78,0,0,0
3,168,326.8,80.0,134.2,1.10,28.3,0,15.42,0,0,0
3,169,327.8,80.3,134.5,1.08,28.5,0,15.03,0,0,0
3,170,328.8,80.6,134.5,1.06,28.5,0,14.60,0,0,0
3,171,329.8,80.9,134.5,1.04,28.5,0,14.19,0,0,0
3,172,330.9,81.2,134.7,1.08,27.0,6,14.63,0,0,0
3,173,331.9,81.6,134.7,1.05,27.0,0,14.22,0,0,0
3,174,332.8,81.9,134.7,1.03,27.0,0,13.83,0,0,0
3,175,333.8,82.2,134.7,1.01,27.0,0,13.44,0,0,0
3,176,334.8,82.5,134.7,0.99,27.0,0,15.96,0,0,0
3,177,335.7,82.8,134.7,0.97,27.0,0,15.50,0,0,0
3,178,336.6,83.1,134.7,0.95,27.0,0,15.07,0,0,0
3,179,337.5,83.4,134.7,0.93,27.0,0,14.64,0,0,0
3,180,338.4,83.6,134.7,0.92,27.0,0,14.23,0,0,0
3,181,339.2,83.9,134.7,0.90,27.0,0,13.83,0,0,0
3,182,340.0,84.2,134.7,0.88,27.0,0,13.44,0,0,0
3,183,340.9,84.4,134.7,0.86,27.0,0,13.07,0,0,0
3,184,341.7,84.7,134.7,0.84,27.0,0,12.71,0,0,0
3,185,342.5,84.9,134.7,0.83,27.0,0,12.36,0,0,0
3,186,343.2,85.2,134.7,0.81,27.0,0,12.02,0,0,0
3,187,344.0,85.4,134.7,0.79,27.0,0,11.69,0,0,0
3,188,344.7,85.7,134.7,0.78,27.0,0,11.37,0,0,0
3,189,345.5,85.9,134.7,0.76,27.0,0,11.06,0,0,0
3,190,346.2,86.1,134.7,0.75,27.0,0,10.75,0,0,0
3,191,346.9,86.3,134.7,0.73,27.0,0,10.46,0,0,0
3,192,347.6,86.6,134.7,0.72,27.0,0,10.18,0,0,0
3,193,348.2,86.8,134.7,0.70,27.0,0,9.90,0,0,0
3,194,348.9,87.0,134.7,0.69,27.0,0,9.64,0,0,0
3,195,349.5,87.2,134.7,0.68,27.0,0,9.38,0,0,0
3,196,350.2,87.4,134.7,0.66,27.0,0,9.13,0,0,0
3,197,350.8,87.6,134.7,0.65,27.0,0,8.89,0,0,0
3,198,351.4,87.8,134.7,0.64,27.0,0,8.65,0,0,0
3,199,352.0,88.0,134.7,0.62,27.0,0,8.42,0,0,0
3,200,352.6,88.2,134.7,0.61,27.0,0,8.20,0,0,0
3,201,353.2,88.4,135.0,0.66,24.6,6,8.97,0,0,0
3,202,353.8,88.7,135.6,0.71,22.9,6,9.75,0,0,0
3,203,354.5,88.9,135.9,0.70,23.2,0,9.51,0,0,0
3,204,355.1,89.2,135.9,0.68,23.2,0,9.26,0,0,0
3,205,355.7,89.5,135.9,0.67,23.2,0,9.02,0,0,0
3,206,356.3,89.7,135.9,0.66,23.2,0,8.79,0,0,0
3,207,356.9,90.0,135.9,0.64,23.2,0,8.56,0,0,0
3,208,357.5,90.2,135.9,0.63,23.2,0,8.34,0,0,0
3,209,358.1,90.5,136.2,0.68,21.2,6,9.10,0,0,0
3,210,358.8,90.8,136.7,0.73,19.8,6,9.86,0,0,0
3,211,359.5,91.2,137.6,0.78,18.9,6,10.66,0,0,0
3,212,360.2,91.6,138.7,0.83,18.5,6,11.49,0,0,0
3,213,360.9,92.0,139.5,0.81,19.3,0,11.29,0,0,0
3,214,361.6,92.4,140.0,0.80,19.9,0,11.06,0,0,0
3,215,362.2,92.8,140.3,0.78,20.1,0,10.80,0,0,0
3,216,362.9,93.2,140.3,0.77,20.1,0,10.52,0,0,0
3,217,363.6,93.6,140.3,0.75,20.1,0,10.24,0,0,0
3,218,364.2,94.0,140.3,0.74,20.1,0,9.98,0,0,0
3,219,364.8,94.3,140.3,0.72,20.1,0,9.72,0,0,0
3,220,365.4,94.7,140.3,0.71,20.1,0,9.47,0,0,0
3,221,366.1,95.1,140.6,0.76,18.6,6,10.21,0,0,0
3,222,366.7,95.5,140.6,0.74,18.6,0,9.95,0,0,0
3,223,367.4,95.9,140.9,0.79,17.3,6,10.68,0,0,0
3,224,368.1,96.4,141.4,0.84,16.5,6,11.43,0,0,0
3,225,368.8,96.9,142.2,0.89,16.0,6,12.22,0,0,0
3,226,369.5,97.5,143.3,0.94,16.0,6,13.06,0,0,0
3,227,370.3,98.0,144.1,0.92,16.8,0,12.86,0,0,0
3,228,371.0,98.6,144.6,0.90,17.3,0,12.61,0,0,0
3,229,371.7,99.2,145.4,0.95,16.8,6,13.40,0,0,0
3,230,372.4,99.8,145.9,0.93,17.3,0,13.14,0,0,0
3,231,373.2,100.4,146.7,0.98,16.9,6,13.94,0,0,0
3,232,374.0,101.1,147.7,1.03,16.9,6,11.64,0,0,0
3,233,374.8,101.8,149.1,1.07,17.1,6,12.23,0,0,0
3,234,375.5,102.5,150.1,1.05,18.1,0,12.12,0,0,0
3,235,376.3,103.2,150.8,1.03,18.9,0,12.09,0,0,0
3,236,377.1,103.8,151.3,1.01,19.4,0,11.86,0,0,0
3,237,377.8,104.5,151.6,0.99,19.7,0,14.61,0,0,0
3,238,378.5,105.1,151.6,0.97,19.7,0,14.22,0,0,0
3,239,379.2,105.8,151.6,0.95,19.7,0,13.84,0,0,0
3,240,379.9,106.4,151.6,0.93,19.7,0,13.47,0,0,0
3,241,380.6,107.0,151.6,0.91,19.7,0,13.11,0,0,0
3,242,381.3,107.6,151.6,0.89,19.7,0,12.77,0,0,0
3,243,381.9,108.2,151.6,0.87,19.7,0,12.43,0,0,0
3,244,382.5,108.8,151.6,0.86,19.7,0,12.11,0,0,0
3,245,383.2,109.3,151.6,0.84,19.7,0,11.79,0,0,0
3,246,383.8,109.9,151.9,0.89,18.4,6,12.51,0,0,0
3,247,384.4,110.5,151.9,0.87,18.4,0,12.18,0,0,0
3,248,385.1,111.1,151.9,0.85,18.4,0,11.87,0,0,0
3,249,385.7,111.7,152.1,0.90,17.3,6,12.58,0,0,0
3,250,386.4,112.4,152.6,0.95,16.6,6,13.33,0,0,0
3,251,387.0,113.1,152.9,0.93,16.9,0,13.03,0,0,0
3,252,387.7,113.8,153.4,0.98,16.2,6,13.77,0,0,0
3,253,388.4,114.6,154.2,1.02,15.9,6,11.87,0,0,0
3,254,389.0,115.3,154.7,1.00,16.4,0,11.66,0,0,0
3,255,389.7,116.1,154.9,0.98,16.7,0,13.97,0,0,0
3,256,390.3,116.8,154.9,0.96,16.7,0,13.60,0,0,0
3,257,391.0,117.5,155.2,1.01,15.8,6,11.88,0,0,0
3,258,391.6,118.3,155.2,0.99,15.8,0,13.92,0,0,0
3,259,392.2,119.0,155.2,0.97,15.8,0,13.56,0,0,0
3,260,392.9,119.8,155.4,1.02,15.0,6,12.21,0,0,0
3,261,393.6,120.7,155.9,1.06,14.5,6,12.83,0,0,0
3,262,394.2,121.5,156.7,1.11,14.4,6,13.37,0,0,0
3,263,394.9,122.5,157.7,1.15,14.6,6,13.97,0,0,0
3,264,395.6,123.4,158.4,1.13,15.3,0,13.77,0,0,0
3,265,396.3,124.2,158.9,1.11,15.8,0,13.50,0,0,0
3,266,396.9,125.1,159.2,1.08,16.0,0,13.46,0,0,0
3,267,397.6,126.0,159.2,1.06,16.0,0,13.44,0,0,0
3,268,398.2,126.9,159.4,1.11,15.3,6,14.19,0,0,0
3,269,398.9,127.8,159.9,1.15,14.9,6,14.95,0,0,0
3,270,399.5,128.8,160.6,1.20,14.8,6,15.70,0,0,0
3,271,400.2,129.8,161.6,1.24,14.9,6,16.45,0,0,0
3,272,400.9,130.8,162.3,1.21,15.6,0,16.34,0,0,0
3,273,401.5,131.8,162.8,1.19,16.1,0,16.21,0,0,0
3,274,402.2,132.9,163.5,1.23,16.0,6,16.95,0,0,0
3,275,402.8,133.9,164.0,1.21,16.4,0,16.79,0,0,0
3,276,403.5,134.9,164.2,1.18,16.7,0,17.36,0,0,0
3,277,404.1,135.9,164.7,1.22,16.2,6,18.12,0,0,0
3,278,404.8,137.0,165.4,1.27,16.1,6,18.88,0,0,0
3,279,405.4,138.2,166.4,1.31,16.2,6,19.65,0,0,0
3,280,406.1,139.3,167.6,1.35,16.6,6,20.43,0,0,0
3,281,406.7,140.5,168.5,1.32,17.5,0,20.16,0,0,0
3,282,407.3,141.6,169.2,1.29,18.2,0,19.87,0,0,0
3,283,408.0,142.7,169.7,1.27,18.7,0,19.55,0,0,0
3,284,408.6,143.8,169.9,1.24,18.9,0,19.77,0,0,0
3,285,409.2,144.9,170.4,1.28,18.4,6,20.49,0,0,0
3,286,409.8,146.1,171.1,1.32,18.1,6,21.29,0,0,0
3,287,410.4,147.3,172.0,1.36,18.2,6,22.14,0,0,0
3,288,411.0,148.6,173.2,1.40,18.5,6,22.96,0,0,0
3,289,411.5,149.8,174.1,1.37,19.4,0,22.60,0,0,0
3,290,412.1,151.1,174.8,1.34,20.1,0,22.20,0,0,0
3,291,412.7,152.3,175.3,1.32,20.6,0,22.02,0,0,0
3,292,413.2,153.4,175.5,1.29,20.8,0,21.48,0,0,0
3,293,413.8,154.6,175.9,1.33,20.2,6,22.19,0,0,0
3,294,414.3,155.9,176.6,1.37,19.9,6,22.98,0,0,0
3,295,414.9,157.2,177.6,1.40,19.9,6,23.87,0,0,0
3,296,415.4,158.5,178.7,1.44,20.1,6,24.87,0,0,0
3,297,415.9,159.9,180.2,1.48,20.6,6,25.92,0,0,0
3,298,416.4,161.3,181.9,1.51,21.5,6,26.89,0,0,0
3,299,416.9,162.8,183.6,1.55,22.2,6,27.87,0,0,0
3,300,417.4,164.2,185.0,1.51,23.6,0,27.52,0,0,0
3,301,417.8,165.6,186.2,1.48,24.8,0,27.09,0,0,0
3,302,418.3,167.0,187.1,1.45,25.7,0,76.59,0,0,0
3,303,418.8,168.4,188.2,1.49,25.7,6,27.40,0,0,0
3,304,419.2,169.8,189.1,1.46,26.6,0,26.89,0,0,0
3,305,419.6,171.2,189.8,1.43,27.3,0,26.33,0,0,0
3,306,420.0,172.5,190.2,1.40,27.7,0,25.72,0,0,0
3,307,420.5,173.8,190.4,1.37,27.9,0,25.46,0,0,0
3,308,420.9,175.2,190.9,1.41,27.1,6,26.12,0,0,0
3,309,421.2,176.6,191.6,1.44,26.5,6,26.82,0,0,0
3,310,421.6,178.0,192.5,1.47,26.2,6,27.57,0,0,0
3,311,421.9,179.5,193.6,1.50,26.2,6,28.38,0,0,0
3,312,422.2,180.9,194.5,1.47,27.1,0,27.82,0,0,0
3,313,422.5,182.3,195.2,1.44,27.8,0,27.20,0,0,0
3,314,422.8,183.7,195.6,1.42,28.2,0,26.54,0,0,0
3,315,423.1,185.1,195.9,1.39,28.4,0,26.21,0,0,0
3,316,423.4,186.4,195.9,1.36,28.4,0,25.47,0,0,0
3,317,423.7,187.8,196.1,1.39,27.3,6,26.07,0,0,0
3,318,424.0,189.2,196.5,1.43,26.5,6,26.71,0,0,0
3,319,424.2,190.6,197.2,1.46,26.0,6,27.40,0,0,0
3,320,424.4,192.1,198.1,1.49,25.7,6,28.14,0,0,0
3,321,424.6,193.6,199.2,1.53,25.7,6,28.96,0,0,0
3,322,424.7,195.2,200.7,1.56,26.1,6,29.85,0,0,0
3,323,424.8,196.7,201.8,1.53,27.2,0,29.33,0,0,0
3,324,425.0,198.2,202.7,1.49,28.1,0,29.10,0,0,0
3,325,425.1,199.6,203.3,1.47,28.7,0,28.06,0,0,0
3,326,425.3,201.0,203.8,1.44,29.2,0,27.69,0,0,0
3,327,425.4,202.4,204.0,1.41,29.4,0,26.92,0,0,0
3,328,425.5,203.8,204.0,1.38,29.4,0,26.13,0,0,0
3,329,425.6,205.2,204.0,1.35,29.4,0,25.36,0,0,0
3,330,425.8,206.5,204.0,1.32,29.4,0,24.90,0,0,0
3,331,425.9,207.8,204.2,1.36,28.2,6,25.49,0,0,0
3,332,425.9,209.2,204.7,1.39,27.3,6,26.13,0,0,0
3,333,426.0,210.7,205.3,1.43,26.7,6,26.81,0,0,0
3,334,426.0,212.1,206.3,1.46,26.4,6,27.55,0,0,0
3,335,425.9,213.6,207.4,1.49,26.4,6,28.37,0,0,0
3,336,425.9,215.1,208.8,1.52,26.7,6,29.26,0,0,0
3,337,425.8,216.7,210.5,1.55,27.3,6,30.25,0,0,0
3,338,425.7,218.2,211.9,1.52,28.6,0,29.79,0,0,0
3,339,425.6,219.7,213.1,1.49,29.8,0,29.22,0,0,0
3,340,425.5,221.1,214.0,1.46,30.7,0,28.57,0,0,0
3,341,425.5,222.6,214.6,1.43,31.3,0,27.86,0,0,0
3,342,425.4,224.0,215.1,1.40,31.8,0,27.40,0,0,0
3,343,425.3,225.4,215.3,1.38,32.0,0,26.60,0,0,0
3,344,425.2,226.7,215.3,1.35,32.0,0,25.78,0,0,0
3,345,425.1,228.0,215.3,1.32,32.0,0,24.98,0,0,0
3,346,425.0,229.4,215.5,1.35,30.7,6,25.52,0,0,0
3,347,424.9,230.7,216.0,1.39,29.7,6,26.38,0,0,0
3,348,424.7,232.2,216.7,1.42,29.0,6,27.02,0,0,0
3,349,424.5,233.6,217.6,1.45,28.6,6,27.72,0,0,0
3,350,424.2,235.0,218.7,1.48,28.5,6,28.50,0,0,0
3,351,423.9,236.5,220.2,1.51,28.7,6,29.36,0,0,0
3,352,423.6,238.0,221.9,1.54,29.2,6,30.33,0,0,0
3,353,423.2,239.5,223.3,1.51,30.6,0,29.83,0,0,0
3,354,422.9,241.0,224.4,1.48,31.7,0,29.23,0,0,0
3,355,422.6,242.4,225.3,1.45,32.6,0,28.56,0,0,0
3,356,422.3,243.8,226.0,1.42,33.3,0,27.82,0,0,0
3,357,422.0,245.1,226.4,1.40,33.7,0,27.30,0,0,0
3,358,421.7,246.5,226.6,1.37,33.9,0,26.47,0,0,0
3,359,421.4,247.8,226.6,1.34,33.9,0,25.62,0,0,0
3,360,421.1,249.0,226.6,1.31,33.9,0,24.80,0,0,0
3,361,420.7,250.4,226.9,1.34,32.5,6,25.54,0,0,0
3,362,420.4,251.7,227.3,1.38,31.5,6,26.09,0,0,0
3,363,420.0,253.0,228.0,1.41,30.7,6,26.69,0,0,0
3,364,419.5,254.4,228.9,1.44,30.2,6,27.35,0,0,0
3,365,419.0,255.8,230.1,1.47,30.0,6,28.09,0,0,0
3,366,418.4,257.2,231.5,1.50,30.1,6,28.92,0,0,0
3,367,417.9,258.6,233.2,1.53,30.6,6,29.84,0,0,0
3,368,417.3,260.0,234.6,1.50,32.0,0,29.34,0,0,0
3,369,416.7,261.3,235.8,1.47,33.1,0,28.73,0,0,0
3,370,416.2,262.6,236.7,1.44,34.0,0,28.05,0,0,0
3,371,415.6,263.9,237.4,1.41,34.7,0,27.57,0,0,0
3,372,415.1,265.2,237.8,1.38,35.1,0,26.76,0,0,0
3,373,414.6,266.5,238.0,1.36,35.4,0,26.17,0,0,0
3,374,414.0,267.7,238.0,1.33,35.4,0,25.30,0,0,0
3,375,413.5,268.9,238.3,1.36,33.9,6,25.74,0,0,0
3,376,412.9,270.2,238.7,1.39,32.8,6,26.23,0,0,0
3,377,412.2,271.4,239.4,1.42,32.0,6,26.78,0,0,0
3,378,411.5,272.7,240.3,1.45,31.4,6,27.67,0,0,0
3,379,410.8,274.0,241.5,1.48,31.2,6,78.36,0,0,0
3,380,410.0,275.3,242.9,1.51,31.3,6,29.15,0,0,0
3,381,409.2,276.6,244.6,1.54,31.7,6,30.05,0,0,0
3,382,408.3,277.9,246.3,1.57,32.1,6,30.93,0,0,0
3,383,407.3,279.1,248.0,1.59,32.4,6,31.80,0,0,0
3,384,406.4,280.4,249.7,1.62,32.8,6,32.65,0,0,0
3,385,405.4,281.7,251.3,1.64,33.2,6,33.48,0,0,0
3,386,404.3,283.0,253.0,1.67,33.5,6,34.29,0,0,0
3,387,403.2,284.3,254.6,1.69,33.9,6,35.15,0,0,0
3,388,402.0,285.6,256.2,1.72,34.3,6,36.20,0,0,0
3,389,400.9,286.9,257.9,1.74,34.6,6,37.01,0,0,0
3,390,399.6,288.1,259.5,1.76,34.9,6,37.74,0,0,0
3,391,398.3,289.4,261.1,1.78,35.3,6,38.45,0,0,0
3,392,397.0,290.6,262.7,1.80,35.6,6,39.12,0,0,0
3,393,395.7,291.8,264.2,1.82,35.9,6,39.77,0,0,0
3,394,394.3,293.0,265.8,1.84,36.3,6,40.38,0,0,0
3,395,392.8,294.2,267.4,1.86,36.6,6,41.06,0,0,0
3,396,391.3,295.3,268.9,1.88,36.9,6,42.04,0,0,0
3,397,389.8,296.5,270.5,1.90,37.2,6,42.56,0,0,0
3,398,388.2,297.6,272.0,1.92,37.5,6,43.05,0,0,0
3,399,386.6,298.7,273.6,1.93,37.8,6,43.93,0,0,0
3,400,385.0,299.7,275.1,1.95,38.1,6,44.52,0,0,0
3,401,383.3,300.8,276.6,1.96,38.4,6,44.89,0,0,0
3,402,381.6,301.8,278.1,1.98,38.7,6,45.73,0,0,0
3,403,379.9,302.7,279.7,1.99,39.0,6,46.20,0,0,0
3,404,378.1,303.7,281.2,2.01,39.2,6,46.59,0,0,0
3,405,376.3,304.6,282.7,2.02,39.5,6,47.39,0,0,0
3,406,374.5,305.5,284.2,2.03,39.8,6,47.57,0,0,0
3,407,372.6,306.3,285.7,2.05,40.0,6,47.68,0,0,0
3,408,370.7,307.1,287.1,2.06,40.3,6,48.15,0,0,0
3,409,368.8,307.9,288.6,2.07,40.5,6,48.57,0,0,0
3,410,366.9,308.7,289.8,2.03,41.8,0,47.39,0,0,0
3,411,365.1,309.4,290.8,1.99,42.8,0,46.22,0,0,0
3,412,363.3,310.1,291.6,1.95,43.5,0,44.89,0,0,0
3,413,361.5,310.8,292.2,1.91,44.1,0,43.84,0,0,0
3,414,359.8,311.5,292.6,1.87,44.5,0,42.28,0,0,0
3,415,358.1,312.2,292.8,1.83,44.7,0,41.01,0,0,0
3,416,356.4,312.9,292.8,1.80,44.7,0,39.29,0,0,0
3,417,354.8,313.5,292.8,1.76,44.7,0,37.98,0,0,0
3,418,353.2,314.2,292.8,1.73,44.7,0,36.58,0,0,0
3,419,351.6,314.8,292.8,1.69,44.7,0,35.54,0,0,0
3,420,350.1,315.4,292.8,1.66,44.7,0,34.16,0,0,0
3,421,348.6,316.0,292.8,1.62,44.7,0,33.09,0,0,0
3,422,347.1,316.6,292.8,1.59,44.7,0,32.14,0,0,0
3,423,345.6,317.2,292.8,1.56,44.7,0,30.83,0,0,0
3,424,344.2,317.8,292.8,1.53,44.7,0,29.93,0,0,0
3,425,342.8,318.4,292.8,1.50,44.7,0,29.08,0,0,0
3,426,341.5,318.9,292.8,1.47,44.7,0,27.92,0,0,0
3,427,340.1,319.4,292.8,1.44,44.7,0,27.09,0,0,0
3,428,338.8,320.0,292.8,1.41,44.7,0,26.31,0,0,0
3,429,337.5,320.5,292.8,1.38,44.7,0,25.35,0,0,0
3,430,336.2,321.0,293.0,1.40,43.0,6,25.60,0,0,0
3,431,334.9,321.4,293.5,1.43,41.5,6,26.00,0,0,0
3,432,333.5,321.8,294.1,1.45,40.4,6,26.44,0,0,0
3,433,332.0,322.2,295.0,1.47,39.6,6,26.94,0,0,0
3,434,330.6,322.5,296.2,1.50,39.1,6,27.37,0,0,0
3,435,329.1,322.8,297.6,1.52,38.9,6,27.76,0,0,0
3,436,327.6,323.1,299.3,1.55,39.0,6,28.46,0,0,0
3,437,326.1,323.3,300.7,1.51,40.4,0,28.00,0,0,0
3,438,324.6,323.6,301.9,1.48,41.5,0,27.45,0,0,0
3,439,323.2,323.8,302.8,1.45,42.4,0,26.82,0,0,0
3,440,321.8,324.1,303.4,1.43,43.1,0,26.15,0,0,0
3,441,320.4,324.3,303.9,1.40,43.5,0,25.45,0,0,0
3,442,319.0,324.5,304.1,1.37,43.7,0,24.72,0,0,0
3,443,317.7,324.7,304.1,1.34,43.7,0,23.97,0,0,0
3,444,316.4,325.0,304.1,1.32,43.7,0,23.25,0,0,0
3,445,315.1,325.2,304.1,1.29,43.7,0,22.30,0,0,0
3,446,313.9,325.4,304.1,1.26,43.7,0,21.64,0,0,0
3,447,312.7,325.6,304.1,1.24,43.7,0,20.99,0,0,0
3,448,311.5,325.8,304.1,1.21,43.7,0,20.37,0,0,0
3,449,310.3,326.0,304.1,1.19,43.7,0,19.76,0,0,0
3,450,309.1,326.2,304.3,1.22,41.7,6,20.18,0,0,0
3,451,307.9,326.3,304.8,1.24,40.1,6,20.63,0,0,0
3,452,306.6,326.3,305.5,1.27,38.8,6,21.11,0,0,0
3,453,305.4,326.4,306.0,1.25,39.3,0,20.56,0,0,0
3,454,304.1,326.5,306.2,1.22,39.5,0,19.99,0,0,0
3,455,302.9,326.6,306.2,1.20,39.5,0,19.40,0,0,0
3,456,301.8,326.6,306.2,1.17,39.5,0,19.03,0,0,0
3,457,300.6,326.7,306.2,1.15,39.5,0,18.46,0,0,0
3,458,299.4,326.7,306.4,1.18,37.6,6,18.92,0,0,0
3,459,298.2,326.7,306.9,1.21,36.1,6,19.39,0,0,0
3,460,297.0,326.7,307.1,1.19,36.4,0,18.86,0,0,0
3,461,295.9,326.7,307.1,1.16,36.4,0,18.31,0,0,0
3,462,294.7,326.7,307.1,1.14,36.4,0,17.77,0,0,0
3,463,293.6,326.6,307.1,1.12,36.4,0,17.25,0,0,0
3,464,292.5,326.6,307.1,1.10,36.4,0,16.92,0,0,0
3,465,291.4,326.6,307.4,1.13,34.5,6,17.40,0,0,0
3,466,290.2,326.5,307.9,1.16,33.1,6,17.91,0,0,0
3,467,289.1,326.3,308.6,1.20,32.0,6,18.44,0,0,0
3,468,287.8,326.2,309.6,1.23,31.3,6,19.01,0,0,0
3,469,286.6,326.0,310.3,1.21,32.0,0,18.60,0,0,0
3,470,285.5,325.8,310.8,1.18,32.5,0,18.14,0,0,0
3,471,284.3,325.6,311.0,1.16,32.8,0,17.65,0,0,0
3,472,283.2,325.5,311.0,1.14,32.8,0,17.14,0,0,0
3,473,282.1,325.3,311.0,1.11,32.8,0,16.82,0,0,0
3,474,281.0,325.2,311.0,1.09,32.8,0,16.33,0,0,0
3,475,279.9,325.0,311.0,1.07,32.8,0,15.86,0,0,0
3,476,278.9,324.9,311.0,1.05,32.8,0,15.55,0,0,0
3,477,277.9,324.7,311.0,1.03,32.8,0,15.11,0,0,0
3,478,276.9,324.6,311.0,1.01,32.8,0,14.67,0,0,0
3,479,275.9,324.4,311.0,0.99,32.8,0,16.61,0,0,0
3,480,275.0,324.3,311.0,0.97,32.8,0,16.12,0,0,0
3,481,274.0,324.2,311.0,0.95,32.8,0,15.65,0,0,0
3,482,273.1,324.0,311.0,0.93,32.8,0,15.19,0,0,0
3,483,272.2,323.9,311.0,0.91,32.8,0,14.75,0,0,0
3,484,271.3,323.7,311.3,0.95,30.8,6,15.49,0,0,0
3,485,270.3,323.5,311.3,0.93,30.8,0,15.04,0,0,0
3,486,269.4,323.3,311.5,0.97,29.0,6,15.78,0,0,0
3,487,268.5,323.1,311.5,0.95,29.0,0,15.32,0,0,0
3,488,267.5,322.9,311.8,1.00,27.3,6,16.05,0,0,0
3,489,266.5,322.6,312.3,1.04,26.1,6,14.66,0,0,0
3,490,265.5,322.3,312.5,1.02,26.3,0,14.29,0,0,0
3,491,264.6,322.0,312.5,1.00,26.3,0,15.91,0,0,0
3,492,263.6,321.7,312.8,1.04,24.9,6,14.55,0,0,0
3,493,262.6,321.3,313.3,1.08,23.9,6,15.26,0,0,0
3,494,261.6,321.0,313.5,1.06,24.1,0,14.87,0,0,0
3,495,260.5,320.6,314.0,1.10,23.1,6,15.42,0,0,0
3,496,259.5,320.2,314.3,1.08,23.4,0,15.03,0,0,0
3,497,258.5,319.8,314.3,1.06,23.4,0,14.76,0,0,0
3,498,257.6,319.5,314.3,1.03,23.4,0,14.34,0,0,0
3,499,256.6,319.1,314.3,1.01,23.4,0,14.09,0,0,0
3,500,255.7,318.7,314.5,1.06,22.2,6,14.60,0,0,0
3,501,254.6,318.3,315.0,1.10,21.3,6,15.31,0,0,0
3,502,253.6,317.8,315.7,1.14,20.8,6,15.91,0,0,0
3,503,252.6,317.3,316.2,1.12,21.3,0,15.56,0,0,0
3,504,251.6,316.9,316.5,1.10,21.5,0,15.34,0,0,0
3,505,250.6,316.4,316.5,1.08,21.5,0,14.90,0,0,0
3,506,249.7,316.0,316.5,1.05,21.5,0,14.63,0,0,0
3,507,248.7,315.5,316.5,1.03,21.5,0,14.51,0,0,0
3,508,247.8,315.0,316.7,1.08,20.4,6,15.05,0,0,0
3,509,246.8,314.5,317.2,1.12,19.7,6,15.78,0,0,0
3,510,245.8,314.0,317.9,1.16,19.3,6,16.41,0,0,0
3,511,244.8,313.4,318.4,1.14,19.8,0,16.05,0,0,0
3,512,243.8,312.9,318.7,1.12,20.0,0,15.81,0,0,0
3,513,242.8,312.4,318.7,1.09,20.0,0,15.35,0,0,0
3,514,241.9,311.9,318.7,1.07,20.0,0,15.22,0,0,0
3,515,240.9,311.3,318.9,1.11,19.0,6,15.76,0,0,0
3,516,239.9,310.7,319.4,1.16,18.4,6,16.51,0,0,0
3,517,238.9,310.1,320.1,1.20,18.1,6,17.14,0,0,0
3,518,237.9,309.4,320.6,1.18,18.6,0,16.77,0,0,0
3,519,236.9,308.8,320.8,1.15,18.8,0,16.69,0,0,0
3,520,235.9,308.2,321.3,1.19,18.2,6,17.27,0,0,0
3,521,235.0,307.5,321.6,1.17,18.5,0,17.19,0,0,0
3,522,234.0,306.9,322.0,1.21,17.9,6,17.78,0,0,0
3,523,232.9,306.1,322.7,1.25,17.7,6,18.42,0,0,0
3,524,231.9,305.4,323.2,1.23,18.1,0,18.00,0,0,0
3,525,230.9,304.7,323.4,1.20,18.4,0,17.72,0,0,0
3,526,229.9,304.0,323.9,1.24,17.9,6,18.29,0,0,0
3,527,228.9,303.3,324.1,1.22,18.1,0,17.80,0,0,0
3,528,227.9,302.5,324.6,1.26,17.6,6,18.78,0,0,0
3,529,226.9,301.7,325.3,1.30,17.4,6,19.42,0,0,0
3,530,225.9,301.0,325.8,1.28,17.8,0,18.97,0,0,0
3,531,224.9,300.2,326.0,1.25,18.1,0,18.87,0,0,0
3,532,224.0,299.4,326.0,1.22,18.1,0,18.29,0,0,0
3,533,223.0,298.6,326.2,1.27,17.3,6,19.22,0,0,0
3,534,222.0,297.8,326.7,1.31,16.9,6,19.79,0,0,0
3,535,220.9,296.9,327.4,1.35,16.8,6,20.44,0,0,0
3,536,219.9,296.0,328.3,1.38,16.9,6,21.17,0,0,0
3,537,218.9,295.1,329.0,1.36,17.6,0,20.75,0,0,0
3,538,217.9,294.2,329.5,1.33,18.0,0,20.73,0,0,0
3,539,216.9,293.4,329.7,1.30,18.2,0,20.15,0,0,0
3,540,216.0,292.5,329.7,1.28,18.2,0,19.94,0,0,0
3,541,215.0,291.7,329.7,1.25,18.2,0,19.31,0,0,0
3,542,214.1,290.8,329.9,1.29,17.5,6,19.82,0,0,0
3,543,213.1,290.0,329.9,1.27,17.5,0,19.62,0,0,0
3,544,212.2,289.1,330.2,1.31,16.8,6,20.13,0,0,0
3,545,211.2,288.1,330.6,1.35,16.4,6,21.17,0,0,0
3,546,210.2,287.2,331.3,1.38,16.3,6,21.87,0,0,0
3,547,209.2,286.1,332.2,1.42,16.5,6,22.63,0,0,0
3,548,208.2,285.1,333.4,1.46,16.9,6,23.50,0,0,0
3,549,207.2,284.0,334.8,1.50,17.6,6,24.49,0,0,0
3,550,206.2,282.9,336.0,1.47,18.7,0,24.20,0,0,0
3,551,205.3,281.8,336.9,1.44,19.6,0,23.78,0,0,0
3,552,204.3,280.8,337.6,1.41,20.3,0,23.25,0,0,0
3,553,203.4,279.8,338.0,1.38,20.7,0,22.65,0,0,0
3,554,202.4,278.8,338.2,1.35,20.9,0,22.16,0,0,0
3,555,201.5,277.8,338.2,1.33,20.9,0,21.96,0,0,0
3,556,200.7,276.9,338.2,1.30,20.9,0,21.23,0,0,0
3,557,199.8,275.9,338.2,1.27,20.9,0,20.85,0,0,0
3,558,198.9,275.0,338.2,1.25,20.9,0,20.29,0,0,0
3,559,198.1,274.1,338.2,1.22,20.9,0,19.63,0,0,0
3,560,197.3,273.2,338.2,1.20,20.9,0,19.40,0,0,0
3,561,196.5,272.3,338.5,1.24,20.0,6,20.06,0,0,0
3,562,195.7,271.3,338.9,1.28,19.5,6,20.77,0,0,0
3,563,194.8,270.3,339.6,1.32,19.2,6,21.47,0,0,0
3,564,194.0,269.3,340.6,1.36,19.2,6,22.25,0,0,0
3,565,193.1,268.2,341.8,1.39,19.4,6,23.12,0,0,0
3,566,192.3,267.0,343.2,1.43,20.0,6,24.10,0,0,0
3,567,191.4,265.9,344.4,1.40,21.1,0,23.77,0,0,0
3,568,190.6,264.8,345.3,1.38,22.1,0,23.32,0,0,0
3,569,189.8,263.7,346.0,1.35,22.7,0,22.78,0,0,0
3,570,189.0,262.6,346.4,1.32,23.2,0,22.19,0,0,0
3,571,188.2,261.6,346.7,1.29,23.4,0,21.85,0,0,0
3,572,187.5,260.6,346.7,1.27,23.4,0,21.51,0,0,0
3,573,186.7,259.5,346.9,1.31,22.5,6,22.18,0,0,0
3,574,185.9,258.4,347.4,1.34,21.8,6,22.75,0,0,0
3,575,185.2,257.3,348.1,1.38,21.4,6,23.39,0,0,0
3,576,184.4,256.1,349.0,1.42,21.3,6,24.11,0,0,0
3,577,183.7,254.8,350.2,1.45,21.5,6,24.94,0,0,0
3,578,182.9,253.6,351.1,1.42,22.4,0,24.46,0,0,0
3,579,182.2,252.4,351.7,1.40,23.1,0,24.05,0,0,0
3,580,181.5,251.3,352.2,1.37,23.6,0,23.63,0,0,0
3,581,180.8,250.0,352.9,1.40,23.1,6,24.40,0,0,0
3,582,180.1,248.8,353.8,1.44,23.0,6,25.20,0,0,0
3,583,179.4,247.5,354.9,1.47,23.1,6,26.04,0,0,0
3,584,178.7,246.1,356.4,1.51,23.5,6,26.92,0,0,0
3,585,178.0,244.8,357.5,1.48,24.6,0,26.53,0,0,0
3,586,177.4,243.5,358.4,1.45,25.5,0,26.08,0,0,0
3,587,176.7,242.3,359.1,1.42,26.2,0,25.59,0,0,0
3,588,176.1,241.0,359.5,1.39,26.7,0,25.07,0,0,0
3,589,175.5,239.8,360.2,1.42,26.1,6,25.80,0,0,0
3,590,174.9,238.4,361.1,1.46,25.8,6,26.57,0,0,0
3,591,174.3,237.1,362.3,1.49,25.8,6,27.38,0,0,0
3,592,173.7,235.7,363.7,1.52,26.1,6,28.26,0,0,0
3,593,173.1,234.2,365.4,1.55,26.7,6,29.21,0,0,0
3,594,172.6,232.8,366.8,1.52,28.1,0,28.81,0,0,0
3,595,172.0,231.4,367.9,1.49,29.3,0,28.33,0,0,0
3,596,171.5,230.0,368.8,1.46,30.2,0,27.78,0,0,0
3,597,171.0,228.7,369.5,1.43,30.8,0,27.18,0,0,0
3,598,170.5,227.4,369.9,1.40,31.3,0,26.54,0,0,0
3,599,170.0,226.1,370.2,1.38,31.5,0,25.87,0,0,0
3,600,169.5,224.8,370.6,1.41,30.5,6,26.49,0,0,0
3,601,169.0,223.4,371.3,1.44,29.8,6,27.16,0,0,0
3,602,168.6,222.0,372.2,1.47,29.3,6,27.87,0,0,0
3,603,168.2,220.6,373.4,1.50,29.2,6,28.64,0,0,0
3,604,167.8,219.1,374.8,1.53,29.4,6,29.49,0,0,0
3,605,167.4,217.6,376.5,1.56,29.8,6,30.41,0,0,0
3,606,167.1,216.1,377.9,1.53,31.2,0,29.94,0,0,0
3,607,166.7,214.6,379.0,1.50,32.4,0,29.38,0,0,0
3,608,166.4,213.2,379.9,1.47,33.3,0,28.75,0,0,0
3,609,166.1,211.8,380.6,1.44,33.9,0,28.07,0,0,0
3,610,165.7,210.4,381.0,1.41,34.4,0,27.35,0,0,0
3,611,165.4,209.1,381.2,1.38,34.6,0,26.60,0,0,0
3,612,165.1,207.7,381.7,1.41,33.5,6,27.16,0,0,0
3,613,164.9,206.3,382.3,1.44,32.6,6,27.76,0,0,0
3,614,164.6,204.8,383.3,1.47,32.1,6,28.42,0,0,0
3,615,164.4,203.3,384.4,1.50,31.9,6,29.14,0,0,0
3,616,164.3,201.8,385.8,1.53,31.9,6,779.94,1,0,0
4,1,170.0,188.3,0.0,0.00,0.0,0,50.00,0,0,0
4,2,170.0,188.2,0.0,0.07,0.0,6,0.62,0,0,0
4,3,170.0,188.1,0.0,0.14,0.0,6,1.33,0,0,0
4,4,170.0,187.9,0.0,0.20,0.0,6,2.02,0,0,0
4,5,170.0,187.6,0.0,0.27,0.0,6,2.70,0,0,0
4,6,170.0,187.3,0.0,0.33,0.0,6,3.36,0,0,0
4,7,170.0,186.9,0.0,0.39,0.0,6,4.01,0,0,0
4,8,170.0,186.5,0.0,0.45,0.0,6,4.65,0,0,0
4,9,170.0,185.9,0.0,0.51,0.0,6,5.27,0,0,0
4,10,170.0,185.4,2.4,0.57,2.4,6,5.88,0,0,0
4,11,170.0,184.7,4.7,0.63,4.5,6,6.47,0,0,0
4,12,170.0,184.1,7.0,0.68,6.3,6,7.03,0,0,0
4,13,170.0,183.3,9.3,0.74,8.0,6,7.58,0,0,0
4,14,170.1,182.5,11.5,0.79,9.5,6,8.41,0,0,0
4,15,170.1,181.7,13.6,0.84,10.9,6,9.00,0,0,0
4,16,170.2,180.8,15.7,0.89,12.2,6,9.59,0,0,0
4,17,170.2,179.9,17.8,0.94,13.4,6,10.16,0,0,0
4,18,170.3,178.9,19.9,0.99,14.5,6,10.73,0,0,0
4,19,170.4,177.8,21.9,1.04,15.6,6,10.73,0,0,0
4,20,170.6,176.8,23.9,1.08,16.6,6,11.48,0,0,0
4,21,170.7,175.7,25.8,1.13,17.5,6,11.96,0,0,0
4,22,170.9,174.5,27.7,1.17,18.4,6,12.78,0,0,0
4,23,171.1,173.3,29.6,1.21,19.3,6,13.42,0,0,0
4,24,171.4,172.1,31.5,1.25,20.1,6,14.29,0,0,0
4,25,171.7,170.8,33.4,1.29,20.9,6,16.34,0,0,0
4,26,172.0,169.5,35.2,1.33,21.7,6,16.95,0,0,0
4,27,172.3,168.2,37.0,1.37,22.5,6,17.56,0,0,0
4,28,172.7,166.8,38.8,1.40,23.2,6,18.16,0,0,0
4,29,173.1,165.5,40.5,1.44,23.9,6,18.45,0,0,0
4,30,173.6,164.1,42.3,1.47,24.5,6,19.32,0,0,0
4,31,174.0,162.6,44.0,1.51,25.2,6,22.47,0,0,0
4,32,174.5,161.2,45.4,1.48,26.6,0,22.48,0,0,0
4,33,175.0,159.9,46.6,1.45,27.8,0,22.08,0,0,0
4,34,175.4,158.5,47.5,1.42,28.7,0,21.61,0,0,0
4,35,175.9,157.2,48.2,1.39,29.3,0,21.36,0,0,0
4,36,176.3,155.9,48.6,1.36,29.8,0,20.80,0,0,0
4,37,176.8,154.7,48.8,1.34,30.0,0,23.12,0,0,0
4,38,177.2,153.4,48.8,1.31,30.0,0,22.63,0,0,0
4,39,177.6,152.2,48.8,1.28,30.0,0,21.92,0,0,0
4,40,178.0,151.0,48.8,1.26,30.0,0,21.45,0,0,0
4,41,178.4,149.8,48.8,1.23,30.0,0,20.98,0,0,0
4,42,178.8,148.7,48.8,1.21,30.0,0,20.53,0,0,0
4,43,179.2,147.5,49.1,1.24,28.7,6,21.05,0,0,0
4,44,179.7,146.4,49.5,1.28,27.7,6,21.61,0,0,0
4,45,180.2,145.1,50.2,1.31,27.0,6,22.45,0,0,0
4,46,180.8,143.9,51.2,1.35,26.6,6,23.13,0,0,0
4,47,181.4,142.7,52.4,1.38,26.5,6,23.89,0,0,0
4,48,182.0,141.5,53.3,1.36,27.4,0,23.41,0,0,0
4,49,182.6,140.3,54.0,1.33,28.1,0,23.33,0,0,0
4,50,183.1,139.1,54.5,1.30,28.6,0,22.70,0,0,0
4,51,183.7,137.9,54.7,1.28,28.8,0,22.25,0,0,0
4,52,184.2,136.8,54.7,1.25,28.8,0,21.54,0,0,0
4,53,184.8,135.7,54.7,1.23,28.8,0,21.26,0,0,0
4,54,185.3,134.6,54.9,1.26,27.5,6,22.22,0,0,0
4,55,186.0,133.5,55.4,1.30,26.6,6,22.82,0,0,0
4,56,186.6,132.3,56.1,1.33,26.0,6,23.47,0,0,0
4,57,187.4,131.1,57.0,1.37,25.7,6,24.19,0,0,0
4,58,188.1,129.9,58.2,1.40,25.6,6,24.98,0,0,0
4,59,188.9,128.7,59.7,1.44,25.9,6,25.88,0,0,0
4,60,189.7,127.6,60.8,1.41,27.1,0,25.43,0,0,0
4,61,190.5,126.4,61.7,1.38,28.0,0,25.13,0,0,0
4,62,191.2,125.3,62.4,1.35,28.7,0,25.00,0,0,0
4,63,192.0,124.2,63.4,1.39,28.3,6,25.71,0,0,0
4,64,192.8,123.1,64.0,1.36,28.9,0,25.06,0,0,0
4,65,193.6,122.0,64.5,1.33,29.4,0,24.35,0,0,0
4,66,194.4,120.9,65.2,1.37,28.7,6,25.57,0,0,0
4,67,195.2,119.8,66.1,1.40,28.2,6,26.43,0,0,0
4,68,196.1,118.7,67.3,1.43,28.1,6,27.23,0,0,0
4,69,197.1,117.5,68.7,1.46,28.3,6,28.12,0,0,0
4,70,198.1,116.4,70.5,1.50,28.8,6,78.81,0,0,0
4,71,199.1,115.3,72.2,1.53,29.3,6,29.59,0,0,0
4,72,200.2,114.2,73.9,1.56,29.7,6,30.44,0,0,0
4,73,201.3,113.1,75.6,1.58,30.2,6,31.33,0,0,0
4,74,202.5,112.0,77.3,1.61,30.7,6,32.24,0,0,0
4,75,203.7,110.9,78.9,1.64,31.1,6,33.18,0,0,0
4,76,205.0,109.8,80.6,1.67,31.5,6,34.13,0,0,0
4,77,206.3,108.7,82.2,1.69,32.0,6,35.08,0,0,0
4,78,207.6,107.6,83.9,1.72,32.4,6,36.04,0,0,0
4,79,209.0,106.6,85.5,1.74,32.8,6,36.99,0,0,0
4,80,210.4,105.5,87.1,1.76,33.2,6,37.94,0,0,0
4,81,211.9,104.5,88.7,1.79,33.6,6,38.89,0,0,0
4,82,213.4,103.5,90.3,1.81,34.0,6,39.83,0,0,0
4,83,214.9,102.5,91.9,1.83,34.4,6,40.57,0,0,0
4,84,216.5,101.6,93.4,1.85,34.7,6,41.26,0,0,0
4,85,218.1,100.6,95.0,1.87,35.1,6,41.91,0,0,0
4,86,219.8,99.7,96.6,1.89,35.4,6,42.67,0,0,0
4,87,221.5,98.8,98.1,1.91,35.8,6,43.56,0,0,0
4,88,223.2,98.0,99.6,1.92,36.1,6,44.43,0,0,0
4,89,225.0,97.1,101.2,1.94,36.5,6,45.29,0,0,0
4,90,226.7,96.3,102.4,1.90,37.7,0,44.57,0,0,0
4,91,228.4,95.5,103.5,1.87,38.8,0,43.60,0,0,0
4,92,230.0,94.8,104.3,1.83,39.6,0,42.17,0,0,0
4,93,231.6,94.0,104.9,1.79,40.2,0,41.19,0,0,0
4,94,233.2,93.2,105.3,1.76,40.6,0,40.17,0,0,0
4,95,234.8,92.5,105.5,1.72,40.8,0,39.11,0,0,0
4,96,236.3,91.8,105.5,1.69,40.8,0,37.49,0,0,0
4,97,237.8,91.1,105.5,1.65,40.8,0,36.45,0,0,0
4,98,239.3,90.4,105.5,1.62,40.8,0,35.43,0,0,0
4,99,240.7,89.7,105.5,1.59,40.8,0,34.32,0,0,0
4,100,242.1,89.0,105.5,1.56,40.8,0,33.02,0,0,0
4,101,243.5,88.4,105.5,1.52,40.8,0,32.10,0,0,0
4,102,244.8,87.8,105.5,1.49,40.8,0,31.19,0,0,0
4,103,246.2,87.1,105.7,1.52,39.3,6,31.57,0,0,0
4,104,247.6,86.6,106.1,1.54,38.1,6,31.71,0,0,0
4,105,249.1,86.0,106.8,1.56,37.2,6,32.23,0,0,0
4,106,250.6,85.5,107.6,1.59,36.6,6,32.82,0,0,0
4,107,252.1,85.0,108.8,1.61,36.3,6,33.47,0,0,0
4,108,253.6,84.5,109.6,1.58,37.1,0,32.73,0,0,0
4,109,255.2,84.1,110.8,1.60,36.8,6,33.37,0,0,0
4,110,256.8,83.7,112.1,1.63,36.7,6,34.08,0,0,0
4,111,258.4,83.3,113.8,1.65,36.9,6,34.78,0,0,0
4,112,259.9,83.0,115.1,1.62,38.3,0,33.94,0,0,0
4,113,261.5,82.6,116.3,1.58,39.4,0,33.09,0,0,0
4,114,263.0,82.2,117.1,1.55,40.3,0,32.31,0,0,0
4,115,264.5,81.9,117.8,1.52,40.9,0,31.48,0,0,0
4,116,265.9,81.6,118.2,1.49,41.3,0,30.62,0,0,0
4,117,267.3,81.2,118.4,1.46,41.6,0,29.73,0,0,0
4,118,268.7,80.9,118.4,1.43,41.6,0,28.55,0,0,0
4,119,270.1,80.6,118.4,1.40,41.6,0,27.65,0,0,0
4,120,271.4,80.3,118.4,1.37,41.6,0,26.82,0,0,0
4,121,272.8,80.0,118.4,1.35,41.6,0,25.90,0,0,0
4,122,274.0,79.7,118.4,1.32,41.6,0,24.95,0,0,0
4,123,275.4,79.4,118.7,1.35,39.9,6,25.40,0,0,0
4,124,276.7,79.2,119.1,1.37,38.5,6,25.89,0,0,0
4,125,278.1,79.0,119.8,1.40,37.4,6,26.37,0,0,0
4,126,279.5,78.8,120.7,1.43,36.7,6,26.71,0,0,0
4,127,281.0,78.7,121.9,1.45,36.2,6,27.30,0,0,0
4,128,282.5,78.7,123.3,1.48,36.1,6,27.99,0,0,0
4,129,283.9,78.6,124.5,1.45,37.2,0,27.43,0,0,0
4,130,285.3,78.5,125.4,1.42,38.1,0,26.80,0,0,0
4,131,286.7,78.5,126.0,1.39,38.8,0,26.12,0,0,0
4,132,288.1,78.4,126.5,1.37,39.3,0,25.14,0,0,0
4,133,289.4,78.3,126.7,1.34,39.5,0,24.41,0,0,0
4,134,290.7,78.3,126.7,1.31,39.5,0,23.66,0,0,0
4,135,292.0,78.2,126.7,1.29,39.5,0,22.94,0,0,0
4,136,293.3,78.1,126.7,1.26,39.5,0,22.24,0,0,0
4,137,294.5,78.1,126.7,1.23,39.5,0,21.43,0,0,0
4,138,295.7,78.0,126.7,1.21,39.5,0,20.70,0,0,0
4,139,296.9,78.0,126.7,1.19,39.5,0,20.08,0,0,0
4,140,298.1,77.9,126.7,1.16,39.5,0,19.48,0,0,0
4,141,299.2,77.9,126.7,1.14,39.5,0,18.80,0,0,0
4,142,300.3,77.8,126.7,1.12,39.5,0,18.15,0,0,0
4,143,301.4,77.7,126.7,1.09,39.5,0,17.61,0,0,0
4,144,302.5,77.7,126.7,1.07,39.5,0,17.09,0,0,0
4,145,303.5,77.6,126.7,1.05,39.5,0,16.58,0,0,0
4,146,304.5,77.6,126.7,1.03,39.5,0,16.10,0,0,0
4,147,305.6,77.5,126.7,1.01,39.5,0,15.61,0,0,0
4,148,306.5,77.5,126.7,0.99,39.5,0,17.34,0,0,0
4,149,307.5,77.5,126.7,0.97,39.5,0,16.81,0,0,0
4,150,308.5,77.4,126.7,0.95,39.5,0,16.29,0,0,0
4,151,309.4,77.4,126.7,0.93,39.5,0,15.80,0,0,0
4,152,310.3,77.4,127.0,0.97,37.1,6,16.52,0,0,0
4,153,311.3,77.4,127.5,1.00,35.3,6,14.90,0,0,0
4,154,312.4,77.5,128.2,1.04,33.9,6,15.49,0,0,0
4,155,313.5,77.6,129.3,1.08,32.9,6,16.10,0,0,0
4,156,314.5,77.7,130.0,1.05,33.6,0,15.74,0,0,0
4,157,315.5,77.8,130.5,1.03,34.1,0,15.34,0,0,0
4,158,316.5,77.9,130.8,1.01,34.4,0,14.88,0,0,0
4,159,317.5,78.1,130.8,0.99,34.4,0,16.91,0,0,0
4,160,318.5,78.2,130.8,0.97,34.4,0,16.41,0,0,0
4,161,319.5,78.3,131.0,1.01,32.4,6,14.47,0,0,0
4,162,320.5,78.5,131.0,0.99,32.4,0,16.63,0,0,0
4,163,321.5,78.7,131.3,1.03,30.6,6,14.56,0,0,0
4,164,322.5,78.9,131.8,1.07,29.2,6,15.07,0,0,0
4,165,323.6,79.2,132.5,1.11,28.3,6,15.61,0,0,0
4,166,324.6,79.4,133.0,1.08,28.7,0,15.25,0,0,0
4,167,325.7,79.7,133.8,1.12,27.8,6,15.78,0,0,0
4,168,326.8,80.0,134.2,1.10,28.3,0,15.42,0,0,0
4,169,327.8,80.3,134.5,1.08,28.5,0,15.03,0,0,0
4,170,328.8,80.6,134.5,1.06,28.5,0,14.60,0,0,0
4,171,329.8,80.9,134.5,1.04,28.5,0,14.19,0,0,0
4,172,330.9,81.2,134.7,1.08,27.0,6,14.63,0,0,0
4,173,331.9,81.6,134.7,1.05,27.0,0,14.22,0,0,0
4,174,332.8,81.9,134.7,1.03,27.0,0,13.83,0,0,0
4,175,333.8,82.2,134.7,1.01,27.0,0,13.44,0,0,0
4,176,334.8,82.5,134.7,0.99,27.0,0,15.96,0,0,0
4,177,335.7,82.8,134.7,0.97,27.0,0,15.50,0,0,0
4,178,336.6,83.1,134.7,0.95,27.0,0,15.07,0,0,0
4,179,337.5,83.4,134.7,0.93,27.0,0,14.64,0,0,0
4,180,338.4,83.6,134.7,0.92,27.0,0,14.23,0,0,0
4,181,339.2,83.9,134.7,0.90,27.0,0,13.83,0,0,0
4,182,340.0,84.2,134.7,0.88,27.0,0,13.44,0,0,0
4,183,340.9,84.4,134.7,0.86,27.0,0,13.07,0,0,0
4,184,341.7,84.7,134.7,0.84,27.0,0,12.71,0,0,0
4,185,342.5,84.9,134.7,0.83,27.0,0,12.36,0,0,0
4,186,343.2,85.2,134.7,0.81,27.0,0,12.02,0,0,0
4,187,344.0,85.4,134.7,0.79,27.0,0,11.69,0,0,0
4,188,344.7,85.7,134.7,0.78,27.0,0,11.37,0,0,0
4,189,345.5,85.9,134.7,0.76,27.0,0,11.06,0,0,0
4,190,346.2,86.1,134.7,0.75,27.0,0,10.75,0,0,0
4,191,346.9,86.3,134.7,0.73,27.0,0,10.46,0,0,0
4,192,347.6,86.6,134.7,0.72,27.0,0,10.18,0,0,0
4,193,348.2,86.8,134.7,0.70,27.0,0,9.90,0,0,0
4,194,348.9,87.0,134.7,0.69,27.0,0,9.64,0,0,0
4,195,349.5,87.2,134.7,0.68,27.0,0,9.38,0,0,0
4,196,350.2,87.4,134.7,0.66,27.0,0,9.13,0,0,0
4,197,350.8,87.6,134.7,0.65,27.0,0,8.89,0,0,0
4,198,351.4,87.8,134.7,0.64,27.0,0,8.65,0,0,0
4,199,352.0,88.0,134.7,0.62,27.0,0,8.42,0,0,0
4,200,352.6,88.2,134.7,0.61,27.0,0,8.20,0,0,0
4,201,353.2,88.4,135.0,0.66,24.6,6,8.97,0,0,0
4,202,353.8,88.7,135.6,0.71,22.9,6,9.75,0,0,0
4,203,354.5,88.9,135.9,0.70,23.2,0,9.51,0,0,0
4,204,355.1,89.2,135.9,0.68,23.2,0,9.26,0,0,0
4,205,355.7,89.5,135.9,0.67,23.2,0,9.02,0,0,0
4,206,356.3,89.7,135.9,0.66,23.2,0,8.79,0,0,0
4,207,356.9,90.0,135.9,0.64,23.2,0,8.56,0,0,0
4,208,357.5,90.2,135.9,0.63,23.2,0,8.34,0,0,0
4,209,358.1,90.5,136.2,0.68,21.2,6,9.10,0,0,0
4,210,358.8,90.8,136.7,0.73,19.8,6,9.86,0,0,0
4,211,359.5,91.2,137.6,0.78,18.9,6,10.66,0,0,0
4,212,360.2,91.6,138.7,0.83,18.5,6,11.49,0,0,0
4,213,360.9,92.0,139.5,0.81,19.3,0,11.29,0,0,0
4,214,361.6,92.4,140.0,0.80,19.9,0,11.06,0,0,0
4,215,362.2,92.8,140.3,0.78,20.1,0,10.80,0,0,0
4,216,362.9,93.2,140.3,0.77,20.1,0,10.52,0,0,0
4,217,363.6,93.6,140.3,0.75,20.1,0,10.24,0,0,0
4,218,364.2,94.0,140.3,0.74,20.1,0,9.98,0,0,0
4,219,364.8,94.3,140.3,0.72,20.1,0,9.72,0,0,0
4,220,365.4,94.7,140.3,0.71,20.1,0,9.47,0,0,0
4,221,366.1,95.1,140.6,0.76,18.6,6,10.21,0,0,0
4,222,366.7,95.5,140.6,0.74,18.6,0,9.95,0,0,0
4,223,367.4,95.9,140.9,0.79,17.3,6,10.68,0,0,0
4,224,368.1,96.4,141.4,0.84,16.5,6,11.43,0,0,0
4,225,368.8,96.9,142.2,0.89,16.0,6,12.22,0,0,0
4,226,369.5,97.5,143.3,0.94,16.0,6,13.06,0,0,0
4,227,370.3,98.0,144.1,0.92,16.8,0,12.86,0,0,0
4,228,371.0,98.6,144.6,0.90,17.3,0,12.61,0,0,0
4,229,371.7,99.2,145.4,0.95,16.8,6,13.40,0,0,0
4,230,372.4,99.8,145.9,0.93,17.3,0,13.14,0,0,0
4,231,373.2,100.4,146.7,0.98,16.9,6,13.94,0,0,0
4,232,374.0,101.1,147.7,1.03,16.9,6,11.64,0,0,0
4,233,374.8,101.8,149.1,1.07,17.1,6,12.23,0,0,0
4,234,375.5,102.5,150.1,1.05,18.1,0,12.12,0,0,0
4,235,376.3,103.2,150.8,1.03,18.9,0,12.09,0,0,0
4,236,377.1,103.8,151.3,1.01,19.4,0,11.86,0,0,0
4,237,377.8,104.5,151.6,0.99,19.7,0,14.61,0,0,0
4,238,378.5,105.1,151.6,0.97,19.7,0,14.22,0,0,0
4,239,379.2,105.8,151.6,0.95,19.7,0,13.84,0,0,0
4,240,379.9,106.4,151.6,0.93,19.7,0,13.47,0,0,0
4,241,380.6,107.0,151.6,0.91,19.7,0,13.11,0,0,0
4,242,381.3,107.6,151.6,0.89,19.7,0,12.77,0,0,0
4,243,381.9,108.2,151.6,0.87,19.7,0,12.43,0,0,0
4,244,382.5,108.8,151.6,0.86,19.7,0,12.11,0,0,0
4,245,383.2,109.3,151.6,0.84,19.7,0,11.79,0,0,0
4,246,383.8,109.9,151.9,0.89,18.4,6,12.51,0,0,0
4,247,384.4,110.5,151.9,0.87,18.4,0,12.18,0,0,0
4,248,385.1,111.1,151.9,0.85,18.4,0,11.87,0,0,0
4,249,385.7,111.7,152.1,0.90,17.3,6,12.58,0,0,0
4,250,386.4,112.4,152.6,0.95,16.6,6,13.33,0,0,0
4,251,387.0,113.1,152.9,0.93,16.9,0,13.03,0,0,0
4,252,387.7,113.8,153.4,0.98,16.2,6,13.77,0,0,0
4,253,388.4,114.6,154.2,1.02,15.9,6,11.87,0,0,0
4,254,389.0,115.3,154.7,1.00,16.4,0,11.66,0,0,0
4,255,389.7,116.1,154.9,0.98,16.7,0,13.97,0,0,0
4,256,390.3,116.8,154.9,0.96,16.7,0,13.60,0,0,0
4,257,391.0,117.5,155.2,1.01,15.8,6,11.88,0,0,0
4,258,391.6,118.3,155.2,0.99,15.8,0,13.92,0,0,0
4,259,392.2,119.0,155.2,0.97,15.8,0,13.56,0,0,0
4,260,392.9,119.8,155.4,1.02,15.0,6,12.21,0,0,0
4,261,393.6,120.7,155.9,1.06,14.5,6,12.83,0,0,0
4,262,394.2,121.5,156.7,1.11,14.4,6,13.37,0,0,0
4,263,394.9,122.5,157.7,1.15,14.6,6,13.97,0,0,0
4,264,395.6,123.4,158.4,1.13,15.3,0,13.77,0,0,0
4,265,396.3,124.2,158.9,1.11,15.8,0,13.50,0,0,0
4,266,396.9,125.1,159.2,1.08,16.0,0,13.46,0,0,0
4,267,397.6,126.0,159.2,1.06,16.0,0,13.44,0,0,0
4,268,398.2,126.9,159.4,1.11,15.3,6,14.19,0,0,0
4,269,398.9,127.8,159.9,1.15,14.9,6,14.95,0,0,0
4,270,399.5,128.8,160.6,1.20,14.8,6,15.70,0,0,0
4,271,400.2,129.8,161.6,1.24,14.9,6,16.45,0,0,0
4,272,400.9,130.8,162.3,1.21,15.6,0,16.34,0,0,0
4,273,401.5,131.8,162.8,1.19,16.1,0,16.21,0,0,0
4,274,402.2,132.9,163.5,1.23,16.0,6,16.95,0,0,0
4,275,402.8,133.9,164.0,1.21,16.4,0,16.79,0,0,0
4,276,403.5,134.9,164.2,1.18,16.7,0,17.36,0,0,0
4,277,404.1,135.9,164.7,1.22,16.2,6,18.12,0,0,0
4,278,404.8,137.0,165.4,1.27,16.1,6,18.88,0,0,0
4,279,405.4,138.2,166.4,1.31,16.2,6,19.65,0,0,0
4,280,406.1,139.3,167.6,1.35,16.6,6,20.43,0,0,0
4,281,406.7,140.5,168.5,1.32,17.5,0,20.16,0,0,0
4,282,407.3,141.6,169.2,1.29,18.2,0,19.87,0,0,0
4,283,408.0,142.7,169.7,1.27,18.7,0,19.55,0,0,0
4,284,408.6,143.8,169.9,1.24,18.9,0,19.77,0,0,0
4,285,409.2,144.9,170.4,1.28,18.4,6,20.49,0,0,0
4,286,409.8,146.1,171.1,1.32,18.1,6,21.29,0,0,0
4,287,410.4,147.3,172.0,1.36,18.2,6,22.14,0,0,0
4,288,411.0,148.6,173.2,1.40,18.5,6,22.96,0,0,0
4,289,411.5,149.8,174.1,1.37,19.4,0,22.60,0,0,0
4,290,412.1,151.1,174.8,1.34,20.1,0,22.20,0,0,0
4,291,412.7,152.3,175.3,1.32,20.6,0,22.02,0,0,0
4,292,413.2,153.4,175.5,1.29,20.8,0,21.48,0,0,0
4,293,413.8,154.6,175.9,1.33,20.2,6,22.19,0,0,0
4,294,414.3,155.9,176.6,1.37,19.9,6,22.98,0,0,0
4,295,414.9,157.2,177.6,1.40,19.9,6,23.87,0,0,0
4,296,415.4,158.5,178.7,1.44,20.1,6,24.87,0,0,0
4,297,415.9,159.9,180.2,1.48,20.6,6,25.92,0,0,0
4,298,416.4,161.3,181.9,1.51,21.5,6,26.89,0,0,0
4,299,416.9,162.8,183.6,1.55,22.2,6,27.87,0,0,0
4,300,417.4,164.2,185.0,1.51,23.6,0,27.52,0,0,0
4,301,417.8,165.6,186.2,1.48,24.8,0,27.09,0,0,0
4,302,418.3,167.0,187.1,1.45,25.7,0,76.59,0,0,0
4,303,418.8,168.4,188.2,1.49,25.7,6,27.40,0,0,0
4,304,419.2,169.8,189.1,1.46,26.6,0,26.89,0,0,0
4,305,419.6,171.2,189.8,1.43,27.3,0,26.33,0,0,0
4,306,420.0,172.5,190.2,1.40,27.7,0,25.72,0,0,0
4,307,420.5,173.8,190.4,1.37,27.9,0,25.46,0,0,0
4,308,420.9,175.2,190.9,1.41,27.1,6,26.12,0,0,0
4,309,421.2,176.6,191.6,1.44,26.5,6,26.82,0,0,0
4,310,421.6,178.0,192.5,1.47,26.2,6,27.57,0,0,0
4,311,421.9,179.5,193.6,1.50,26.2,6,28.38,0,0,0
4,312,422.2,180.9,194.5,1.47,27.1,0,27.82,0,0,0
4,313,422.5,182.3,195.2,1.44,27.8,0,27.20,0,0,0
4,314,422.8,183.7,195.6,1.42,28.2,0,26.54,0,0,0
4,315,423.1,185.1,195.9,1.39,28.4,0,26.21,0,0,0
4,316,423.4,186.4,195.9,1.36,28.4,0,25.47,0,0,0
4,317,423.7,187.8,196.1,1.39,27.3,6,26.07,0,0,0
4,318,424.0,189.2,196.5,1.43,26.5,6,26.71,0,0,0
4,319,424.2,190.6,197.2,1.46,26.0,6,27.40,0,0,0
4,320,424.4,192.1,198.1,1.49,25.7,6,28.14,0,0,0
4,321,424.6,193.6,199.2,1.53,25.7,6,28.96,0,0,0
4,322,424.7,195.2,200.7,1.56,26.1,6,29.85,0,0,0
4,323,424.8,196.7,201.8,1.53,27.2,0,29.33,0,0,0
4,324,425.0,198.2,202.7,1.49,28.1,0,29.10,0,0,0
4,325,425.1,199.6,203.3,1.47,28.7,0,28.06,0,0,0
4,326,425.3,201.0,203.8,1.44,29.2,0,27.69,0,0,0
4,327,425.4,202.4,204.0,1.41,29.4,0,26.92,0,0,0
4,328,425.5,203.8,204.0,1.38,29.4,0,26.13,0,0,0
4,329,425.6,205.2,204.0,1.35,29.4,0,25.36,0,0,0
4,330,425.8,206.5,204.0,1.32,29.4,0,24.90,0,0,0
4,331,425.9,207.8,204.2,1.36,28.2,6,25.49,0,0,0
4,332,425.9,209.2,204.7,1.39,27.3,6,26.13,0,0,0
4,333,426.0,210.7,205.3,1.43,26.7,6,26.81,0,0,0
4,334,426.0,212.1,206.3,1.46,26.4,6,27.55,0,0,0
4,335,425.9,213.6,207.4,1.49,26.4,6,28.37,0,0,0
4,336,425.9,215.1,208.8,1.52,26.7,6,29.26,0,0,0
4,337,425.8,216.7,210.5,1.55,27.3,6,30.25,0,0,0
4,338,425.7,218.2,211.9,1.52,28.6,0,29.79,0,0,0
4,339,425.6,219.7,213.1,1.49,29.8,0,29.22,0,0,0
4,340,425.5,221.1,214.0,1.46,30.7,0,28.57,0,0,0
4,341,425.5,222.6,214.6,1.43,31.3,0,27.86,0,0,0
4,342,425.4,224.0,215.1,1.40,31.8,0,27.40,0,0,0
4,343,425.3,225.4,215.3,1.38,32.0,0,26.60,0,0,0
4,344,425.2,226.7,215.3,1.35,32.0,0,25.78,0,0,0
4,345,425.1,228.0,215.3,1.32,32.0,0,24.98,0,0,0
4,346,425.0,229.4,215.5,1.35,30.7,6,25.52,0,0,0
4,347,424.9,230.7,216.0,1.39,29.7,6,26.38,0,0,0
4,348,424.7,232.2,216.7,1.42,29.0,6,27.02,0,0,0
4,349,424.5,233.6,217.6,1.45,28.6,6,27.72,0,0,0
4,350,424.2,235.0,218.7,1.48,28.5,6,28.50,0,0,0
4,351,423.9,236.5,220.2,1.51,28.7,6,29.36,0,0,0
4,352,423.6,238.0,221.9,1.54,29.2,6,30.33,0,0,0
4,353,423.2,239.5,223.3,1.51,30.6,0,29.83,0,0,0
4,354,422.9,241.0,224.4,1.48,31.7,0,29.23,0,0,0
4,355,422.6,242.4,225.3,1.45,32.6,0,28.56,0,0,0
4,356,422.3,243.8,226.0,1.42,33.3,0,27.82,0,0,0
4,357,422.0,245.1,226.4,1.40,33.7,0,27.30,0,0,0
4,358,421.7,246.5,226.6,1.37,33.9,0,26.47,0,0,0
4,359,421.4,247.8,226.6,1.34,33.9,0,25.62,0,0,0
4,360,421.1,249.0,226.6,1.31,33.9,0,24.80,0,0,0
4,361,420.7,250.4,226.9,1.34,32.5,6,25.54,0,0,0
4,362,420.4,251.7,227.3,1.38,31.5,6,26.09,0,0,0
4,363,420.0,253.0,228.0,1.41,30.7,6,26.69,0,0,0
4,364,419.5,254.4,228.9,1.44,30.2,6,27.35,0,0,0
4,365,419.0,255.8,230.1,1.47,30.0,6,28.09,0,0,0
4,366,418.4,257.2,231.5,1.50,30.1,6,28.92,0,0,0
4,367,417.9,258.6,233.2,1.53,30.6,6,29.84,0,0,0
4,368,417.3,260.0,234.6,1.50,32.0,0,29.34,0,0,0
4,369,416.7,261.3,235.8,1.47,33.1,0,28.73,0,0,0
4,370,416.2,262.6,236.7,1.44,34.0,0,28.05,0,0,0
4,371,415.6,263.9,237.4,1.41,34.7,0,27.57,0,0,0
4,372,415.1,265.2,237.8,1.38,35.1,0,26.76,0,0,0
4,373,414.6,266.5,238.0,1.36,35.4,0,26.17,0,0,0
4,374,414.0,267.7,238.0,1.33,35.4,0,25.30,0,0,0
4,375,413.5,268.9,238.3,1.36,33.9,6,25.74,0,0,0
4,376,412.9,270.2,238.7,1.39,32.8,6,26.23,0,0,0
4,377,412.2,271.4,239.4,1.42,32.0,6,26.78,0,0,0
4,378,411.5,272.7,240.3,1.45,31.4,6,27.67,0,0,0
4,379,410.8,274.0,241.5,1.48,31.2,6,78.36,0,0,0
4,380,410.0,275.3,242.9,1.51,31.3,6,29.15,0,0,0
4,381,409.2,276.6,244.6,1.54,31.7,6,30.05,0,0,0
4,382,408.3,277.9,246.3,1.57,32.1,6,30.93,0,0,0
4,383,407.3,279.1,248.0,1.59,32.4,6,31.80,0,0,0
4,384,406.4,280.4,249.7,1.62,32.8,6,32.65,0,0,0
4,385,405.4,281.7,251.3,1.64,33.2,6,33.48,0,0,0
4,386,404.3,283.0,253.0,1.67,33.5,6,34.29,0,0,0
4,387,403.2,284.3,254.6,1.69,33.9,6,35.15,0,0,0
4,388,402.0,285.6,256.2,1.72,34.3,6,36.20,0,0,0
4,389,400.9,286.9,257.9,1.74,34.6,6,37.01,0,0,0
4,390,399.6,288.1,259.5,1.76,34.9,6,37.74,0,0,0
4,391,398.3,289.4,261.1,1.78,35.3,6,38.45,0,0,0
4,392,397.0,290.6,262.7,1.80,35.6,6,39.12,0,0,0
4,393,395.7,291.8,264.2,1.82,35.9,6,39.77,0,0,0
4,394,394.3,293.0,265.8,1.84,36.3,6,40.38,0,0,0
4,395,392.8,294.2,267.4,1.86,36.6,6,41.06,0,0,0
4,396,391.3,295.3,268.9,1.88,36.9,6,42.04,0,0,0
4,397,389.8,296.5,270.5,1.90,37.2,6,42.56,0,0,0
4,398,388.2,297.6,272.0,1.92,37.5,6,43.05,0,0,0
4,399,386.6,298.7,273.6,1.93,37.8,6,43.93,0,0,0
4,400,385.0,299.7,275.1,1.95,38.1,6,44.52,0,0,0
4,401,383.3,300.8,276.6,1.96,38.4,6,44.89,0,0,0
4,402,381.6,301.8,278.1,1.98,38.7,6,45.73,0,0,0
4,403,379.9,302.7,279.7,1.99,39.0,6,46.20,0,0,0
4,404,378.1,303.7,281.2,2.01,39.2,6,46.59,0,0,0
4,405,376.3,304.6,282.7,2.02,39.5,6,47.39,0,0,0
4,406,374.5,305.5,284.2,2.03,39.8,6,47.57,0,0,0
4,407,372.6,306.3,285.7,2.05,40.0,6,47.68,0,0,0
4,408,370.7,307.1,287.1,2.06,40.3,6,48.15,0,0,0
4,409,368.8,307.9,288.6,2.07,40.5,6,48.57,0,0,0
4,410,366.9,308.7,289.8,2.03,41.8,0,47.39,0,0,0
4,411,365.1,309.4,290.8,1.99,42.8,0,46.22,0,0,0
4,412,363.3,310.1,291.6,1.95,43.5,0,44.89,0,0,0
4,413,361.5,310.8,292.2,1.91,44.1,0,43.84,0,0,0
4,414,359.8,311.5,292.6,1.87,44.5,0,42.28,0,0,0
4,415,358.1,312.2,292.8,1.83,44.7,0,41.01,0,0,0
4,416,356.4,312.9,292.8,1.80,44.7,0,39.29,0,0,0
4,417,354.8,313.5,292.8,1.76,44.7,0,37.98,0,0,0
4,418,353.2,314.2,292.8,1.73,44.7,0,36.58,0,0,0
4,419,351.6,314.8,292.8,1.69,44.7,0,35.54,0,0,0
4,420,350.1,315.4,292.8,1.66,44.7,0,34.16,0,0,0
4,421,348.6,316.0,292.8,1.62,44.7,0,33.09,0,0,0
4,422,347.1,316.6,292.8,1.59,44.7,0,32.14,0,0,0
4,423,345.6,317.2,292.8,1.56,44.7,0,30.83,0,0,0
4,424,344.2,317.8,292.8,1.53,44.7,0,29.93,0,0,0
4,425,342.8,318.4,292.8,1.50,44.7,0,29.08,0,0,0
4,426,341.5,318.9,292.8,1.47,44.7,0,27.92,0,0,0
4,427,340.1,319.4,292.8,1.44,44.7,0,27.09,0,0,0
4,428,338.8,320.0,292.8,1.41,44.7,0,26.31,0,0,0
4,429,337.5,320.5,292.8,1.38,44.7,0,25.35,0,0,0
4,430,336.2,321.0,293.0,1.40,43.0,6,25.60,0,0,0
4,431,334.9,321.4,293.5,1.43,41.5,6,26.00,0,0,0
4,432,333.5,321.8,294.1,1.45,40.4,6,26.44,0,0,0
4,433,332.0,322.2,295.0,1.47,39.6,6,26.94,0,0,0
4,434,330.6,322.5,296.2,1.50,39.1,6,27.37,0,0,0
4,435,329.1,322.8,297.6,1.52,38.9,6,27.76,0,0,0
4,436,327.6,323.1,299.3,1.55,39.0,6,28.46,0,0,0
4,437,326.1,323.3,300.7,1.51,40.4,0,28.00,0,0,0
4,438,324.6,323.6,301.9,1.48,41.5,0,27.45,0,0,0
4,439,323.2,323.8,302.8,1.45,42.4,0,26.82,0,0,0
4,440,321.8,324.1,303.4,1.43,43.1,0,26.15,0,0,0
4,441,320.4,324.3,303.9,1.40,43.5,0,25.45,0,0,0
4,442,319.0,324.5,304.1,1.37,43.7,0,24.72,0,0,0
4,443,317.7,324.7,304.1,1.34,43.7,0,23.97,0,0,0
4,444,316.4,325.0,304.1,1.32,43.7,0,23.25,0,0,0
4,445,315.1,325.2,304.1,1.29,43.7,0,22.30,0,0,0
4,446,313.9,325.4,304.1,1.26,43.7,0,21.64,0,0,0
4,447,312.7,325.6,304.1,1.24,43.7,0,20.99,0,0,0
4,448,311.5,325.8,304.1,1.21,43.7,0,20.37,0,0,0
4,449,310.3,326.0,304.1,1.19,43.7,0,19.76,0,0,0
4,450,309.1,326.2,304.3,1.22,41.7,6,20.18,0,0,0
4,451,307.9,326.3,304.8,1.24,40.1,6,20.63,0,0,0
4,452,306.6,326.3,305.5,1.27,38.8,6,21.11,0,0,0
4,453,305.4,326.4,306.0,1.25,39.3,0,20.56,0,0,0
4,454,304.1,326.5,306.2,1.22,39.5,0,19.99,0,0,0
4,455,302.9,326.6,306.2,1.20,39.5,0,19.40,0,0,0
4,456,301.8,326.6,306.2,1.17,39.5,0,19.03,0,0,0
4,457,300.6,326.7,306.2,1.15,39.5,0,18.46,0,0,0
4,458,299.4,326.7,306.4,1.18,37.6,6,18.92,0,0,0
4,459,298.2,326.7,306.9,1.21,36.1,6,19.39,0,0,0
4,460,297.0,326.7,307.1,1.19,36.4,0,18.86,0,0,0
4,461,295.9,326.7,307.1,1.16,36.4,0,18.31,0,0,0
4,462,294.7,326.7,307.1,1.14,36.4,0,17.77,0,0,0
4,463,293.6,326.6,307.1,1.12,36.4,0,17.25,0,0,0
4,464,292.5,326.6,307.1,1.10,36.4,0,16.92,0,0,0
4,465,291.4,326.6,307.4,1.13,34.5,6,17.40,0,0,0
4,466,290.2,326.5,307.9,1.16,33.1,6,17.91,0,0,0
4,467,289.1,326.3,308.6,1.20,32.0,6,18.44,0,0,0
4,468,287.8,326.2,309.6,1.23,31.3,6,19.01,0,0,0
4,469,286.6,326.0,310.3,1.21,32.0,0,18.60,0,0,0
4,470,285.5,325.8,310.8,1.18,32.5,0,18.14,0,0,0
4,471,284.3,325.6,311.0,1.16,32.8,0,17.65,0,0,0
4,472,283.2,325.5,311.0,1.14,32.8,0,17.14,0,0,0
4,473,282.1,325.3,311.0,1.11,32.8,0,16.82,0,0,0
4,474,281.0,325.2,311.0,1.09,32.8,0,16.33,0,0,0
4,475,279.9,325.0,311.0,1.07,32.8,0,15.86,0,0,0
4,476,278.9,324.9,311.0,1.05,32.8,0,15.55,0,0,0
4,477,277.9,324.7,311.0,1.03,32.8,0,15.11,0,0,0
4,478,276.9,324.6,311.0,1.01,32.8,0,14.67,0,0,0
4,479,275.9,324.4,311.0,0.99,32.8,0,16.61,0,0,0
4,480,275.0,324.3,311.0,0.97,32.8,0,16.12,0,0,0
4,481,274.0,324.2,311.0,0.95,32.8,0,15.65,0,0,0
4,482,273.1,324.0,311.0,0.93,32.8,0,15.19,0,0,0
4,483,272.2,323.9,311.0,0.91,32.8,0,14.75,0,0,0
4,484,271.3,323.7,311.3,0.95,30.8,6,15.49,0,0,0
4,485,270.3,323.5,311.3,0.93,30.8,0,15.04,0,0,0
4,486,269.4,323.3,311.5,0.97,29.0,6,15.78,0,0,0
4,487,268.5,323.1,311.5,0.95,29.0,0,15.32,0,0,0
4,488,267.5,322.9,311.8,1.00,27.3,6,16.05,0,0,0
4,489,266.5,322.6,312.3,1.04,26.1,6,14.66,0,0,0
4,490,265.5,322.3,312.5,1.02,26.3,0,14.29,0,0,0
4,491,264.6,322.0,312.5,1.00,26.3,0,15.91,0,0,0
4,492,263.6,321.7,312.8,1.04,24.9,6,14.55,0,0,0
4,493,262.6,321.3,313.3,1.08,23.9,6,15.26,0,0,0
4,494,261.6,321.0,313.5,1.06,24.1,0,14.87,0,0,0
4,495,260.5,320.6,314.0,1.10,23.1,6,15.42,0,0,0
4,496,259.5,320.2,314.3,1.08,23.4,0,15.03,0,0,0
4,497,258.5,319.8,314.3,1.06,23.4,0,14.76,0,0,0
4,498,257.6,319.5,314.3,1.03,23.4,0,14.34,0,0,0
4,499,256.6,319.1,314.3,1.01,23.4,0,14.09,0,0,0
4,500,255.7,318.7,314.5,1.06,22.2,6,14.60,0,0,0
4,501,254.6,318.3,315.0,1.10,21.3,6,15.31,0,0,0
4,502,253.6,317.8,315.7,1.14,20.8,6,15.91,0,0,0
4,503,252.6,317.3,316.2,1.12,21.3,0,15.56,0,0,0
4,504,251.6,316.9,316.5,1.10,21.5,0,15.34,0,0,0
4,505,250.6,316.4,316.5,1.08,21.5,0,14.90,0,0,0
4,506,249.7,316.0,316.5,1.05,21.5,0,14.63,0,0,0
4,507,248.7,315.5,316.5,1.03,21.5,0,14.51,0,0,0
4,508,247.8,315.0,316.7,1.08,20.4,6,15.05,0,0,0
4,509,246.8,314.5,317.2,1.12,19.7,6,15.78,0,0,0
4,510,245.8,314.0,317.9,1.16,19.3,6,16.41,0,0,0
4,511,244.8,313.4,318.4,1.14,19.8,0,16.05,0,0,0
4,512,243.8,312.9,318.7,1.12,20.0,0,15.81,0,0,0
4,513,242.8,312.4,318.7,1.09,20.0,0,15.35,0,0,0
4,514,241.9,311.9,318.7,1.07,20.0,0,15.22,0,0,0
4,515,240.9,311.3,318.9,1.11,19.0,6,15.76,0,0,0
4,516,239.9,310.7,319.4,1.16,18.4,6,16.51,0,0,0
4,517,238.9,310.1,320.1,1.20,18.1,6,17.14,0,0,0
4,518,237.9,309.4,320.6,1.18,18.6,0,16.77,0,0,0
4,519,236.9,308.8,320.8,1.15,18.8,0,16.69,0,0,0
4,520,235.9,308.2,321.3,1.19,18.2,6,17.27,0,0,0
4,521,235.0,307.5,321.6,1.17,18.5,0,17.19,0,0,0
4,522,234.0,306.9,322.0,1.21,17.9,6,17.78,0,0,0
4,523,232.9,306.1,322.7,1.25,17.7,6,18.42,0,0,0
4,524,231.9,305.4,323.2,1.23,18.1,0,18.00,0,0,0
4,525,230.9,304.7,323.4,1.20,18.4,0,17.72,0,0,0
4,526,229.9,304.0,323.9,1.24,17.9,6,18.29,0,0,0
4,527,228.9,303.3,324.1,1.22,18.1,0,17.80,0,0,0
4,528,227.9,302.5,324.6,1.26,17.6,6,18.78,0,0,0
4,529,226.9,301.7,325.3,1.30,17.4,6,19.42,0,0,0
4,530,225.9,301.0,325.8,1.28,17.8,0,18.97,0,0,0
4,531,224.9,300.2,326.0,1.25,18.1,0,18.87,0,0,0
4,532,224.0,299.4,326.0,1.22,18.1,0,18.29,0,0,0
4,533,223.0,298.6,326.2,1.27,17.3,6,19.22,0,0,0
4,534,222.0,297.8,326.7,1.31,16.9,6,19.79,0,0,0
4,535,220.9,296.9,327.4,1.35,16.8,6,20.44,0,0,0
4,536,219.9,296.0,328.3,1.38,16.9,6,21.17,0,0,0
4,537,218.9,295.1,329.0,1.36,17.6,0,20.75,0,0,0
4,538,217.9,294.2,329.5,1.33,18.0,0,20.73,0,0,0
4,539,216.9,293.4,329.7,1.30,18.2,0,20.15,0,0,0
4,540,216.0,292.5,329.7,1.28,18.2,0,19.94,0,0,0
4,541,215.0,291.7,329.7,1.25,18.2,0,19.31,0,0,0
4,542,214.1,290.8,329.9,1.29,17.5,6,19.82,0,0,0
4,543,213.1,290.0,329.9,1.27,17.5,0,19.62,0,0,0
4,544,212.2,289.1,330.2,1.31,16.8,6,20.13,0,0,0
4,545,211.2,288.1,330.6,1.35,16.4,6,21.17,0,0,0
4,546,210.2,287.2,331.3,1.38,16.3,6,21.87,0,0,0
4,547,209.2,286.1,332.2,1.42,16.5,6,22.63,0,0,0
4,548,208.2,285.1,333.4,1.46,16.9,6,23.50,0,0,0
4,549,207.2,284.0,334.8,1.50,17.6,6,24.49,0,0,0
4,550,206.2,282.9,336.0,1.47,18.7,0,24.20,0,0,0
4,551,205.3,281.8,336.9,1.44,19.6,0,23.78,0,0,0
4,552,204.3,280.8,337.6,1.41,20.3,0,23.25,0,0,0
4,553,203.4,279.8,338.0,1.38,20.7,0,22.65,0,0,0
4,554,202.4,278.8,338.2,1.35,20.9,0,22.16,0,0,0
4,555,201.5,277.8,338.2,1.33,20.9,0,21.96,0,0,0
4,556,200.7,276.9,338.2,1.30,20.9,0,21.23,0,0,0
4,557,199.8,275.9,338.2,1.27,20.9,0,20.85,0,0,0
4,558,198.9,275.0,338.2,1.25,20.9,0,20.29,0,0,0
4,559,198.1,274.1,338.2,1.22,20.9,0,19.63,0,0,0
4,560,197.3,273.2,338.2,1.20,20.9,0,19.40,0,0,0
4,561,196.5,272.3,338.5,1.24,20.0,6,20.06,0,0,0
4,562,195.7,271.3,338.9,1.28,19.5,6,20.77,0,0,0
4,563,194.8,270.3,339.6,1.32,19.2,6,21.47,0,0,0
4,564,194.0,269.3,340.6,1.36,19.2,6,22.25,0,0,0
4,565,193.1,268.2,341.8,1.39,19.4,6,23.12,0,0,0
4,566,192.3,267.0,343.2,1.43,20.0,6,24.10,0,0,0
4,567,191.4,265.9,344.4,1.40,21.1,0,23.77,0,0,0
4,568,190.6,264.8,345.3,1.38,22.1,0,23.32,0,0,0
4,569,189.8,263.7,346.0,1.35,22.7,0,22.78,0,0,0
4,570,189.0,262.6,346.4,1.32,23.2,0,22.19,0,0,0
4,571,188.2,261.6,346.7,1.29,23.4,0,21.85,0,0,0
4,572,187.5,260.6,346.7,1.27,23.4,0,21.51,0,0,0
4,573,186.7,259.5,346.9,1.31,22.5,6,22.18,0,0,0
4,574,185.9,258.4,347.4,1.34,21.8,6,22.75,0,0,0
4,575,185.2,257.3,348.1,1.38,21.4,6,23.39,0,0,0
4,576,184.4,256.1,349.0,1.42,21.3,6,24.11,0,0,0
4,577,183.7,254.8,350.2,1.45,21.5,6,24.94,0,0,0
4,578,182.9,253.6,351.1,1.42,22.4,0,24.46,0,0,0
4,579,182.2,252.4,351.7,1.40,23.1,0,24.05,0,0,0
4,580,181.5,251.3,352.2,1.37,23.6,0,23.63,0,0,0
4,581,180.8,250.0,352.9,1.40,23.1,6,24.40,0,0,0
4,582,180.1,248.8,353.8,1.44,23.0,6,25.20,0,0,0
4,583,179.4,247.5,354.9,1.47,23.1,6,26.04,0,0,0
4,584,178.7,246.1,356.4,1.51,23.5,6,26.92,0,0,0
4,585,178.0,244.8,357.5,1.48,24.6,0,26.53,0,0,0
4,586,177.4,243.5,358.4,1.45,25.5,0,26.08,0,0,0
4,587,176.7,242.3,359.1,1.42,26.2,0,25.59,0,0,0
4,588,176.1,241.0,359.5,1.39,26.7,0,25.07,0,0,0
4,589,175.5,239.8,360.2,1.42,26.1,6,25.80,0,0,0
4,590,174.9,238.4,361.1,1.46,25.8,6,26.57,0,0,0
4,591,174.3,237.1,362.3,1.49,25.8,6,27.38,0,0,0
4,592,173.7,235.7,363.7,1.52,26.1,6,28.26,0,0,0
4,593,173.1,234.2,365.4,1.55,26.7,6,29.21,0,0,0
4,594,172.6,232.8,366.8,1.52,28.1,0,28.81,0,0,0
4,595,172.0,231.4,367.9,1.49,29.3,0,28.33,0,0,0
4,596,171.5,230.0,368.8,1.46,30.2,0,27.78,0,0,0
4,597,171.0,228.7,369.5,1.43,30.8,0,27.18,0,0,0
4,598,170.5,227.4,369.9,1.40,31.3,0,26.54,0,0,0
4,599,170.0,226.1,370.2,1.38,31.5,0,25.87,0,0,0
4,600,169.5,224.8,370.6,1.41,30.5,6,26.49,0,0,0
4,601,169.0,223.4,371.3,1.44,29.8,6,27.16,0,0,0
4,602,168.6,222.0,372.2,1.47,29.3,6,27.87,0,0,0
4,603,168.2,220.6,373.4,1.50,29.2,6,28.64,0,0,0
4,604,167.8,219.1,374.8,1.53,29.4,6,29.49,0,0,0
4,605,167.4,217.6,376.5,1.56,29.8,6,30.41,0,0,0
4,606,167.1,216.1,377.9,1.53,31.2,0,29.94,0,0,0
4,607,166.7,214.6,379.0,1.50,32.4,0,29.38,0,0,0
4,608,166.4,213.2,379.9,1.47,33.3,0,28.75,0,0,0
4,609,166.1,211.8,380.6,1.44,33.9,0,28.07,0,0,0
4,610,165.7,210.4,381.0,1.41,34.4,0,27.35,0,0,0
4,611,165.4,209.1,381.2,1.38,34.6,0,26.60,0,0,0
4,612,165.1,207.7,381.7,1.41,33.5,6,27.16,0,0,0
4,613,164.9,206.3,382.3,1.44,32.6,6,27.76,0,0,0
4,614,164.6,204.8,383.3,1.47,32.1,6,28.42,0,0,0
4,615,164.4,203.3,384.4,1.50,31.9,6,29.14,0,0,0
4,616,164.3,201.8,385.8,1.53,31.9,6,779.94,1,0,0
