episode,step,x,y,angle,speed,drift_angle,action,reward,laps,done,offtrack_death
0,1,150.0,200.0,0.0,0.00,0.0,0,50.00,0,0,0
0,2,150.0,199.9,0.0,0.07,0.0,6,0.62,0,0,0
0,3,150.0,199.8,0.0,0.14,0.0,6,1.33,0,0,0
0,4,150.0,199.6,0.0,0.20,0.0,6,2.02,0,0,0
0,5,150.0,199.3,0.0,0.27,0.0,6,2.70,0,0,0
0,6,150.0,199.0,0.0,0.33,0.0,6,3.36,0,0,0
0,7,150.0,198.6,0.0,0.39,0.0,6,4.01,0,0,0
0,8,150.0,198.2,0.0,0.45,0.0,6,4.65,0,0,0
0,9,150.0,197.6,0.0,0.51,0.0,6,5.27,0,0,0
0,10,150.0,197.1,2.4,0.57,2.4,6,5.88,0,0,0
0,11,150.0,196.4,4.7,0.63,4.5,6,6.47,0,0,0
0,12,150.0,195.8,7.0,0.68,6.3,6,7.03,0,0,0
0,13,150.0,195.0,9.3,0.74,8.0,6,7.58,0,0,0
0,14,150.1,194.2,11.5,0.79,9.5,6,8.41,0,0,0
0,15,150.1,193.4,13.6,0.84,10.9,6,9.00,0,0,0
0,16,150.2,192.5,15.7,0.89,12.2,6,9.59,0,0,0
0,17,150.2,191.6,17.8,0.94,13.4,6,10.16,0,0,0
0,18,150.3,190.6,19.9,0.99,14.5,6,10.73,0,0,0
0,19,150.4,189.5,21.9,1.04,15.6,6,12.15,0,0,0
0,20,150.6,188.5,23.9,1.08,16.6,6,12.83,0,0,0
0,21,150.7,187.4,25.8,1.13,17.5,6,13.51,0,0,0
0,22,150.9,186.2,27.7,1.17,18.4,6,14.19,0,0,0
0,23,151.1,185.0,29.6,1.21,19.3,6,14.86,0,0,0
0,24,151.4,183.8,31.5,1.25,20.1,6,15.53,0,0,0
0,25,151.7,182.5,33.4,1.29,20.9,6,17.99,0,0,0
0,26,152.0,181.2,35.2,1.33,21.7,6,18.83,0,0,0
0,27,152.3,179.9,37.0,1.37,22.5,6,19.67,0,0,0
0,28,152.7,178.5,38.8,1.40,23.2,6,20.50,0,0,0
0,29,153.1,177.2,40.5,1.44,23.9,6,21.34,0,0,0
0,30,153.5,175.8,42.0,1.41,25.3,0,21.02,0,0,0
0,31,153.9,174.5,43.2,1.38,26.5,0,23.20,0,0,0
0,32,154.3,173.2,44.1,1.36,27.4,0,22.75,0,0,0
0,33,154.7,171.9,44.8,1.33,28.1,0,22.25,0,0,0
0,34,155.1,170.7,45.2,1.30,28.6,0,21.70,0,0,0
0,35,155.4,169.4,45.5,1.28,28.8,0,21.12,0,0,0
0,36,155.8,168.2,45.5,1.25,28.8,0,20.51,0,0,0
0,37,156.1,167.1,45.5,1.22,28.8,0,22.09,0,0,0
0,38,156.5,165.9,45.5,1.20,28.8,0,21.43,0,0,0
0,39,156.8,164.8,45.5,1.18,28.8,0,20.80,0,0,0
0,40,157.1,163.7,45.5,1.15,28.8,0,20.18,0,0,0
0,41,157.5,162.6,45.7,1.19,27.4,6,20.85,0,0,0
0,42,157.9,161.4,46.2,1.23,26.4,6,21.58,0,0,0
0,43,158.4,160.2,46.9,1.27,25.8,6,22.36,0,0,0
0,44,158.9,159.0,47.8,1.30,25.4,6,23.22,0,0,0
0,45,159.4,157.8,49.1,1.34,25.4,6,24.17,0,0,0
0,46,159.9,156.6,50.0,1.31,26.3,0,23.74,0,0,0
0,47,160.5,155.4,50.7,1.29,27.0,0,23.24,0,0,0
0,48,161.0,154.3,51.1,1.26,27.5,0,22.68,0,0,0
0,49,161.5,153.1,51.4,1.23,27.7,0,22.07,0,0,0
0,50,162.0,152.0,51.4,1.21,27.7,0,21.41,0,0,0
0,51,162.4,150.9,51.4,1.19,27.7,0,20.78,0,0,0
0,52,162.9,149.8,51.6,1.22,26.4,6,21.45,0,0,0
0,53,163.5,148.7,52.1,1.26,25.5,6,22.16,0,0,0
0,54,164.1,147.6,52.8,1.30,24.9,6,22.95,0,0,0
0,55,164.8,146.4,53.7,1.33,24.6,6,23.81,0,0,0
0,56,165.4,145.3,54.4,1.31,25.3,0,23.33,0,0,0
0,57,166.0,144.1,54.9,1.28,25.8,0,22.78,0,0,0
0,58,166.6,143.0,55.1,1.26,26.0,0,22.17,0,0,0
0,59,167.3,141.9,55.6,1.29,25.1,6,22.89,0,0,0
0,60,168.0,140.8,56.3,1.33,24.6,6,23.67,0,0,0
0,61,168.7,139.7,56.7,1.30,25.0,0,23.12,0,0,0
0,62,169.3,138.6,57.0,1.28,25.3,0,22.51,0,0,0
0,63,170.1,137.5,57.4,1.31,24.4,6,23.21,0,0,0
0,64,170.8,136.4,58.1,1.35,23.9,6,23.99,0,0,0
0,65,171.6,135.3,58.6,1.32,24.4,0,23.44,0,0,0
0,66,172.3,134.2,58.8,1.30,24.6,0,22.83,0,0,0
0,67,173.1,133.1,59.3,1.33,23.8,6,23.53,0,0,0
0,68,173.9,132.0,60.0,1.37,23.4,6,24.31,0,0,0
0,69,174.7,131.0,60.4,1.34,23.8,0,23.76,0,0,0
0,70,175.5,129.9,60.6,1.32,24.0,0,23.14,0,0,0
0,71,176.2,128.9,60.6,1.29,24.0,0,22.47,0,0,0
0,72,177.0,127.8,60.9,1.33,23.1,6,23.10,0,0,0
0,73,177.9,126.8,61.3,1.36,22.4,6,23.79,0,0,0
0,74,178.8,125.7,62.0,1.40,22.0,6,24.58,0,0,0
0,75,179.7,124.6,62.9,1.44,21.9,6,25.46,0,0,0
0,76,180.7,123.5,63.6,1.41,22.6,0,24.98,0,0,0
0,77,181.6,122.5,64.0,1.38,23.0,0,24.42,0,0,0
0,78,182.5,121.5,64.3,1.35,23.2,0,23.78,0,0,0
0,79,183.3,120.5,64.3,1.32,23.2,0,23.09,0,0,0
0,80,184.2,119.5,64.5,1.36,22.3,6,73.71,0,0,0
0,81,185.2,118.5,64.9,1.40,21.7,6,24.41,0,0,0
0,82,186.2,117.4,65.6,1.43,21.4,6,25.19,0,0,0
0,83,187.2,116.4,66.5,1.47,21.3,6,26.07,0,0,0
0,84,188.3,115.4,67.7,1.50,21.5,6,27.07,0,0,0
0,85,189.4,114.3,69.1,1.54,22.0,6,28.19,0,0,0
0,86,190.6,113.3,70.8,1.57,22.8,6,29.47,0,0,0
0,87,191.8,112.2,72.5,1.60,23.5,6,30.75,0,0,0
0,88,193.1,111.2,74.2,1.63,24.2,6,32.02,0,0,0
0,89,194.4,110.1,75.8,1.66,24.9,6,33.29,0,0,0
0,90,195.7,109.1,77.5,1.69,25.6,6,34.56,0,0,0
0,91,197.1,108.0,79.1,1.72,26.2,6,35.82,0,0,0
0,92,198.5,107.0,80.7,1.75,26.8,6,37.07,0,0,0
0,93,199.9,106.0,82.3,1.77,27.4,6,38.31,0,0,0
0,94,201.4,105.0,83.9,1.80,28.0,6,39.54,0,0,0
0,95,203.0,104.0,85.5,1.83,28.6,6,40.76,0,0,0
0,96,204.5,103.0,87.1,1.85,29.1,6,41.97,0,0,0
0,97,206.1,102.0,88.6,1.87,29.7,6,43.16,0,0,0
0,98,207.8,101.1,90.2,1.90,30.2,6,44.34,0,0,0
0,99,209.4,100.1,91.4,1.86,31.5,0,43.69,0,0,0
0,100,210.9,99.2,92.5,1.82,32.5,0,42.87,0,0,0
0,101,212.5,98.3,93.3,1.78,33.3,0,41.93,0,0,0
0,102,214.0,97.5,93.9,1.75,34.0,0,40.87,0,0,0
0,103,215.5,96.6,94.3,1.71,34.4,0,39.74,0,0,0
0,104,216.9,95.8,94.5,1.68,34.6,0,38.55,0,0,0
0,105,218.4,94.9,94.5,1.65,34.6,0,37.30,0,0,0
0,106,219.8,94.1,94.5,1.61,34.6,0,36.10,0,0,0
0,107,221.1,93.3,94.5,1.58,34.6,0,34.95,0,0,0
0,108,222.5,92.6,94.5,1.55,34.6,0,33.83,0,0,0
0,109,223.8,91.8,94.5,1.52,34.6,0,32.75,0,0,0
0,110,225.1,91.1,94.5,1.49,34.6,0,31.71,0,0,0
0,111,226.3,90.3,94.5,1.46,34.6,0,30.70,0,0,0
0,112,227.6,89.6,94.7,1.49,33.3,6,31.22,0,0,0
0,113,229.0,88.9,95.2,1.51,32.3,6,31.80,0,0,0
0,114,230.4,88.3,95.8,1.54,31.6,6,32.47,0,0,0
0,115,231.8,87.6,96.7,1.57,31.2,6,33.23,0,0,0
0,116,233.3,87.0,97.8,1.60,31.0,6,34.10,0,0,0
0,117,234.7,86.4,98.7,1.57,31.9,0,33.38,0,0,0
0,118,236.1,85.8,99.3,1.53,32.5,0,32.58,0,0,0
0,119,237.5,85.2,99.8,1.50,32.9,0,31.70,0,0,0
0,120,238.9,84.6,100.0,1.47,33.2,0,30.78,0,0,0
0,121,240.2,84.0,100.0,1.44,33.2,0,29.81,0,0,0
0,122,241.5,83.5,100.0,1.41,33.2,0,28.88,0,0,0
0,123,242.8,82.9,100.0,1.39,33.2,0,27.98,0,0,0
0,124,244.1,82.4,100.2,1.42,31.9,6,28.54,0,0,0
0,125,245.4,81.9,100.7,1.45,30.9,6,29.17,0,0,0
0,126,246.8,81.4,101.3,1.48,30.2,6,29.87,0,0,0
0,127,248.3,81.0,102.2,1.51,29.8,6,30.67,0,0,0
0,128,249.7,80.5,102.9,1.48,30.4,0,29.96,0,0,0
0,129,251.1,80.1,103.3,1.45,30.9,0,29.19,0,0,0
0,130,252.4,79.7,103.5,1.42,31.1,0,28.35,0,0,0
0,131,253.7,79.2,103.5,1.39,31.1,0,27.48,0,0,0
0,132,255.0,78.8,103.5,1.36,31.1,0,26.63,0,0,0
0,133,256.4,78.4,103.8,1.39,29.8,6,27.22,0,0,0
0,134,257.8,78.1,104.2,1.43,28.9,6,27.87,0,0,0
0,135,259.2,77.7,104.9,1.46,28.3,6,28.60,0,0,0
0,136,260.6,77.4,105.8,1.49,27.9,6,29.42,0,0,0
0,137,262.1,77.1,106.4,1.46,28.6,0,28.77,0,0,0
0,138,263.5,76.8,106.9,1.43,29.0,0,28.05,0,0,0
0,139,264.8,76.5,107.1,1.40,29.3,0,27.26,0,0,0
0,140,266.2,76.2,107.1,1.37,29.3,0,26.43,0,0,0
0,141,267.5,75.9,107.1,1.35,29.3,0,25.63,0,0,0
0,142,268.8,75.7,107.1,1.32,29.3,0,24.85,0,0,0
0,143,270.1,75.4,107.3,1.35,28.1,6,25.46,0,0,0
0,144,271.5,75.2,107.8,1.39,27.2,6,26.14,0,0,0
0,145,272.9,75.0,108.5,1.42,26.6,6,26.89,0,0,0
0,146,274.3,74.8,108.9,1.39,27.0,0,26.24,0,0,0
0,147,275.6,74.6,109.1,1.37,27.3,0,25.52,0,0,0
0,148,276.9,74.4,109.1,1.34,27.3,0,24.76,0,0,0
0,149,278.3,74.2,109.3,1.37,26.2,6,25.37,0,0,0
0,150,279.7,74.1,109.8,1.41,25.4,6,26.05,0,0,0
0,151,281.1,74.0,110.5,1.44,24.9,6,26.81,0,0,0
0,152,282.6,73.9,110.9,1.41,25.3,0,26.17,0,0,0
0,153,283.9,73.8,111.1,1.38,25.6,0,25.47,0,0,0
0,154,285.3,73.7,111.1,1.36,25.6,0,24.72,0,0,0
0,155,286.7,73.6,111.4,1.39,24.6,6,25.32,0,0,0
0,156,288.1,73.5,111.8,1.43,23.9,6,26.00,0,0,0
0,157,289.6,73.5,112.5,1.46,23.5,6,26.77,0,0,0
0,158,291.0,73.5,112.9,1.43,23.9,0,26.15,0,0,0
0,159,292.4,73.5,113.1,1.40,24.1,0,25.46,0,0,0
0,160,293.8,73.4,113.1,1.37,24.1,0,24.72,0,0,0
0,161,295.2,73.4,113.4,1.41,23.2,6,25.31,0,0,0
0,162,296.6,73.5,113.8,1.45,22.6,6,25.99,0,0,0
0,163,298.1,73.5,114.5,1.48,22.2,6,26.76,0,0,0
0,164,299.6,73.6,114.9,1.45,22.7,0,26.16,0,0,0
0,165,301.0,73.7,115.1,1.42,22.9,0,25.48,0,0,0
0,166,302.4,73.7,115.1,1.39,22.9,0,24.74,0,0,0
0,167,303.7,73.8,115.1,1.37,22.9,0,24.02,0,0,0
0,168,305.1,73.8,115.3,1.40,22.0,6,24.63,0,0,0
0,169,306.6,73.9,115.8,1.44,21.4,6,25.31,0,0,0
0,170,308.0,74.1,116.5,1.47,21.1,6,26.09,0,0,0
0,171,309.5,74.2,116.9,1.44,21.6,0,25.52,0,0,0
0,172,310.9,74.4,117.1,1.41,21.8,0,24.86,0,0,0
0,173,312.2,74.5,117.1,1.39,21.8,0,24.15,0,0,0
0,174,313.6,74.6,117.1,1.36,21.8,0,23.45,0,0,0
0,175,315.0,74.8,117.3,1.39,21.0,6,24.06,0,0,0
0,176,316.4,74.9,117.8,1.43,20.4,6,24.75,0,0,0
0,177,317.9,75.2,118.5,1.47,20.2,6,25.53,0,0,0
0,178,319.3,75.4,118.9,1.44,20.6,0,24.98,0,0,0
0,179,320.7,75.6,119.1,1.41,20.8,0,24.35,0,0,0
0,180,322.0,75.8,119.1,1.38,20.8,0,23.66,0,0,0
0,181,323.4,76.0,119.1,1.35,20.8,0,22.98,0,0,0
0,182,324.8,76.2,119.3,1.39,20.0,6,23.59,0,0,0
0,183,326.2,76.4,119.8,1.43,19.5,6,24.28,0,0,0
0,184,327.6,76.7,120.5,1.46,19.3,6,25.07,0,0,0
0,185,329.0,77.0,120.9,1.43,19.7,0,24.54,0,0,0
0,186,330.4,77.3,121.1,1.41,20.0,0,23.93,0,0,0
0,187,331.7,77.5,121.1,1.38,20.0,0,23.25,0,0,0
0,188,333.1,77.8,121.1,1.35,20.0,0,22.60,0,0,0
0,189,334.4,78.1,121.3,1.39,19.2,6,23.20,0,0,0
0,190,335.8,78.4,121.8,1.42,18.8,6,23.90,0,0,0
0,191,337.2,78.8,122.5,1.46,18.6,6,24.69,0,0,0
0,192,338.6,79.1,122.9,1.43,19.0,0,24.18,0,0,0
0,193,340.0,79.4,123.1,1.40,19.2,0,23.58,0,0,0
0,194,341.3,79.8,123.1,1.38,19.2,0,22.92,0,0,0
0,195,342.6,80.1,123.1,1.35,19.2,0,22.28,0,0,0
0,196,344.0,80.5,123.3,1.39,18.5,6,22.89,0,0,0
0,197,345.3,80.8,123.8,1.42,18.1,6,23.58,0,0,0
0,198,346.7,81.2,124.0,1.40,18.3,0,23.01,0,0,0
0,199,348.0,81.6,124.4,1.43,17.9,6,23.70,0,0,0
0,200,349.4,82.0,124.7,1.40,18.1,0,23.13,0,0,0
0,201,350.8,82.5,125.1,1.44,17.7,6,23.82,0,0,0
0,202,352.2,82.9,125.8,1.48,17.6,6,24.61,0,0,0
0,203,353.5,83.4,126.2,1.45,18.0,0,24.12,0,0,0
0,204,354.9,83.9,126.9,1.48,17.9,6,24.91,0,0,0
0,205,356.4,84.4,127.8,1.52,18.0,6,25.81,0,0,0
0,206,357.8,84.9,128.4,1.49,18.6,0,25.39,0,0,0
0,207,359.1,85.4,128.9,1.46,19.0,0,24.87,0,0,0
0,208,360.5,85.9,129.1,1.43,19.3,0,24.26,0,0,0
0,209,361.9,86.4,129.5,1.47,18.8,6,24.94,0,0,0
0,210,363.3,86.9,130.2,1.50,18.6,6,25.72,0,0,0
0,211,364.7,87.5,131.1,1.54,18.7,6,26.62,0,0,0
0,212,366.1,88.1,132.2,1.57,19.0,6,27.65,0,0,0
0,213,367.6,88.7,133.1,1.54,19.9,0,27.30,0,0,0
0,214,368.9,89.3,133.7,1.51,20.6,0,26.82,0,0,0
0,215,370.3,89.9,134.2,1.48,21.0,0,76.23,0,0,0
0,216,371.7,90.5,134.8,1.51,20.7,6,27.01,0,0,0
0,217,373.1,91.2,135.7,1.55,20.7,6,27.89,0,0,0
0,218,374.5,91.9,136.9,1.58,21.0,6,28.90,0,0,0
0,219,376.0,92.6,138.2,1.61,21.5,6,30.06,0,0,0
0,220,377.4,93.4,139.9,1.65,22.3,6,31.37,0,0,0
0,221,378.9,94.2,141.6,1.68,23.0,6,32.69,0,0,0
0,222,380.4,95.0,143.2,1.71,23.8,6,34.00,0,0,0
0,223,381.9,95.9,144.8,1.74,24.5,6,35.30,0,0,0
0,224,383.4,96.8,146.4,1.76,25.2,6,36.59,0,0,0
0,225,384.9,97.8,148.0,1.79,25.8,6,37.88,0,0,0
0,226,386.4,98.7,149.3,1.75,27.2,0,37.48,0,0,0
0,227,387.8,99.6,150.4,1.72,28.2,0,36.89,0,0,0
0,228,389.3,100.5,151.2,1.69,29.1,0,36.17,0,0,0
0,229,390.7,101.4,151.9,1.65,29.7,0,35.34,0,0,0
0,230,392.0,102.2,152.3,1.62,30.1,0,34.42,0,0,0
0,231,393.4,103.1,152.5,1.59,30.3,0,33.44,0,0,0
0,232,394.7,103.9,152.5,1.55,30.3,0,32.39,0,0,0
0,233,396.0,104.7,152.5,1.52,30.3,0,31.38,0,0,0
0,234,397.2,105.5,152.5,1.49,30.3,0,30.41,0,0,0
0,235,398.5,106.3,152.5,1.46,30.3,0,29.47,0,0,0
0,236,399.7,107.1,152.5,1.43,30.3,0,28.56,0,0,0
0,237,400.9,107.8,152.5,1.41,30.3,0,27.68,0,0,0
0,238,402.1,108.6,152.7,1.44,29.1,6,28.25,0,0,0
0,239,403.3,109.5,153.2,1.47,28.3,6,28.89,0,0,0
0,240,404.5,110.3,153.8,1.50,27.7,6,29.61,0,0,0
0,241,405.7,111.3,154.7,1.53,27.4,6,30.44,0,0,0
0,242,406.9,112.2,155.8,1.56,27.4,6,31.37,0,0,0
0,243,408.2,113.2,157.2,1.59,27.6,6,32.42,0,0,0
0,244,409.4,114.2,158.4,1.56,28.8,0,31.90,0,0,0
0,245,410.5,115.2,159.2,1.53,29.6,0,31.27,0,0,0
0,246,411.7,116.2,159.9,1.50,30.3,0,30.55,0,0,0
0,247,412.8,117.1,160.3,1.47,30.7,0,29.76,0,0,0
0,248,413.9,118.0,160.5,1.44,30.9,0,28.92,0,0,0
0,249,415.0,118.9,160.5,1.41,30.9,0,28.02,0,0,0
0,250,416.1,119.8,160.5,1.38,30.9,0,27.16,0,0,0
0,251,417.1,120.7,160.8,1.41,29.7,6,27.73,0,0,0
0,252,418.2,121.7,161.2,1.44,28.8,6,28.38,0,0,0
0,253,419.3,122.7,161.9,1.48,28.2,6,29.11,0,0,0
0,254,420.4,123.8,162.8,1.51,27.9,6,29.93,0,0,0
0,255,421.4,124.9,163.9,1.54,27.8,6,30.85,0,0,0
0,256,422.5,126.1,165.3,1.57,28.1,6,31.89,0,0,0
0,257,423.5,127.2,167.0,1.60,28.6,6,33.07,0,0,0
0,258,424.6,128.4,168.4,1.57,30.0,0,32.63,0,0,0
0,259,425.6,129.6,169.5,1.53,31.1,0,32.06,0,0,0
0,260,426.6,130.7,170.4,1.50,32.0,0,31.39,0,0,0
0,261,427.6,131.8,171.1,1.47,32.6,0,30.63,0,0,0
0,262,428.5,132.9,171.5,1.44,33.1,0,29.81,0,0,0
0,263,429.5,133.9,171.7,1.42,33.3,0,28.95,0,0,0
0,264,430.4,135.0,171.7,1.39,33.3,0,28.04,0,0,0
0,265,431.3,136.1,171.9,1.42,32.0,6,28.60,0,0,0
0,266,432.2,137.2,172.4,1.45,31.0,6,29.23,0,0,0
0,267,433.1,138.4,173.0,1.48,30.3,6,29.93,0,0,0
0,268,434.0,139.6,173.9,1.51,29.9,6,30.73,0,0,0
0,269,434.9,140.9,175.1,1.54,29.7,6,31.62,0,0,0
0,270,435.7,142.2,176.5,1.57,29.9,6,32.63,0,0,0
0,271,436.6,143.5,178.2,1.60,30.4,6,33.77,0,0,0
0,272,437.4,144.8,179.5,1.56,31.7,0,33.27,0,0,0
0,273,438.2,146.1,180.7,1.53,32.9,0,32.65,0,0,0
0,274,439.0,147.4,181.6,1.50,33.8,0,31.93,0,0,0
0,275,439.8,148.6,182.2,1.47,34.4,0,31.14,0,0,0
0,276,440.6,149.9,182.7,1.44,34.8,0,30.29,0,0,0
0,277,441.3,151.1,182.9,1.41,35.1,0,29.39,0,0,0
0,278,442.1,152.2,182.9,1.39,35.1,0,28.46,0,0,0
0,279,442.8,153.5,183.1,1.41,33.7,6,29.01,0,0,0
0,280,443.5,154.7,183.5,1.44,32.6,6,29.63,0,0,0
0,281,444.2,156.0,184.2,1.47,31.9,6,30.32,0,0,0
0,282,444.8,157.4,185.1,1.50,31.4,6,31.10,0,0,0
0,283,445.5,158.8,186.3,1.53,31.2,6,31.97,0,0,0
0,284,446.1,160.2,187.7,1.56,31.3,6,32.95,0,0,0
0,285,446.7,161.7,189.3,1.59,31.7,6,34.05,0,0,0
0,286,447.3,163.1,190.7,1.56,33.1,0,33.52,0,0,0
0,287,447.9,164.5,191.9,1.52,34.2,0,32.86,0,0,0
0,288,448.5,165.9,192.7,1.49,35.1,0,32.12,0,0,0
0,289,449.0,167.2,193.4,1.46,35.7,0,31.30,0,0,0
0,290,449.6,168.6,193.8,1.43,36.2,0,30.43,0,0,0
0,291,450.1,169.9,194.1,1.41,36.4,0,29.52,0,0,0
0,292,450.6,171.2,194.5,1.43,35.2,6,80.11,0,0,0
0,293,451.1,172.6,195.2,1.46,34.3,6,30.78,0,0,0
0,294,451.5,174.0,196.1,1.49,33.8,6,31.52,0,0,0
0,295,452.0,175.5,197.2,1.52,33.5,6,32.36,0,0,0
0,296,452.4,177.0,198.6,1.54,33.5,6,33.30,0,0,0
0,297,452.7,178.5,200.3,1.57,33.8,6,34.35,0,0,0
0,298,453.1,180.0,202.0,1.60,34.1,6,35.39,0,0,0
0,299,453.4,181.6,203.4,1.57,35.5,0,34.77,0,0,0
0,300,453.7,183.1,204.5,1.53,36.6,0,34.04,0,0,0
0,301,454.0,184.5,205.4,1.50,37.5,0,33.22,0,0,0
0,302,454.3,186.0,206.1,1.47,38.1,0,32.34,0,0,0
0,303,454.6,187.4,206.5,1.44,38.6,0,31.42,0,0,0
0,304,454.9,188.8,206.7,1.42,38.8,0,30.46,0,0,0
0,305,455.2,190.1,206.7,1.39,38.8,0,29.48,0,0,0
0,306,455.5,191.5,206.7,1.36,38.8,0,28.53,0,0,0
0,307,455.8,192.8,206.7,1.33,38.8,0,27.62,0,0,0
0,308,456.0,194.1,206.9,1.36,37.2,6,28.17,0,0,0
0,309,456.2,195.5,207.4,1.39,36.0,6,28.78,0,0,0
0,310,456.4,196.9,208.1,1.42,35.0,6,29.45,0,0,0
0,311,456.5,198.3,209.0,1.44,34.4,6,30.20,0,0,0
0,312,456.6,199.8,210.2,1.47,34.0,6,31.04,0,0,0
0,313,456.7,201.2,211.1,1.44,34.9,0,30.33,0,0,0
0,314,456.8,202.6,211.7,1.41,35.6,0,29.57,0,0,0
0,315,456.9,204.0,212.2,1.39,36.0,0,28.75,0,0,0
0,316,457.0,205.4,212.4,1.36,36.3,0,27.89,0,0,0
0,317,457.1,206.8,212.8,1.39,35.0,6,28.51,0,0,0
0,318,457.1,208.2,213.5,1.42,34.1,6,29.20,0,0,0
0,319,457.0,209.6,214.4,1.44,33.5,6,29.96,0,0,0
0,320,457.0,211.0,215.1,1.42,34.2,0,29.22,0,0,0
0,321,457.0,212.4,215.6,1.39,34.6,0,28.42,0,0,0
0,322,456.9,213.8,216.2,1.42,33.7,6,29.11,0,0,0
0,323,456.8,215.3,217.1,1.45,33.1,6,29.88,0,0,0
0,324,456.7,216.7,217.8,1.42,33.8,0,29.14,0,0,0
0,325,456.6,218.1,218.3,1.39,34.2,0,28.36,0,0,0
0,326,456.5,219.5,218.9,1.42,33.4,6,29.05,0,0,0
0,327,456.4,220.9,219.4,1.39,33.8,0,28.27,0,0,0
0,328,456.2,222.3,220.1,1.42,32.9,6,28.96,0,0,0
0,329,456.0,223.7,221.0,1.45,32.4,6,29.74,0,0,0
0,330,455.8,225.1,221.6,1.42,33.0,0,29.02,0,0,0
0,331,455.6,226.5,222.1,1.39,33.5,0,28.24,0,0,0
0,332,455.3,227.9,222.8,1.42,32.6,6,28.94,0,0,0
0,333,455.0,229.3,223.7,1.45,32.1,6,29.72,0,0,0
0,334,454.7,230.7,224.3,1.42,32.8,0,29.00,0,0,0
0,335,454.4,232.1,224.8,1.39,33.2,0,28.23,0,0,0
0,336,454.1,233.5,225.5,1.42,32.4,6,28.93,0,0,0
0,337,453.8,234.9,226.4,1.45,31.8,6,29.71,0,0,0
0,338,453.4,236.3,227.0,1.43,32.5,0,29.00,0,0,0
0,339,453.1,237.6,227.5,1.40,32.9,0,28.23,0,0,0
0,340,452.7,239.0,228.2,1.43,32.1,6,28.93,0,0,0
0,341,452.2,240.4,229.1,1.46,31.6,6,29.71,0,0,0
0,342,451.8,241.7,229.7,1.43,32.3,0,29.00,0,0,0
0,343,451.4,243.1,230.2,1.40,32.7,0,28.24,0,0,0
0,344,450.9,244.4,230.9,1.43,31.9,6,28.94,0,0,0
0,345,450.4,245.8,231.8,1.46,31.4,6,29.73,0,0,0
0,346,449.9,247.1,232.4,1.43,32.1,0,29.02,0,0,0
0,347,449.4,248.4,232.9,1.40,32.5,0,28.25,0,0,0
0,348,448.9,249.8,233.6,1.43,31.7,6,28.96,0,0,0
0,349,448.3,251.1,234.5,1.46,31.2,6,29.75,0,0,0
0,350,447.7,252.4,235.1,1.43,31.9,0,29.04,0,0,0
0,351,447.1,253.8,236.1,1.46,31.4,6,29.83,0,0,0
0,352,446.5,255.1,236.7,1.43,32.0,0,29.12,0,0,0
0,353,445.9,256.3,237.2,1.40,32.5,0,28.35,0,0,0
0,354,445.3,257.6,237.8,1.44,31.7,6,29.05,0,0,0
0,355,444.6,258.9,238.7,1.47,31.2,6,29.84,0,0,0
0,356,444.0,260.2,239.4,1.44,31.8,0,29.13,0,0,0
0,357,443.3,261.4,239.9,1.41,32.3,0,28.36,0,0,0
0,358,442.6,262.7,240.5,1.44,31.5,6,29.07,0,0,0
0,359,441.9,264.0,241.4,1.47,31.0,6,29.86,0,0,0
0,360,441.1,265.2,242.1,1.44,31.7,0,29.15,0,0,0
0,361,440.4,266.5,243.0,1.47,31.2,6,29.94,0,0,0
0,362,439.6,267.7,243.7,1.44,31.8,0,29.23,0,0,0
0,363,438.9,268.9,244.1,1.41,32.3,0,28.46,0,0,0
0,364,438.1,270.1,244.3,1.38,32.5,0,27.64,0,0,0
0,365,437.4,271.2,244.8,1.41,31.5,6,28.28,0,0,0
0,366,436.5,272.4,245.5,1.44,30.7,6,28.99,0,0,0
0,367,435.7,273.6,246.4,1.47,30.3,6,29.79,0,0,0
0,368,434.8,274.8,247.5,1.50,30.1,6,30.68,0,0,0
0,369,433.9,276.0,248.4,1.47,31.0,0,30.05,0,0,0
0,370,433.0,277.1,249.1,1.44,31.6,0,29.34,0,0,0
0,371,432.1,278.2,249.5,1.42,32.1,0,28.57,0,0,0
0,372,431.3,279.3,249.7,1.39,32.3,0,27.75,0,0,0
0,373,430.4,280.4,249.7,1.36,32.3,0,26.89,0,0,0
0,374,429.6,281.5,250.0,1.39,31.0,6,77.47,0,0,0
0,375,428.7,282.6,250.4,1.42,30.0,6,28.12,0,0,0
0,376,427.7,283.7,251.1,1.45,29.4,6,28.84,0,0,0
0,377,426.7,284.8,252.0,1.48,29.0,6,29.65,0,0,0
0,378,425.6,285.8,253.1,1.52,28.9,6,30.56,0,0,0
0,379,424.5,286.9,254.5,1.55,29.0,6,31.58,0,0,0
0,380,423.4,288.0,256.2,1.58,29.5,6,32.73,0,0,0
0,381,422.2,289.1,257.6,1.60,29.7,1,33.75,0,0,0
0,382,420.9,290.2,258.7,1.63,29.6,1,34.63,0,0,0
0,383,419.7,291.2,259.6,1.66,29.3,1,35.40,0,0,0
0,384,418.3,292.3,260.2,1.69,28.8,1,36.05,0,0,0
0,385,417.0,293.3,260.6,1.71,28.1,1,36.59,0,0,0
0,386,415.6,294.3,260.9,1.74,27.2,1,37.00,0,0,0
0,387,414.1,295.4,261.3,1.77,26.6,6,37.52,0,0,0
0,388,412.7,296.4,261.9,1.79,26.3,6,38.17,0,0,0
0,389,411.2,297.4,262.7,1.82,26.1,6,38.96,0,0,0
0,390,409.6,298.4,263.7,1.84,26.2,6,39.89,0,0,0
0,391,408.0,299.3,265.0,1.87,26.6,6,40.98,0,0,0
0,392,406.4,300.3,266.6,1.89,27.2,6,42.25,0,0,0
0,393,404.7,301.3,267.9,1.92,27.6,1,43.31,0,0,0
0,394,403.0,302.2,268.9,1.94,27.6,1,44.20,0,0,0
0,395,401.3,303.1,269.7,1.96,27.5,1,44.91,0,0,0
0,396,399.5,304.0,270.3,1.98,27.2,1,45.46,0,0,0
0,397,397.7,304.9,271.0,2.00,27.1,6,46.17,0,0,0
0,398,395.9,305.7,272.0,2.03,27.2,6,47.05,0,0,0
0,399,394.0,306.6,273.3,2.05,27.5,6,48.11,0,0,0
0,400,392.2,307.4,274.3,2.01,28.5,0,47.33,0,0,0
0,401,390.4,308.2,275.1,1.97,29.3,0,46.38,0,0,0
0,402,388.6,309.0,275.6,1.93,29.9,0,45.29,0,0,0
0,403,386.9,309.8,276.0,1.89,30.3,0,44.08,0,0,0
0,404,385.2,310.5,276.2,1.85,30.5,0,42.79,0,0,0
0,405,383.6,311.3,276.2,1.81,30.5,0,41.42,0,0,0
0,406,382.0,312.0,276.2,1.78,30.5,0,40.10,0,0,0
0,407,380.3,312.7,276.4,1.80,29.6,6,40.45,0,0,0
0,408,378.6,313.4,276.8,1.82,28.9,6,40.91,0,0,0
0,409,376.9,314.1,277.4,1.85,28.5,6,41.50,0,0,0
0,410,375.1,314.7,278.2,1.87,28.3,6,42.22,0,0,0
0,411,373.4,315.3,278.8,1.83,28.9,0,41.26,0,0,0
0,412,371.7,316.0,279.2,1.80,29.3,0,40.18,0,0,0
0,413,370.1,316.6,279.4,1.76,29.5,0,39.02,0,0,0
0,414,368.4,317.1,279.8,1.79,28.8,6,39.51,0,0,0
0,415,366.7,317.7,280.4,1.81,28.4,6,40.12,0,0,0
0,416,365.0,318.3,280.8,1.77,28.8,0,39.08,0,0,0
0,417,363.3,318.8,281.0,1.74,29.0,0,37.96,0,0,0
0,418,361.6,319.3,281.4,1.77,28.3,6,38.47,0,0,0
0,419,359.9,319.8,282.0,1.79,27.9,6,39.09,0,0,0
0,420,358.2,320.3,282.4,1.75,28.3,0,38.09,0,0,0
0,421,356.6,320.7,282.6,1.72,28.5,0,37.01,0,0,0
0,422,354.9,321.2,283.0,1.75,27.8,6,37.53,0,0,0
0,423,353.1,321.6,283.7,1.77,27.4,6,38.17,0,0,0
0,424,351.5,322.0,284.1,1.74,27.8,0,37.20,0,0,0
0,425,349.8,322.4,284.3,1.70,28.0,0,36.15,0,0,0
0,426,348.1,322.8,284.7,1.73,27.3,6,36.69,0,0,0
0,427,346.4,323.1,285.3,1.76,26.9,6,37.34,0,0,0
0,428,344.7,323.5,285.7,1.72,27.3,0,36.40,0,0,0
0,429,343.1,323.8,285.9,1.69,27.5,0,35.38,0,0,0
0,430,341.4,324.1,286.3,1.71,26.9,6,35.93,0,0,0
0,431,339.7,324.4,286.9,1.74,26.5,6,36.59,0,0,0
0,432,338.0,324.7,287.3,1.71,26.9,0,35.68,0,0,0
0,433,336.3,325.0,287.5,1.67,27.1,0,34.69,0,0,0
0,434,334.7,325.3,287.5,1.64,27.1,0,33.62,0,0,0
0,435,333.1,325.5,287.7,1.67,26.2,6,34.08,0,0,0
0,436,331.4,325.7,288.2,1.70,25.6,6,34.65,0,0,0
0,437,329.7,325.9,288.8,1.72,25.2,6,35.34,0,0,0
0,438,327.9,326.1,289.6,1.75,25.1,6,36.15,0,0,0
0,439,326.2,326.3,290.2,1.72,25.7,0,35.39,0,0,0
0,440,324.5,326.4,290.6,1.68,26.1,0,34.53,0,0,0
0,441,322.9,326.6,290.8,1.65,26.3,0,33.57,0,0,0
0,442,321.3,326.7,290.8,1.62,26.3,0,32.55,0,0,0
0,443,319.7,326.9,290.8,1.58,26.3,0,31.55,0,0,0
0,444,318.1,327.0,291.1,1.61,25.5,6,32.05,0,0,0
0,445,316.5,327.1,291.5,1.64,24.9,6,32.65,0,0,0
0,446,314.8,327.2,292.1,1.67,24.5,6,33.36,0,0,0
0,447,313.1,327.2,293.0,1.70,24.4,6,34.19,0,0,0
0,448,311.4,327.3,293.6,1.67,25.0,0,33.49,0,0,0
0,449,309.8,327.3,294.0,1.63,25.4,0,32.68,0,0,0
0,450,308.2,327.3,294.2,1.60,25.6,0,31.79,0,0,0
0,451,306.6,327.4,294.2,1.57,25.6,0,30.83,0,0,0
0,452,305.1,327.4,294.2,1.54,25.6,0,29.90,0,0,0
0,453,303.6,327.4,294.2,1.51,25.6,0,28.99,0,0,0
0,454,302.0,327.5,294.4,1.54,24.7,6,29.53,0,0,0
0,455,300.5,327.4,294.8,1.57,24.1,6,30.16,0,0,0
0,456,298.9,327.4,295.5,1.60,23.8,6,30.90,0,0,0
0,457,297.2,327.3,296.4,1.63,23.7,6,31.75,0,0,0
0,458,295.6,327.2,297.0,1.60,24.3,0,31.11,0,0,0
0,459,294.1,327.2,297.4,1.57,24.7,0,30.38,0,0,0
0,460,292.5,327.1,297.6,1.54,24.9,0,29.56,0,0,0
0,461,291.0,327.0,297.6,1.51,24.9,0,28.68,0,0,0
0,462,289.6,327.0,297.6,1.48,24.9,0,27.82,0,0,0
0,463,288.1,326.9,297.6,1.45,24.9,0,26.99,0,0,0
0,464,286.6,326.8,297.8,1.48,24.0,6,27.56,0,0,0
0,465,285.1,326.7,298.3,1.51,23.4,6,28.21,0,0,0
0,466,283.6,326.5,298.9,1.55,23.1,6,28.96,0,0,0
0,467,282.0,326.3,299.8,1.58,23.0,6,29.83,0,0,0
0,468,280.5,326.1,300.5,1.55,23.6,0,29.25,0,0,0
0,469,279.0,325.9,300.9,1.52,24.0,0,28.57,0,0,0
0,470,277.5,325.8,301.1,1.49,24.2,0,27.81,0,0,0
0,471,276.1,325.6,301.1,1.46,24.2,0,26.98,0,0,0
0,472,274.6,325.4,301.1,1.43,24.2,0,26.19,0,0,0
0,473,273.3,325.3,301.1,1.40,24.2,0,25.41,0,0,0
0,474,271.8,325.1,301.3,1.43,23.3,6,26.00,0,0,0
0,475,270.4,324.8,301.8,1.47,22.7,6,26.67,0,0,0
0,476,268.9,324.6,302.4,1.50,22.4,6,27.44,0,0,0
0,477,267.5,324.3,302.9,1.47,22.8,0,26.82,0,0,0
0,478,266.0,324.1,303.1,1.44,23.0,0,26.12,0,0,0
0,479,264.6,323.8,303.1,1.41,23.0,0,25.36,0,0,0
0,480,263.2,323.5,303.3,1.45,22.2,6,25.94,0,0,0
0,481,261.8,323.2,303.7,1.48,21.6,6,26.61,0,0,0
0,482,260.3,322.9,304.4,1.52,21.3,6,27.38,0,0,0
0,483,258.8,322.5,304.8,1.49,21.8,0,26.78,0,0,0
0,484,257.4,322.2,305.0,1.46,22.0,0,26.09,0,0,0
0,485,256.0,321.9,305.0,1.43,22.0,0,25.33,0,0,0
0,486,254.7,321.6,305.0,1.40,22.0,0,24.60,0,0,0
0,487,253.3,321.2,305.3,1.44,21.2,6,25.19,0,0,0
0,488,251.8,320.8,305.7,1.47,20.7,6,25.87,0,0,0
0,489,250.4,320.4,306.4,1.51,20.4,6,26.64,0,0,0
0,490,249.0,320.0,306.8,1.48,20.8,0,26.07,0,0,0
0,491,247.6,319.6,307.0,1.45,21.0,0,25.41,0,0,0
0,492,246.2,319.2,307.0,1.42,21.0,0,24.68,0,0,0
0,493,244.8,318.8,307.2,1.45,20.3,6,25.26,0,0,0
0,494,243.4,318.4,307.7,1.49,19.8,6,25.94,0,0,0
0,495,242.0,317.9,308.3,1.52,19.6,6,26.72,0,0,0
0,496,240.5,317.3,309.2,1.56,19.6,6,27.61,0,0,0
0,497,239.0,316.8,310.3,1.59,19.9,6,28.63,0,0,0
0,498,237.5,316.2,311.2,1.56,20.8,0,28.24,0,0,0
0,499,236.1,315.7,311.9,1.53,21.5,0,27.73,0,0,0
0,500,234.7,315.2,312.3,1.50,21.9,0,27.11,0,0,0
0,501,233.3,314.7,312.5,1.47,22.1,0,26.42,0,0,0
0,502,231.9,314.1,312.9,1.50,21.6,6,27.08,0,0,0
0,503,230.5,313.5,313.6,1.54,21.3,6,27.85,0,0,0
0,504,229.1,312.9,314.5,1.57,21.2,6,78.73,0,0,0
0,505,227.6,312.3,315.6,1.60,21.5,6,29.74,0,0,0
0,506,226.1,311.6,317.0,1.64,22.0,6,30.89,0,0,0
0,507,224.6,310.8,318.6,1.67,22.8,6,32.20,0,0,0
0,508,223.1,310.1,320.3,1.70,23.5,6,33.51,0,0,0
0,509,221.6,309.3,321.9,1.73,24.2,6,34.82,0,0,0
0,510,220.0,308.4,323.5,1.75,24.9,6,36.12,0,0,0
0,511,218.5,307.6,325.1,1.78,25.6,6,37.41,0,0,0
0,512,216.9,306.6,326.7,1.81,26.2,6,38.69,0,0,0
0,513,215.4,305.7,328.3,1.83,26.9,6,39.96,0,0,0
0,514,213.8,304.8,329.6,1.80,28.2,0,39.49,0,0,0
0,515,212.3,303.8,330.7,1.76,29.2,0,38.85,0,0,0
0,516,210.9,302.9,331.5,1.73,30.1,0,38.06,0,0,0
0,517,209.4,302.1,332.1,1.69,30.7,0,37.17,0,0,0
0,518,208.0,301.2,332.5,1.66,31.1,0,36.19,0,0,0
0,519,206.6,300.3,332.7,1.62,31.3,0,35.14,0,0,0
0,520,205.3,299.5,332.7,1.59,31.3,0,34.03,0,0,0
0,521,203.9,298.7,332.7,1.56,31.3,0,32.96,0,0,0
0,522,202.6,297.9,332.7,1.53,31.3,0,31.93,0,0,0
0,523,201.3,297.1,332.7,1.50,31.3,0,30.93,0,0,0
0,524,200.1,296.3,332.9,1.53,30.2,6,31.44,0,0,0
0,525,198.8,295.4,333.4,1.56,29.3,6,32.04,0,0,0
0,526,197.5,294.5,334.0,1.59,28.8,6,32.73,0,0,0
0,527,196.2,293.6,334.9,1.61,28.5,6,33.52,0,0,0
0,528,194.9,292.6,336.0,1.64,28.4,6,34.43,0,0,0
0,529,193.6,291.5,337.4,1.67,28.7,6,35.46,0,0,0
0,530,192.3,290.5,338.4,1.64,29.8,0,34.87,0,0,0
0,531,191.0,289.5,339.3,1.60,30.6,0,34.16,0,0,0
0,532,189.8,288.5,339.9,1.57,31.3,0,33.36,0,0,0
0,533,188.6,287.5,340.4,1.54,31.7,0,32.48,0,0,0
0,534,187.4,286.6,340.6,1.51,31.9,0,31.54,0,0,0
0,535,186.3,285.7,340.6,1.48,31.9,0,30.55,0,0,0
0,536,185.2,284.8,340.6,1.45,31.9,0,29.60,0,0,0
0,537,184.0,283.8,340.8,1.48,30.7,6,30.13,0,0,0
0,538,182.9,282.8,341.2,1.51,29.8,6,30.74,0,0,0
0,539,181.8,281.8,341.9,1.54,29.2,6,31.44,0,0,0
0,540,180.6,280.7,342.8,1.57,28.9,6,32.24,0,0,0
0,541,179.5,279.5,343.9,1.60,28.8,6,33.14,0,0,0
0,542,178.4,278.4,345.3,1.63,29.0,6,34.17,0,0,0
0,543,177.3,277.2,346.4,1.59,30.1,0,33.60,0,0,0
0,544,176.2,276.1,347.3,1.56,31.0,0,32.91,0,0,0
0,545,175.1,275.0,347.9,1.53,31.6,0,32.13,0,0,0
0,546,174.1,273.9,348.3,1.50,32.1,0,31.27,0,0,0
0,547,173.1,272.8,348.5,1.47,32.3,0,30.37,0,0,0
0,548,172.1,271.8,348.5,1.44,32.3,0,29.42,0,0,0
0,549,171.1,270.7,348.8,1.47,31.1,6,29.96,0,0,0
0,550,170.1,269.6,349.2,1.50,30.2,6,30.57,0,0,0
0,551,169.1,268.4,349.9,1.53,29.5,6,31.27,0,0,0
0,552,168.2,267.2,350.7,1.56,29.2,6,32.06,0,0,0
0,553,167.2,265.9,351.9,1.59,29.1,6,32.96,0,0,0
0,554,166.3,264.6,353.3,1.62,29.3,6,33.99,0,0,0
0,555,165.3,263.3,354.9,1.64,29.8,6,35.14,0,0,0
0,556,164.4,261.9,356.6,1.67,30.3,6,36.29,0,0,0
0,557,163.5,260.5,357.9,1.64,31.6,0,35.77,0,0,0
0,558,162.6,259.2,359.0,1.61,32.7,0,35.10,0,0,0
0,559,161.7,257.9,359.9,1.57,33.6,0,34.33,0,0,0
0,560,160.9,256.6,360.5,1.54,34.2,0,33.47,0,0,0
0,561,160.0,255.3,361.0,1.51,34.7,0,32.56,0,0,0
0,562,159.2,254.1,361.2,1.48,34.9,0,31.59,0,0,0
0,563,158.4,252.9,361.2,1.45,34.9,0,30.59,0,0,0
0,564,157.6,251.6,361.4,1.48,33.6,6,31.10,0,0,0
0,565,156.8,250.3,361.8,1.51,32.6,6,31.69,0,0,0
0,566,156.1,249.0,362.5,1.54,31.8,6,32.35,0,0,0
0,567,155.3,247.6,363.4,1.56,31.4,6,33.12,0,0,0
0,568,154.6,246.2,364.5,1.59,31.2,6,33.98,0,0,0
0,569,153.9,244.7,365.9,1.62,31.4,6,34.96,0,0,0
0,570,153.3,243.2,367.5,1.64,31.8,6,36.07,0,0,0
0,571,152.6,241.8,368.9,1.61,33.1,0,35.50,0,0,0
0,572,152.0,240.3,370.0,1.58,34.2,0,34.80,0,0,0
0,573,151.3,238.9,370.9,1.55,35.1,0,34.01,0,0,0
0,574,150.7,237.5,371.5,1.52,35.8,0,33.14,0,0,0
0,575,150.1,236.2,372.0,1.49,36.2,0,32.22,0,0,0
0,576,149.5,234.9,372.2,1.46,36.4,0,31.25,0,0,0
0,577,148.9,233.5,372.6,1.48,35.3,6,31.82,0,0,0
0,578,148.4,232.1,373.3,1.51,34.4,6,32.46,0,0,0
0,579,147.9,230.6,374.2,1.54,33.9,6,33.19,0,0,0
0,580,147.4,229.1,375.3,1.56,33.6,6,34.01,0,0,0
0,581,146.9,227.6,376.7,1.59,33.6,6,34.95,0,0,0
0,582,146.4,226.1,377.8,1.56,34.8,0,34.25,0,0,0
0,583,146.0,224.7,378.7,1.53,35.6,0,33.46,0,0,0
0,584,145.6,223.2,379.3,1.50,36.3,0,32.60,0,0,0
0,585,145.1,221.8,379.8,1.47,36.7,0,31.68,0,0,0
0,586,144.7,220.5,380.0,1.44,36.9,0,30.73,0,0,0
0,587,144.3,219.0,380.4,1.46,35.8,6,31.30,0,0,0
0,588,144.0,217.6,381.1,1.49,34.9,6,31.95,0,0,0
0,589,143.6,216.1,382.0,1.52,34.3,6,32.68,0,0,0
0,590,143.4,214.6,383.1,1.54,34.0,6,783.50,1,0,0
1,1,150.0,200.0,0.0,0.00,0.0,0,50.00,0,0,0
1,2,150.0,199.9,0.0,0.07,0.0,6,0.62,0,0,0
1,3,150.0,199.8,0.0,0.14,0.0,6,1.33,0,0,0
1,4,150.0,199.6,0.0,0.20,0.0,6,2.02,0,0,0
1,5,150.0,199.3,0.0,0.27,0.0,6,2.70,0,0,0
1,6,150.0,199.0,0.0,0.33,0.0,6,3.36,0,0,0
1,7,150.0,198.6,0.0,0.39,0.0,6,4.01,0,0,0
1,8,150.0,198.2,0.0,0.45,0.0,6,4.65,0,0,0
1,9,150.0,197.6,0.0,0.51,0.0,6,5.27,0,0,0
1,10,150.0,197.1,2.4,0.57,2.4,6,5.88,0,0,0
1,11,150.0,196.4,4.7,0.63,4.5,6,6.47,0,0,0
1,12,150.0,195.8,7.0,0.68,6.3,6,7.03,0,0,0
1,13,150.0,195.0,9.3,0.74,8.0,6,7.58,0,0,0
1,14,150.1,194.2,11.5,0.79,9.5,6,8.41,0,0,0
1,15,150.1,193.4,13.6,0.84,10.9,6,9.00,0,0,0
1,16,150.2,192.5,15.7,0.89,12.2,6,9.59,0,0,0
1,17,150.2,191.6,17.8,0.94,13.4,6,10.16,0,0,0
1,18,150.3,190.6,19.9,0.99,14.5,6,10.73,0,0,0
1,19,150.4,189.5,21.9,1.04,15.6,6,12.15,0,0,0
1,20,150.6,188.5,23.9,1.08,16.6,6,12.83,0,0,0
1,21,150.7,187.4,25.8,1.13,17.5,6,13.51,0,0,0
1,22,150.9,186.2,27.7,1.17,18.4,6,14.19,0,0,0
1,23,151.1,185.0,29.6,1.21,19.3,6,14.86,0,0,0
1,24,151.4,183.8,31.5,1.25,20.1,6,15.53,0,0,0
1,25,151.7,182.5,33.4,1.29,20.9,6,17.99,0,0,0
1,26,152.0,181.2,35.2,1.33,21.7,6,18.83,0,0,0
1,27,152.3,179.9,37.0,1.37,22.5,6,19.67,0,0,0
1,28,152.7,178.5,38.8,1.40,23.2,6,20.50,0,0,0
1,29,153.1,177.2,40.5,1.44,23.9,6,21.34,0,0,0
1,30,153.5,175.8,42.0,1.41,25.3,0,21.02,0,0,0
1,31,153.9,174.5,43.2,1.38,26.5,0,23.20,0,0,0
1,32,154.3,173.2,44.1,1.36,27.4,0,22.75,0,0,0
1,33,154.7,171.9,44.8,1.33,28.1,0,22.25,0,0,0
1,34,155.1,170.7,45.2,1.30,28.6,0,21.70,0,0,0
1,35,155.4,169.4,45.5,1.28,28.8,0,21.12,0,0,0
1,36,155.8,168.2,45.5,1.25,28.8,0,20.51,0,0,0
1,37,156.1,167.1,45.5,1.22,28.8,0,22.09,0,0,0
1,38,156.5,165.9,45.5,1.20,28.8,0,21.43,0,0,0
1,39,156.8,164.8,45.5,1.18,28.8,0,20.80,0,0,0
1,40,157.1,163.7,45.5,1.15,28.8,0,20.18,0,0,0
1,41,157.5,162.6,45.7,1.19,27.4,6,20.85,0,0,0
1,42,157.9,161.4,46.2,1.23,26.4,6,21.58,0,0,0
1,43,158.4,160.2,46.9,1.27,25.8,6,22.36,0,0,0
1,44,158.9,159.0,47.8,1.30,25.4,6,23.22,0,0,0
1,45,159.4,157.8,49.1,1.34,25.4,6,24.17,0,0,0
1,46,159.9,156.6,50.0,1.31,26.3,0,23.74,0,0,0
1,47,160.5,155.4,50.7,1.29,27.0,0,23.24,0,0,0
1,48,161.0,154.3,51.1,1.26,27.5,0,22.68,0,0,0
1,49,161.5,153.1,51.4,1.23,27.7,0,22.07,0,0,0
1,50,162.0,152.0,51.4,1.21,27.7,0,21.41,0,0,0
1,51,162.4,150.9,51.4,1.19,27.7,0,20.78,0,0,0
1,52,162.9,149.8,51.6,1.22,26.4,6,21.45,0,0,0
1,53,163.5,148.7,52.1,1.26,25.5,6,22.16,0,0,0
1,54,164.1,147.6,52.8,1.30,24.9,6,22.95,0,0,0
1,55,164.8,146.4,53.7,1.33,24.6,6,23.81,0,0,0
1,56,165.4,145.3,54.4,1.31,25.3,0,23.33,0,0,0
1,57,166.0,144.1,54.9,1.28,25.8,0,22.78,0,0,0
1,58,166.6,143.0,55.1,1.26,26.0,0,22.17,0,0,0
1,59,167.3,141.9,55.6,1.29,25.1,6,22.89,0,0,0
1,60,168.0,140.8,56.3,1.33,24.6,6,23.67,0,0,0
1,61,168.7,139.7,56.7,1.30,25.0,0,23.12,0,0,0
1,62,169.3,138.6,57.0,1.28,25.3,0,22.51,0,0,0
1,63,170.1,137.5,57.4,1.31,24.4,6,23.21,0,0,0
1,64,170.8,136.4,58.1,1.35,23.9,6,23.99,0,0,0
1,65,171.6,135.3,58.6,1.32,24.4,0,23.44,0,0,0
1,66,172.3,134.2,58.8,1.30,24.6,0,22.83,0,0,0
1,67,173.1,133.1,59.3,1.33,23.8,6,23.53,0,0,0
1,68,173.9,132.0,60.0,1.37,23.4,6,24.31,0,0,0
1,69,174.7,131.0,60.4,1.34,23.8,0,23.76,0,0,0
1,70,175.5,129.9,60.6,1.32,24.0,0,23.14,0,0,0
1,71,176.2,128.9,60.6,1.29,24.0,0,22.47,0,0,0
1,72,177.0,127.8,60.9,1.33,23.1,6,23.10,0,0,0
1,73,177.9,126.8,61.3,1.36,22.4,6,23.79,0,0,0
1,74,178.8,125.7,62.0,1.40,22.0,6,24.58,0,0,0
1,75,179.7,124.6,62.9,1.44,21.9,6,25.46,0,0,0
1,76,180.7,123.5,63.6,1.41,22.6,0,24.98,0,0,0
1,77,181.6,122.5,64.0,1.38,23.0,0,24.42,0,0,0
1,78,182.5,121.5,64.3,1.35,23.2,0,23.78,0,0,0
1,79,183.3,120.5,64.3,1.32,23.2,0,23.09,0,0,0
1,80,184.2,119.5,64.5,1.36,22.3,6,73.71,0,0,0
1,81,185.2,118.5,64.9,1.40,21.7,6,24.41,0,0,0
1,82,186.2,117.4,65.6,1.43,21.4,6,25.19,0,0,0
1,83,187.2,116.4,66.5,1.47,21.3,6,26.07,0,0,0
1,84,188.3,115.4,67.7,1.50,21.5,6,27.07,0,0,0
1,85,189.4,114.3,69.1,1.54,22.0,6,28.19,0,0,0
1,86,190.6,113.3,70.8,1.57,22.8,6,29.47,0,0,0
1,87,191.8,112.2,72.5,1.60,23.5,6,30.75,0,0,0
1,88,193.1,111.2,74.2,1.63,24.2,6,32.02,0,0,0
1,89,194.4,110.1,75.8,1.66,24.9,6,33.29,0,0,0
1,90,195.7,109.1,77.5,1.69,25.6,6,34.56,0,0,0
1,91,197.1,108.0,79.1,1.72,26.2,6,35.82,0,0,0
1,92,198.5,107.0,80.7,1.75,26.8,6,37.07,0,0,0
1,93,199.9,106.0,82.3,1.77,27.4,6,38.31,0,0,0
1,94,201.4,105.0,83.9,1.80,28.0,6,39.54,0,0,0
1,95,203.0,104.0,85.5,1.83,28.6,6,40.76,0,0,0
1,96,204.5,103.0,87.1,1.85,29.1,6,41.97,0,0,0
1,97,206.1,102.0,88.6,1.87,29.7,6,43.16,0,0,0
1,98,207.8,101.1,90.2,1.90,30.2,6,44.34,0,0,0
1,99,209.4,100.1,91.4,1.86,31.5,0,43.69,0,0,0
1,100,210.9,99.2,92.5,1.82,32.5,0,42.87,0,0,0
1,101,212.5,98.3,93.3,1.78,33.3,0,41.93,0,0,0
1,102,214.0,97.5,93.9,1.75,34.0,0,40.87,0,0,0
1,103,215.5,96.6,94.3,1.71,34.4,0,39.74,0,0,0
1,104,216.9,95.8,94.5,1.68,34.6,0,38.55,0,0,0
1,105,218.4,94.9,94.5,1.65,34.6,0,37.30,0,0,0
1,106,219.8,94.1,94.5,1.61,34.6,0,36.10,0,0,0
1,107,221.1,93.3,94.5,1.58,34.6,0,34.95,0,0,0
1,108,222.5,92.6,94.5,1.55,34.6,0,33.83,0,0,0
1,109,223.8,91.8,94.5,1.52,34.6,0,32.75,0,0,0
1,110,225.1,91.1,94.5,1.49,34.6,0,31.71,0,0,0
1,111,226.3,90.3,94.5,1.46,34.6,0,30.70,0,0,0
1,112,227.6,89.6,94.7,1.49,33.3,6,31.22,0,0,0
1,113,229.0,88.9,95.2,1.51,32.3,6,31.80,0,0,0
1,114,230.4,88.3,95.8,1.54,31.6,6,32.47,0,0,0
1,115,231.8,87.6,96.7,1.57,31.2,6,33.23,0,0,0
1,116,233.3,87.0,97.8,1.60,31.0,6,34.10,0,0,0
1,117,234.7,86.4,98.7,1.57,31.9,0,33.38,0,0,0
1,118,236.1,85.8,99.3,1.53,32.5,0,32.58,0,0,0
1,119,237.5,85.2,99.8,1.50,32.9,0,31.70,0,0,0
1,120,238.9,84.6,100.0,1.47,33.2,0,30.78,0,0,0
1,121,240.2,84.0,100.0,1.44,33.2,0,29.81,0,0,0
1,122,241.5,83.5,100.0,1.41,33.2,0,28.88,0,0,0
1,123,242.8,82.9,100.0,1.39,33.2,0,27.98,0,0,0
1,124,244.1,82.4,100.2,1.42,31.9,6,28.54,0,0,0
1,125,245.4,81.9,100.7,1.45,30.9,6,29.17,0,0,0
1,126,246.8,81.4,101.3,1.48,30.2,6,29.87,0,0,0
1,127,248.3,81.0,102.2,1.51,29.8,6,30.67,0,0,0
1,128,249.7,80.5,102.9,1.48,30.4,0,29.96,0,0,0
1,129,251.1,80.1,103.3,1.45,30.9,0,29.19,0,0,0
1,130,252.4,79.7,103.5,1.42,31.1,0,28.35,0,0,0
1,131,253.7,79.2,103.5,1.39,31.1,0,27.48,0,0,0
1,132,255.0,78.8,103.5,1.36,31.1,0,26.63,0,0,0
1,133,256.4,78.4,103.8,1.39,29.8,6,27.22,0,0,0
1,134,257.8,78.1,104.2,1.43,28.9,6,27.87,0,0,0
1,135,259.2,77.7,104.9,1.46,28.3,6,28.60,0,0,0
1,136,260.6,77.4,105.8,1.49,27.9,6,29.42,0,0,0
1,137,262.1,77.1,106.4,1.46,28.6,0,28.77,0,0,0
1,138,263.5,76.8,106.9,1.43,29.0,0,28.05,0,0,0
1,139,264.8,76.5,107.1,1.40,29.3,0,27.26,0,0,0
1,140,266.2,76.2,107.1,1.37,29.3,0,26.43,0,0,0
1,141,267.5,75.9,107.1,1.35,29.3,0,25.63,0,0,0
1,142,268.8,75.7,107.1,1.32,29.3,0,24.85,0,0,0
1,143,270.1,75.4,107.3,1.35,28.1,6,25.46,0,0,0
1,144,271.5,75.2,107.8,1.39,27.2,6,26.14,0,0,0
1,145,272.9,75.0,108.5,1.42,26.6,6,26.89,0,0,0
1,146,274.3,74.8,108.9,1.39,27.0,0,26.24,0,0,0
1,147,275.6,74.6,109.1,1.37,27.3,0,25.52,0,0,0
1,148,276.9,74.4,109.1,1.34,27.3,0,24.76,0,0,0
1,149,278.3,74.2,109.3,1.37,26.2,6,25.37,0,0,0
1,150,279.7,74.1,109.8,1.41,25.4,6,26.05,0,0,0
1,151,281.1,74.0,110.5,1.44,24.9,6,26.81,0,0,0
1,152,282.6,73.9,110.9,1.41,25.3,0,26.17,0,0,0
1,153,283.9,73.8,111.1,1.38,25.6,0,25.47,0,0,0
1,154,285.3,73.7,111.1,1.36,25.6,0,24.72,0,0,0
1,155,286.7,73.6,111.4,1.39,24.6,6,25.32,0,0,0
1,156,288.1,73.5,111.8,1.43,23.9,6,26.00,0,0,0
1,157,289.6,73.5,112.5,1.46,23.5,6,26.77,0,0,0
1,158,291.0,73.5,112.9,1.43,23.9,0,26.15,0,0,0
1,159,292.4,73.5,113.1,1.40,24.1,0,25.46,0,0,0
1,160,293.8,73.4,113.1,1.37,24.1,0,24.72,0,0,0
1,161,295.2,73.4,113.4,1.41,23.2,6,25.31,0,0,0
1,162,296.6,73.5,113.8,1.45,22.6,6,25.99,0,0,0
1,163,298.1,73.5,114.5,1.48,22.2,6,26.76,0,0,0
1,164,299.6,73.6,114.9,1.45,22.7,0,26.16,0,0,0
1,165,301.0,73.7,115.1,1.42,22.9,0,25.48,0,0,0
1,166,302.4,73.7,115.1,1.39,22.9,0,24.74,0,0,0
1,167,303.7,73.8,115.1,1.37,22.9,0,24.02,0,0,0
1,168,305.1,73.8,115.3,1.40,22.0,6,24.63,0,0,0
1,169,306.6,73.9,115.8,1.44,21.4,6,25.31,0,0,0
1,170,308.0,74.1,116.5,1.47,21.1,6,26.09,0,0,0
1,171,309.5,74.2,116.9,1.44,21.6,0,25.52,0,0,0
1,172,310.9,74.4,117.1,1.41,21.8,0,24.86,0,0,0
1,173,312.2,74.5,117.1,1.39,21.8,0,24.15,0,0,0
1,174,313.6,74.6,117.1,1.36,21.8,0,23.45,0,0,0
1,175,315.0,74.8,117.3,1.39,21.0,6,24.06,0,0,0
1,176,316.4,74.9,117.8,1.43,20.4,6,24.75,0,0,0
1,177,317.9,75.2,118.5,1.47,20.2,6,25.53,0,0,0
1,178,319.3,75.4,118.9,1.44,20.6,0,24.98,0,0,0
1,179,320.7,75.6,119.1,1.41,20.8,0,24.35,0,0,0
1,180,322.0,75.8,119.1,1.38,20.8,0,23.66,0,0,0
1,181,323.4,76.0,119.1,1.35,20.8,0,22.98,0,0,0
1,182,324.8,76.2,119.3,1.39,20.0,6,23.59,0,0,0
1,183,326.2,76.4,119.8,1.43,19.5,6,24.28,0,0,0
1,184,327.6,76.7,120.5,1.46,19.3,6,25.07,0,0,0
1,185,329.0,77.0,120.9,1.43,19.7,0,24.54,0,0,0
1,186,330.4,77.3,121.1,1.41,20.0,0,23.93,0,0,0
1,187,331.7,77.5,121.1,1.38,20.0,0,23.25,0,0,0
1,188,333.1,77.8,121.1,1.35,20.0,0,22.60,0,0,0
1,189,334.4,78.1,121.3,1.39,19.2,6,23.20,0,0,0
1,190,335.8,78.4,121.8,1.42,18.8,6,23.90,0,0,0
1,191,337.2,78.8,122.5,1.46,18.6,6,24.69,0,0,0
1,192,338.6,79.1,122.9,1.43,19.0,0,24.18,0,0,0
1,193,340.0,79.4,123.1,1.40,19.2,0,23.58,0,0,0
1,194,341.3,79.8,123.1,1.38,19.2,0,22.92,0,0,0
1,195,342.6,80.1,123.1,1.35,19.2,0,22.28,0,0,0
1,196,344.0,80.5,123.3,1.39,18.5,6,22.89,0,0,0
1,197,345.3,80.8,123.8,1.42,18.1,6,23.58,0,0,0
1,198,346.7,81.2,124.0,1.40,18.3,0,23.01,0,0,0
1,199,348.0,81.6,124.4,1.43,17.9,6,23.70,0,0,0
1,200,349.4,82.0,124.7,1.40,18.1,0,23.13,0,0,0
1,201,350.8,82.5,125.1,1.44,17.7,6,23.82,0,0,0
1,202,352.2,82.9,125.8,1.48,17.6,6,24.61,0,0,0
1,203,353.5,83.4,126.2,1.45,18.0,0,24.12,0,0,0
1,204,354.9,83.9,126.9,1.48,17.9,6,24.91,0,0,0
1,205,356.4,84.4,127.8,1.52,18.0,6,25.81,0,0,0
1,206,357.8,84.9,128.4,1.49,18.6,0,25.39,0,0,0
1,207,359.1,85.4,128.9,1.46,19.0,0,24.87,0,0,0
1,208,360.5,85.9,129.1,1.43,19.3,0,24.26,0,0,0
1,209,361.9,86.4,129.5,1.47,18.8,6,24.94,0,0,0
1,210,363.3,86.9,130.2,1.50,18.6,6,25.72,0,0,0
1,211,364.7,87.5,131.1,1.54,18.7,6,26.62,0,0,0
1,212,366.1,88.1,132.2,1.57,19.0,6,27.65,0,0,0
1,213,367.6,88.7,133.1,1.54,19.9,0,27.30,0,0,0
1,214,368.9,89.3,133.7,1.51,20.6,0,26.82,0,0,0
1,215,370.3,89.9,134.2,1.48,21.0,0,76.23,0,0,0
1,216,371.7,90.5,134.8,1.51,20.7,6,27.01,0,0,0
1,217,373.1,91.2,135.7,1.55,20.7,6,27.89,0,0,0
1,218,374.5,91.9,136.9,1.58,21.0,6,28.90,0,0,0
1,219,376.0,92.6,138.2,1.61,21.5,6,30.06,0,0,0
1,220,377.4,93.4,139.9,1.65,22.3,6,31.37,0,0,0
1,221,378.9,94.2,141.6,1.68,23.0,6,32.69,0,0,0
1,222,380.4,95.0,143.2,1.71,23.8,6,34.00,0,0,0
1,223,381.9,95.9,144.8,1.74,24.5,6,35.30,0,0,0
1,224,383.4,96.8,146.4,1.76,25.2,6,36.59,0,0,0
1,225,384.9,97.8,148.0,1.79,25.8,6,37.88,0,0,0
1,226,386.4,98.7,149.3,1.75,27.2,0,37.48,0,0,0
1,227,387.8,99.6,150.4,1.72,28.2,0,36.89,0,0,0
1,228,389.3,100.5,151.2,1.69,29.1,0,36.17,0,0,0
1,229,390.7,101.4,151.9,1.65,29.7,0,35.34,0,0,0
1,230,392.0,102.2,152.3,1.62,30.1,0,34.42,0,0,0
1,231,393.4,103.1,152.5,1.59,30.3,0,33.44,0,0,0
1,232,394.7,103.9,152.5,1.55,30.3,0,32.39,0,0,0
1,233,396.0,104.7,152.5,1.52,30.3,0,31.38,0,0,0
1,234,397.2,105.5,152.5,1.49,30.3,0,30.41,0,0,0
1,235,398.5,106.3,152.5,1.46,30.3,0,29.47,0,0,0
1,236,399.7,107.1,152.5,1.43,30.3,0,28.56,0,0,0
1,237,400.9,107.8,152.5,1.41,30.3,0,27.68,0,0,0
1,238,402.1,108.6,152.7,1.44,29.1,6,28.25,0,0,0
1,239,403.3,109.5,153.2,1.47,28.3,6,28.89,0,0,0
1,240,404.5,110.3,153.8,1.50,27.7,6,29.61,0,0,0
1,241,405.7,111.3,154.7,1.53,27.4,6,30.44,0,0,0
1,242,406.9,112.2,155.8,1.56,27.4,6,31.37,0,0,0
1,243,408.2,113.2,157.2,1.59,27.6,6,32.42,0,0,0
1,244,409.4,114.2,158.4,1.56,28.8,0,31.90,0,0,0
1,245,410.5,115.2,159.2,1.53,29.6,0,31.27,0,0,0
1,246,411.7,116.2,159.9,1.50,30.3,0,30.55,0,0,0
1,247,412.8,117.1,160.3,1.47,30.7,0,29.76,0,0,0
1,248,413.9,118.0,160.5,1.44,30.9,0,28.92,0,0,0
1,249,415.0,118.9,160.5,1.41,30.9,0,28.02,0,0,0
1,250,416.1,119.8,160.5,1.38,30.9,0,27.16,0,0,0
1,251,417.1,120.7,160.8,1.41,29.7,6,27.73,0,0,0
1,252,418.2,121.7,161.2,1.44,28.8,6,28.38,0,0,0
1,253,419.3,122.7,161.9,1.48,28.2,6,29.11,0,0,0
1,254,420.4,123.8,162.8,1.51,27.9,6,29.93,0,0,0
1,255,421.4,124.9,163.9,1.54,27.8,6,30.85,0,0,0
1,256,422.5,126.1,165.3,1.57,28.1,6,31.89,0,0,0
1,257,423.5,127.2,167.0,1.60,28.6,6,33.07,0,0,0
1,258,424.6,128.4,168.4,1.57,30.0,0,32.63,0,0,0
1,259,425.6,129.6,169.5,1.53,31.1,0,32.06,0,0,0
1,260,426.6,130.7,170.4,1.50,32.0,0,31.39,0,0,0
1,261,427.6,131.8,171.1,1.47,32.6,0,30.63,0,0,0
1,262,428.5,132.9,171.5,1.44,33.1,0,29.81,0,0,0
1,263,429.5,133.9,171.7,1.42,33.3,0,28.95,0,0,0
1,264,430.4,135.0,171.7,1.39,33.3,0,28.04,0,0,0
1,265,431.3,136.1,171.9,1.42,32.0,6,28.60,0,0,0
1,266,432.2,137.2,172.4,1.45,31.0,6,29.23,0,0,0
1,267,433.1,138.4,173.0,1.48,30.3,6,29.93,0,0,0
1,268,434.0,139.6,173.9,1.51,29.9,6,30.73,0,0,0
1,269,434.9,140.9,175.1,1.54,29.7,6,31.62,0,0,0
1,270,435.7,142.2,176.5,1.57,29.9,6,32.63,0,0,0
1,271,436.6,143.5,178.2,1.60,30.4,6,33.77,0,0,0
1,272,437.4,144.8,179.5,1.56,31.7,0,33.27,0,0,0
1,273,438.2,146.1,180.7,1.53,32.9,0,32.65,0,0,0
1,274,439.0,147.4,181.6,1.50,33.8,0,31.93,0,0,0
1,275,439.8,148.6,182.2,1.47,34.4,0,31.14,0,0,0
1,276,440.6,149.9,182.7,1.44,34.8,0,30.29,0,0,0
1,277,441.3,151.1,182.9,1.41,35.1,0,29.39,0,0,0
1,278,442.1,152.2,182.9,1.39,35.1,0,28.46,0,0,0
1,279,442.8,153.5,183.1,1.41,33.7,6,29.01,0,0,0
1,280,443.5,154.7,183.5,1.44,32.6,6,29.63,0,0,0
1,281,444.2,156.0,184.2,1.47,31.9,6,30.32,0,0,0
1,282,444.8,157.4,185.1,1.50,31.4,6,31.10,0,0,0
1,283,445.5,158.8,186.3,1.53,31.2,6,31.97,0,0,0
1,284,446.1,160.2,187.7,1.56,31.3,6,32.95,0,0,0
1,285,446.7,161.7,189.3,1.59,31.7,6,34.05,0,0,0
1,286,447.3,163.1,190.7,1.56,33.1,0,33.52,0,0,0
1,287,447.9,164.5,191.9,1.52,34.2,0,32.86,0,0,0
1,288,448.5,165.9,192.7,1.49,35.1,0,32.12,0,0,0
1,289,449.0,167.2,193.4,1.46,35.7,0,31.30,0,0,0
1,290,449.6,168.6,193.8,1.43,36.2,0,30.43,0,0,0
1,291,450.1,169.9,194.1,1.41,36.4,0,29.52,0,0,0
1,292,450.6,171.2,194.5,1.43,35.2,6,80.11,0,0,0
1,293,451.1,172.6,195.2,1.46,34.3,6,30.78,0,0,0
1,294,451.5,174.0,196.1,1.49,33.8,6,31.52,0,0,0
1,295,452.0,175.5,197.2,1.52,33.5,6,32.36,0,0,0
1,296,452.4,177.0,198.6,1.54,33.5,6,33.30,0,0,0
1,297,452.7,178.5,200.3,1.57,33.8,6,34.35,0,0,0
1,298,453.1,180.0,202.0,1.60,34.1,6,35.39,0,0,0
1,299,453.4,181.6,203.4,1.57,35.5,0,34.77,0,0,0
1,300,453.7,183.1,204.5,1.53,36.6,0,34.04,0,0,0
1,301,454.0,184.5,205.4,1.50,37.5,0,33.22,0,0,0
1,302,454.3,186.0,206.1,1.47,38.1,0,32.34,0,0,0
1,303,454.6,187.4,206.5,1.44,38.6,0,31.42,0,0,0
1,304,454.9,188.8,206.7,1.42,38.8,0,30.46,0,0,0
1,305,455.2,190.1,206.7,1.39,38.8,0,29.48,0,0,0
1,306,455.5,191.5,206.7,1.36,38.8,0,28.53,0,0,0
1,307,455.8,192.8,206.7,1.33,38.8,0,27.62,0,0,0
1,308,456.0,194.1,206.9,1.36,37.2,6,28.17,0,0,0
1,309,456.2,195.5,207.4,1.39,36.0,6,28.78,0,0,0
1,310,456.4,196.9,208.1,1.42,35.0,6,29.45,0,0,0
1,311,456.5,198.3,209.0,1.44,34.4,6,30.20,0,0,0
1,312,456.6,199.8,210.2,1.47,34.0,6,31.04,0,0,0
1,313,456.7,201.2,211.1,1.44,34.9,0,30.33,0,0,0
1,314,456.8,202.6,211.7,1.41,35.6,0,29.57,0,0,0
1,315,456.9,204.0,212.2,1.39,36.0,0,28.75,0,0,0
1,316,457.0,205.4,212.4,1.36,36.3,0,27.89,0,0,0
1,317,457.1,206.8,212.8,1.39,35.0,6,28.51,0,0,0
1,318,457.1,208.2,213.5,1.42,34.1,6,29.20,0,0,0
1,319,457.0,209.6,214.4,1.44,33.5,6,29.96,0,0,0
1,320,457.0,211.0,215.1,1.42,34.2,0,29.22,0,0,0
1,321,457.0,212.4,215.6,1.39,34.6,0,28.42,0,0,0
1,322,456.9,213.8,216.2,1.42,33.7,6,29.11,0,0,0
1,323,456.8,215.3,217.1,1.45,33.1,6,29.88,0,0,0
1,324,456.7,216.7,217.8,1.42,33.8,0,29.14,0,0,0
1,325,456.6,218.1,218.3,1.39,34.2,0,28.36,0,0,0
1,326,456.5,219.5,218.9,1.42,33.4,6,29.05,0,0,0
1,327,456.4,220.9,219.4,1.39,33.8,0,28.27,0,0,0
1,328,456.2,222.3,220.1,1.42,32.9,6,28.96,0,0,0
1,329,456.0,223.7,221.0,1.45,32.4,6,29.74,0,0,0
1,330,455.8,225.1,221.6,1.42,33.0,0,29.02,0,0,0
1,331,455.6,226.5,222.1,1.39,33.5,0,28.24,0,0,0
1,332,455.3,227.9,222.8,1.42,32.6,6,28.94,0,0,0
1,333,455.0,229.3,223.7,1.45,32.1,6,29.72,0,0,0
1,334,454.7,230.7,224.3,1.42,32.8,0,29.00,0,0,0
1,335,454.4,232.1,224.8,1.39,33.2,0,28.23,0,0,0
1,336,454.1,233.5,225.5,1.42,32.4,6,28.93,0,0,0
1,337,453.8,234.9,226.4,1.45,31.8,6,29.71,0,0,0
1,338,453.4,236.3,227.0,1.43,32.5,0,29.00,0,0,0
1,339,453.1,237.6,227.5,1.40,32.9,0,28.23,0,0,0
1,340,452.7,239.0,228.2,1.43,32.1,6,28.93,0,0,0
1,341,452.2,240.4,229.1,1.46,31.6,6,29.71,0,0,0
1,342,451.8,241.7,229.7,1.43,32.3,0,29.00,0,0,0
1,343,451.4,243.1,230.2,1.40,32.7,0,28.24,0,0,0
1,344,450.9,244.4,230.9,1.43,31.9,6,28.94,0,0,0
1,345,450.4,245.8,231.8,1.46,31.4,6,29.73,0,0,0
1,346,449.9,247.1,232.4,1.43,32.1,0,29.02,0,0,0
1,347,449.4,248.4,232.9,1.40,32.5,0,28.25,0,0,0
1,348,448.9,249.8,233.6,1.43,31.7,6,28.96,0,0,0
1,349,448.3,251.1,234.5,1.46,31.2,6,29.75,0,0,0
1,350,447.7,252.4,235.1,1.43,31.9,0,29.04,0,0,0
1,351,447.1,253.8,236.1,1.46,31.4,6,29.83,0,0,0
1,352,446.5,255.1,236.7,1.43,32.0,0,29.12,0,0,0
1,353,445.9,256.3,237.2,1.40,32.5,0,28.35,0,0,0
1,354,445.3,257.6,237.8,1.44,31.7,6,29.05,0,0,0
1,355,444.6,258.9,238.7,1.47,31.2,6,29.84,0,0,0
1,356,444.0,260.2,239.4,1.44,31.8,0,29.13,0,0,0
1,357,443.3,261.4,239.9,1.41,32.3,0,28.36,0,0,0
1,358,442.6,262.7,240.5,1.44,31.5,6,29.07,0,0,0
1,359,441.9,264.0,241.4,1.47,31.0,6,29.86,0,0,0
1,360,441.1,265.2,242.1,1.44,31.7,0,29.15,0,0,0
1,361,440.4,266.5,243.0,1.47,31.2,6,29.94,0,0,0
1,362,439.6,267.7,243.7,1.44,31.8,0,29.23,0,0,0
1,363,438.9,268.9,244.1,1.41,32.3,0,28.46,0,0,0
1,364,438.1,270.1,244.3,1.38,32.5,0,27.64,0,0,0
1,365,437.4,271.2,244.8,1.41,31.5,6,28.28,0,0,0
1,366,436.5,272.4,245.5,1.44,30.7,6,28.99,0,0,0
1,367,435.7,273.6,246.4,1.47,30.3,6,29.79,0,0,0
1,368,434.8,274.8,247.5,1.50,30.1,6,30.68,0,0,0
1,369,433.9,276.0,248.4,1.47,31.0,0,30.05,0,0,0
1,370,433.0,277.1,249.1,1.44,31.6,0,29.34,0,0,0
1,371,432.1,278.2,249.5,1.42,32.1,0,28.57,0,0,0
1,372,431.3,279.3,249.7,1.39,32.3,0,27.75,0,0,0
1,373,430.4,280.4,249.7,1.36,32.3,0,26.89,0,0,0
1,374,429.6,281.5,250.0,1.39,31.0,6,77.47,0,0,0
1,375,428.7,282.6,250.4,1.42,30.0,6,28.12,0,0,0
1,376,427.7,283.7,251.1,1.45,29.4,6,28.84,0,0,0
1,377,426.7,284.8,252.0,1.48,29.0,6,29.65,0,0,0
1,378,425.6,285.8,253.1,1.52,28.9,6,30.56,0,0,0
1,379,424.5,286.9,254.5,1.55,29.0,6,31.58,0,0,0
1,380,423.4,288.0,256.2,1.58,29.5,6,32.73,0,0,0
1,381,422.2,289.1,257.6,1.60,29.7,1,33.75,0,0,0
1,382,420.9,290.2,258.7,1.63,29.6,1,34.63,0,0,0
1,383,419.7,291.2,259.6,1.66,29.3,1,35.40,0,0,0
1,384,418.3,292.3,260.2,1.69,28.8,1,36.05,0,0,0
1,385,417.0,293.3,260.6,1.71,28.1,1,36.59,0,0,0
1,386,415.6,294.3,260.9,1.74,27.2,1,37.00,0,0,0
1,387,414.1,295.4,261.3,1.77,26.6,6,37.52,0,0,0
1,388,412.7,296.4,261.9,1.79,26.3,6,38.17,0,0,0
1,389,411.2,297.4,262.7,1.82,26.1,6,38.96,0,0,0
1,390,409.6,298.4,263.7,1.84,26.2,6,39.89,0,0,0
1,391,408.0,299.3,265.0,1.87,26.6,6,40.98,0,0,0
1,392,406.4,300.3,266.6,1.89,27.2,6,42.25,0,0,0
1,393,404.7,301.3,267.9,1.92,27.6,1,43.31,0,0,0
1,394,403.0,302.2,268.9,1.94,27.6,1,44.20,0,0,0
1,395,401.3,303.1,269.7,1.96,27.5,1,44.91,0,0,0
1,396,399.5,304.0,270.3,1.98,27.2,1,45.46,0,0,0
1,397,397.7,304.9,271.0,2.00,27.1,6,46.17,0,0,0
1,398,395.9,305.7,272.0,2.03,27.2,6,47.05,0,0,0
1,399,394.0,306.6,273.3,2.05,27.5,6,48.11,0,0,0
1,400,392.2,307.4,274.3,2.01,28.5,0,47.33,0,0,0
1,401,390.4,308.2,275.1,1.97,29.3,0,46.38,0,0,0
1,402,388.6,309.0,275.6,1.93,29.9,0,45.29,0,0,0
1,403,386.9,309.8,276.0,1.89,30.3,0,44.08,0,0,0
1,404,385.2,310.5,276.2,1.85,30.5,0,42.79,0,0,0
1,405,383.6,311.3,276.2,1.81,30.5,0,41.42,0,0,0
1,406,382.0,312.0,276.2,1.78,30.5,0,40.10,0,0,0
1,407,380.3,312.7,276.4,1.80,29.6,6,40.45,0,0,0
1,408,378.6,313.4,276.8,1.82,28.9,6,40.91,0,0,0
1,409,376.9,314.1,277.4,1.85,28.5,6,41.50,0,0,0
1,410,375.1,314.7,278.2,1.87,28.3,6,42.22,0,0,0
1,411,373.4,315.3,278.8,1.83,28.9,0,41.26,0,0,0
1,412,371.7,316.0,279.2,1.80,29.3,0,40.18,0,0,0
1,413,370.1,316.6,279.4,1.76,29.5,0,39.02,0,0,0
1,414,368.4,317.1,279.8,1.79,28.8,6,39.51,0,0,0
1,415,366.7,317.7,280.4,1.81,28.4,6,40.12,0,0,0
1,416,365.0,318.3,280.8,1.77,28.8,0,39.08,0,0,0
1,417,363.3,318.8,281.0,1.74,29.0,0,37.96,0,0,0
1,418,361.6,319.3,281.4,1.77,28.3,6,38.47,0,0,0
1,419,359.9,319.8,282.0,1.79,27.9,6,39.09,0,0,0
1,420,358.2,320.3,282.4,1.75,28.3,0,38.09,0,0,0
1,421,356.6,320.7,282.6,1.72,28.5,0,37.01,0,0,0
1,422,354.9,321.2,283.0,1.75,27.8,6,37.53,0,0,0
1,423,353.1,321.6,283.7,1.77,27.4,6,38.17,0,0,0
1,424,351.5,322.0,284.1,1.74,27.8,0,37.20,0,0,0
1,425,349.8,322.4,284.3,1.70,28.0,0,36.15,0,0,0
1,426,348.1,322.8,284.7,1.73,27.3,6,36.69,0,0,0
1,427,346.4,323.1,285.3,1.76,26.9,6,37.34,0,0,0
1,428,344.7,323.5,285.7,1.72,27.3,0,36.40,0,0,0
1,429,343.1,323.8,285.9,1.69,27.5,0,35.38,0,0,0
1,430,341.4,324.1,286.3,1.71,26.9,6,35.93,0,0,0
1,431,339.7,324.4,286.9,1.74,26.5,6,36.59,0,0,0
1,432,338.0,324.7,287.3,1.71,26.9,0,35.68,0,0,0
1,433,336.3,325.0,287.5,1.67,27.1,0,34.69,0,0,0
1,434,334.7,325.3,287.5,1.64,27.1,0,33.62,0,0,0
1,435,333.1,325.5,287.7,1.67,26.2,6,34.08,0,0,0
1,436,331.4,325.7,288.2,1.70,25.6,6,34.65,0,0,0
1,437,329.7,325.9,288.8,1.72,25.2,6,35.34,0,0,0
1,438,327.9,326.1,289.6,1.75,25.1,6,36.15,0,0,0
1,439,326.2,326.3,290.2,1.72,25.7,0,35.39,0,0,0
1,440,324.5,326.4,290.6,1.68,26.1,0,34.53,0,0,0
1,441,322.9,326.6,290.8,1.65,26.3,0,33.57,0,0,0
1,442,321.3,326.7,290.8,1.62,26.3,0,32.55,0,0,0
1,443,319.7,326.9,290.8,1.58,26.3,0,31.55,0,0,0
1,444,318.1,327.0,291.1,1.61,25.5,6,32.05,0,0,0
1,445,316.5,327.1,291.5,1.64,24.9,6,32.65,0,0,0
1,446,314.8,327.2,292.1,1.67,24.5,6,33.36,0,0,0
1,447,313.1,327.2,293.0,1.70,24.4,6,34.19,0,0,0
1,448,311.4,327.3,293.6,1.67,25.0,0,33.49,0,0,0
1,449,309.8,327.3,294.0,1.63,25.4,0,32.68,0,0,0
1,450,308.2,327.3,294.2,1.60,25.6,0,31.79,0,0,0
1,451,306.6,327.4,294.2,1.57,25.6,0,30.83,0,0,0
1,452,305.1,327.4,294.2,1.54,25.6,0,29.90,0,0,0
1,453,303.6,327.4,294.2,1.51,25.6,0,28.99,0,0,0
1,454,302.0,327.5,294.4,1.54,24.7,6,29.53,0,0,0
1,455,300.5,327.4,294.8,1.57,24.1,6,30.16,0,0,0
1,456,298.9,327.4,295.5,1.60,23.8,6,30.90,0,0,0
1,457,297.2,327.3,296.4,1.63,23.7,6,31.75,0,0,0
1,458,295.6,327.2,297.0,1.60,24.3,0,31.11,0,0,0
1,459,294.1,327.2,297.4,1.57,24.7,0,30.38,0,0,0
1,460,292.5,327.1,297.6,1.54,24.9,0,29.56,0,0,0
1,461,291.0,327.0,297.6,1.51,24.9,0,28.68,0,0,0
1,462,289.6,327.0,297.6,1.48,24.9,0,27.82,0,0,0
1,463,288.1,326.9,297.6,1.45,24.9,0,26.99,0,0,0
1,464,286.6,326.8,297.8,1.48,24.0,6,27.56,0,0,0
1,465,285.1,326.7,298.3,1.51,23.4,6,28.21,0,0,0
1,466,283.6,326.5,298.9,1.55,23.1,6,28.96,0,0,0
1,467,282.0,326.3,299.8,1.58,23.0,6,29.83,0,0,0
1,468,280.5,326.1,300.5,1.55,23.6,0,29.25,0,0,0
1,469,279.0,325.9,300.9,1.52,24.0,0,28.57,0,0,0
1,470,277.5,325.8,301.1,1.49,24.2,0,27.81,0,0,0
1,471,276.1,325.6,301.1,1.46,24.2,0,26.98,0,0,0
1,472,274.6,325.4,301.1,1.43,24.2,0,26.19,0,0,0
1,473,273.3,325.3,301.1,1.40,24.2,0,25.41,0,0,0
1,474,271.8,325.1,301.3,1.43,23.3,6,26.00,0,0,0
1,475,270.4,324.8,301.8,1.47,22.7,6,26.67,0,0,0
1,476,268.9,324.6,302.4,1.50,22.4,6,27.44,0,0,0
1,477,267.5,324.3,302.9,1.47,22.8,0,26.82,0,0,0
1,478,266.0,324.1,303.1,1.44,23.0,0,26.12,0,0,0
1,479,264.6,323.8,303.1,1.41,23.0,0,25.36,0,0,0
1,480,263.2,323.5,303.3,1.45,22.2,6,25.94,0,0,0
1,481,261.8,323.2,303.7,1.48,21.6,6,26.61,0,0,0
1,482,260.3,322.9,304.4,1.52,21.3,6,27.38,0,0,0
1,483,258.8,322.5,304.8,1.49,21.8,0,26.78,0,0,0
1,484,257.4,322.2,305.0,1.46,22.0,0,26.09,0,0,0
1,485,256.0,321.9,305.0,1.43,22.0,0,25.33,0,0,0
1,486,254.7,321.6,305.0,1.40,22.0,0,24.60,0,0,0
1,487,253.3,321.2,305.3,1.44,21.2,6,25.19,0,0,0
1,488,251.8,320.8,305.7,1.47,20.7,6,25.87,0,0,0
1,489,250.4,320.4,306.4,1.51,20.4,6,26.64,0,0,0
1,490,249.0,320.0,306.8,1.48,20.8,0,26.07,0,0,0
1,491,247.6,319.6,307.0,1.45,21.0,0,25.41,0,0,0
1,492,246.2,319.2,307.0,1.42,21.0,0,24.68,0,0,0
1,493,244.8,318.8,307.2,1.45,20.3,6,25.26,0,0,0
1,494,243.4,318.4,307.7,1.49,19.8,6,25.94,0,0,0
1,495,242.0,317.9,308.3,1.52,19.6,6,26.72,0,0,0
1,496,240.5,317.3,309.2,1.56,19.6,6,27.61,0,0,0
1,497,239.0,316.8,310.3,1.59,19.9,6,28.63,0,0,0
1,498,237.5,316.2,311.2,1.56,20.8,0,28.24,0,0,0
1,499,236.1,315.7,311.9,1.53,21.5,0,27.73,0,0,0
1,500,234.7,315.2,312.3,1.50,21.9,0,27.11,0,0,0
1,501,233.3,314.7,312.5,1.47,22.1,0,26.42,0,0,0
1,502,231.9,314.1,312.9,1.50,21.6,6,27.08,0,0,0
1,503,230.5,313.5,313.6,1.54,21.3,6,27.85,0,0,0
1,504,229.1,312.9,314.5,1.57,21.2,6,78.73,0,0,0
1,505,227.6,312.3,315.6,1.60,21.5,6,29.74,0,0,0
1,506,226.1,311.6,317.0,1.64,22.0,6,30.89,0,0,0
1,507,224.6,310.8,318.6,1.67,22.8,6,32.20,0,0,0
1,508,223.1,310.1,320.3,1.70,23.5,6,33.51,0,0,0
1,509,221.6,309.3,321.9,1.73,24.2,6,34.82,0,0,0
1,510,220.0,308.4,323.5,1.75,24.9,6,36.12,0,0,0
1,511,218.5,307.6,325.1,1.78,25.6,6,37.41,0,0,0
1,512,216.9,306.6,326.7,1.81,26.2,6,38.69,0,0,0
1,513,215.4,305.7,328.3,1.83,26.9,6,39.96,0,0,0
1,514,213.8,304.8,329.6,1.80,28.2,0,39.49,0,0,0
1,515,212.3,303.8,330.7,1.76,29.2,0,38.85,0,0,0
1,516,210.9,302.9,331.5,1.73,30.1,0,38.06,0,0,0
1,517,209.4,302.1,332.1,1.69,30.7,0,37.17,0,0,0
1,518,208.0,301.2,332.5,1.66,31.1,0,36.19,0,0,0
1,519,206.6,300.3,332.7,1.62,31.3,0,35.14,0,0,0
1,520,205.3,299.5,332.7,1.59,31.3,0,34.03,0,0,0
1,521,203.9,298.7,332.7,1.56,31.3,0,32.96,0,0,0
1,522,202.6,297.9,332.7,1.53,31.3,0,31.93,0,0,0
1,523,201.3,297.1,332.7,1.50,31.3,0,30.93,0,0,0
1,524,200.1,296.3,332.9,1.53,30.2,6,31.44,0,0,0
1,525,198.8,295.4,333.4,1.56,29.3,6,32.04,0,0,0
1,526,197.5,294.5,334.0,1.59,28.8,6,32.73,0,0,0
1,527,196.2,293.6,334.9,1.61,28.5,6,33.52,0,0,0
1,528,194.9,292.6,336.0,1.64,28.4,6,34.43,0,0,0
1,529,193.6,291.5,337.4,1.67,28.7,6,35.46,0,0,0
1,530,192.3,290.5,338.4,1.64,29.8,0,34.87,0,0,0
1,531,191.0,289.5,339.3,1.60,30.6,0,34.16,0,0,0
1,532,189.8,288.5,339.9,1.57,31.3,0,33.36,0,0,0
1,533,188.6,287.5,340.4,1.54,31.7,0,32.48,0,0,0
1,534,187.4,286.6,340.6,1.51,31.9,0,31.54,0,0,0
1,535,186.3,285.7,340.6,1.48,31.9,0,30.55,0,0,0
1,536,185.2,284.8,340.6,1.45,31.9,0,29.60,0,0,0
1,537,184.0,283.8,340.8,1.48,30.7,6,30.13,0,0,0
1,538,182.9,282.8,341.2,1.51,29.8,6,30.74,0,0,0
1,539,181.8,281.8,341.9,1.54,29.2,6,31.44,0,0,0
1,540,180.6,280.7,342.8,1.57,28.9,6,32.24,0,0,0
1,541,179.5,279.5,343.9,1.60,28.8,6,33.14,0,0,0
1,542,178.4,278.4,345.3,1.63,29.0,6,34.17,0,0,0
1,543,177.3,277.2,346.4,1.59,30.1,0,33.60,0,0,0
1,544,176.2,276.1,347.3,1.56,31.0,0,32.91,0,0,0
1,545,175.1,275.0,347.9,1.53,31.6,0,32.13,0,0,0
1,546,174.1,273.9,348.3,1.50,32.1,0,31.27,0,0,0
1,547,173.1,272.8,348.5,1.47,32.3,0,30.37,0,0,0
1,548,172.1,271.8,348.5,1.44,32.3,0,29.42,0,0,0
1,549,171.1,270.7,348.8,1.47,31.1,6,29.96,0,0,0
1,550,170.1,269.6,349.2,1.50,30.2,6,30.57,0,0,0
1,551,169.1,268.4,349.9,1.53,29.5,6,31.27,0,0,0
1,552,168.2,267.2,350.7,1.56,29.2,6,32.06,0,0,0
1,553,167.2,265.9,351.9,1.59,29.1,6,32.96,0,0,0
1,554,166.3,264.6,353.3,1.62,29.3,6,33.99,0,0,0
1,555,165.3,263.3,354.9,1.64,29.8,6,35.14,0,0,0
1,556,164.4,261.9,356.6,1.67,30.3,6,36.29,0,0,0
1,557,163.5,260.5,357.9,1.64,31.6,0,35.77,0,0,0
1,558,162.6,259.2,359.0,1.61,32.7,0,35.10,0,0,0
1,559,161.7,257.9,359.9,1.57,33.6,0,34.33,0,0,0
1,560,160.9,256.6,360.5,1.54,34.2,0,33.47,0,0,0
1,561,160.0,255.3,361.0,1.51,34.7,0,32.56,0,0,0
1,562,159.2,254.1,361.2,1.48,34.9,0,31.59,0,0,0
1,563,158.4,252.9,361.2,1.45,34.9,0,30.59,0,0,0
1,564,157.6,251.6,361.4,1.48,33.6,6,31.10,0,0,0
1,565,156.8,250.3,361.8,1.51,32.6,6,31.69,0,0,0
1,566,156.1,249.0,362.5,1.54,31.8,6,32.35,0,0,0
1,567,155.3,247.6,363.4,1.56,31.4,6,33.12,0,0,0
1,568,154.6,246.2,364.5,1.59,31.2,6,33.98,0,0,0
1,569,153.9,244.7,365.9,1.62,31.4,6,34.96,0,0,0
1,570,153.3,243.2,367.5,1.64,31.8,6,36.07,0,0,0
1,571,152.6,241.8,368.9,1.61,33.1,0,35.50,0,0,0
1,572,152.0,240.3,370.0,1.58,34.2,0,34.80,0,0,0
1,573,151.3,238.9,370.9,1.55,35.1,0,34.01,0,0,0
1,574,150.7,237.5,371.5,1.52,35.8,0,33.14,0,0,0
1,575,150.1,236.2,372.0,1.49,36.2,0,32.22,0,0,0
1,576,149.5,234.9,372.2,1.46,36.4,0,31.25,0,0,0
1,577,148.9,233.5,372.6,1.48,35.3,6,31.82,0,0,0
1,578,148.4,232.1,373.3,1.51,34.4,6,32.46,0,0,0
1,579,147.9,230.6,374.2,1.54,33.9,6,33.19,0,0,0
1,580,147.4,229.1,375.3,1.56,33.6,6,34.01,0,0,0
1,581,146.9,227.6,376.7,1.59,33.6,6,34.95,0,0,0
1,582,146.4,226.1,377.8,1.56,34.8,0,34.25,0,0,0
1,583,146.0,224.7,378.7,1.53,35.6,0,33.46,0,0,0
1,584,145.6,223.2,379.3,1.50,36.3,0,32.60,0,0,0
1,585,145.1,221.8,379.8,1.47,36.7,0,31.68,0,0,0
1,586,144.7,220.5,380.0,1.44,36.9,0,30.73,0,0,0
1,587,144.3,219.0,380.4,1.46,35.8,6,31.30,0,0,0
1,588,144.0,217.6,381.1,1.49,34.9,6,31.95,0,0,0
1,589,143.6,216.1,382.0,1.52,34.3,6,32.68,0,0,0
1,590,143.4,214.6,383.1,1.54,34.0,6,783.50,1,0,0
2,1,150.0,200.0,0.0,0.00,0.0,0,50.00,0,0,0
2,2,150.0,199.9,0.0,0.07,0.0,6,0.62,0,0,0
2,3,150.0,199.8,0.0,0.14,0.0,6,1.33,0,0,0
2,4,150.0,199.6,0.0,0.20,0.0,6,2.02,0,0,0
2,5,150.0,199.3,0.0,0.27,0.0,6,2.70,0,0,0
2,6,150.0,199.0,0.0,0.33,0.0,6,3.36,0,0,0
2,7,150.0,198.6,0.0,0.39,0.0,6,4.01,0,0,0
2,8,150.0,198.2,0.0,0.45,0.0,6,4.65,0,0,0
2,9,150.0,197.6,0.0,0.51,0.0,6,5.27,0,0,0
2,10,150.0,197.1,2.4,0.57,2.4,6,5.88,0,0,0
2,11,150.0,196.4,4.7,0.63,4.5,6,6.47,0,0,0
2,12,150.0,195.8,7.0,0.68,6.3,6,7.03,0,0,0
2,13,150.0,195.0,9.3,0.74,8.0,6,7.58,0,0,0
2,14,150.1,194.2,11.5,0.79,9.5,6,8.41,0,0,0
2,15,150.1,193.4,13.6,0.84,10.9,6,9.00,0,0,0
2,16,150.2,192.5,15.7,0.89,12.2,6,9.59,0,0,0
2,17,150.2,191.6,17.8,0.94,13.4,6,10.16,0,0,0
2,18,150.3,190.6,19.9,0.99,14.5,6,10.73,0,0,0
2,19,150.4,189.5,21.9,1.04,15.6,6,12.15,0,0,0
2,20,150.6,188.5,23.9,1.08,16.6,6,12.83,0,0,0
2,21,150.7,187.4,25.8,1.13,17.5,6,13.51,0,0,0
2,22,150.9,186.2,27.7,1.17,18.4,6,14.19,0,0,0
2,23,151.1,185.0,29.6,1.21,19.3,6,14.86,0,0,0
2,24,151.4,183.8,31.5,1.25,20.1,6,15.53,0,0,0
2,25,151.7,182.5,33.4,1.29,20.9,6,17.99,0,0,0
2,26,152.0,181.2,35.2,1.33,21.7,6,18.83,0,0,0
2,27,152.3,179.9,37.0,1.37,22.5,6,19.67,0,0,0
2,28,152.7,178.5,38.8,1.40,23.2,6,20.50,0,0,0
2,29,153.1,177.2,40.5,1.44,23.9,6,21.34,0,0,0
2,30,153.5,175.8,42.0,1.41,25.3,0,21.02,0,0,0
2,31,153.9,174.5,43.2,1.38,26.5,0,23.20,0,0,0
2,32,154.3,173.2,44.1,1.36,27.4,0,22.75,0,0,0
2,33,154.7,171.9,44.8,1.33,28.1,0,22.25,0,0,0
2,34,155.1,170.7,45.2,1.30,28.6,0,21.70,0,0,0
2,35,155.4,169.4,45.5,1.28,28.8,0,21.12,0,0,0
2,36,155.8,168.2,45.5,1.25,28.8,0,20.51,0,0,0
2,37,156.1,167.1,45.5,1.22,28.8,0,22.09,0,0,0
2,38,156.5,165.9,45.5,1.20,28.8,0,21.43,0,0,0
2,39,156.8,164.8,45.5,1.18,28.8,0,20.80,0,0,0
2,40,157.1,163.7,45.5,1.15,28.8,0,20.18,0,0,0
2,41,157.5,162.6,45.7,1.19,27.4,6,20.85,0,0,0
2,42,157.9,161.4,46.2,1.23,26.4,6,21.58,0,0,0
2,43,158.4,160.2,46.9,1.27,25.8,6,22.36,0,0,0
2,44,158.9,159.0,47.8,1.30,25.4,6,23.22,0,0,0
2,45,159.4,157.8,49.1,1.34,25.4,6,24.17,0,0,0
2,46,159.9,156.6,50.0,1.31,26.3,0,23.74,0,0,0
2,47,160.5,155.4,50.7,1.29,27.0,0,23.24,0,0,0
2,48,161.0,154.3,51.1,1.26,27.5,0,22.68,0,0,0
2,49,161.5,153.1,51.4,1.23,27.7,0,22.07,0,0,0
2,50,162.0,152.0,51.4,1.21,27.7,0,21.41,0,0,0
2,51,162.4,150.9,51.4,1.19,27.7,0,20.78,0,0,0
2,52,162.9,149.8,51.6,1.22,26.4,6,21.45,0,0,0
2,53,163.5,148.7,52.1,1.26,25.5,6,22.16,0,0,0
2,54,164.1,147.6,52.8,1.30,24.9,6,22.95,0,0,0
2,55,164.8,146.4,53.7,1.33,24.6,6,23.81,0,0,0
2,56,165.4,145.3,54.4,1.31,25.3,0,23.33,0,0,0
2,57,166.0,144.1,54.9,1.28,25.8,0,22.78,0,0,0
2,58,166.6,143.0,55.1,1.26,26.0,0,22.17,0,0,0
2,59,167.3,141.9,55.6,1.29,25.1,6,22.89,0,0,0
2,60,168.0,140.8,56.3,1.33,24.6,6,23.67,0,0,0
2,61,168.7,139.7,56.7,1.30,25.0,0,23.12,0,0,0
2,62,169.3,138.6,57.0,1.28,25.3,0,22.51,0,0,0
2,63,170.1,137.5,57.4,1.31,24.4,6,23.21,0,0,0
2,64,170.8,136.4,58.1,1.35,23.9,6,23.99,0,0,0
2,65,171.6,135.3,58.6,1.32,24.4,0,23.44,0,0,0
2,66,172.3,134.2,58.8,1.30,24.6,0,22.83,0,0,0
2,67,173.1,133.1,59.3,1.33,23.8,6,23.53,0,0,0
2,68,173.9,132.0,60.0,1.37,23.4,6,24.31,0,0,0
2,69,174.7,131.0,60.4,1.34,23.8,0,23.76,0,0,0
2,70,175.5,129.9,60.6,1.32,24.0,0,23.14,0,0,0
2,71,176.2,128.9,60.6,1.29,24.0,0,22.47,0,0,0
2,72,177.0,127.8,60.9,1.33,23.1,6,23.10,0,0,0
2,73,177.9,126.8,61.3,1.36,22.4,6,23.79,0,0,0
2,74,178.8,125.7,62.0,1.40,22.0,6,24.58,0,0,0
2,75,179.7,124.6,62.9,1.44,21.9,6,25.46,0,0,0
2,76,180.7,123.5,63.6,1.41,22.6,0,24.98,0,0,0
2,77,181.6,122.5,64.0,1.38,23.0,0,24.42,0,0,0
2,78,182.5,121.5,64.3,1.35,23.2,0,23.78,0,0,0
2,79,183.3,120.5,64.3,1.32,23.2,0,23.09,0,0,0
2,80,184.2,119.5,64.5,1.36,22.3,6,73.71,0,0,0
2,81,185.2,118.5,64.9,1.40,21.7,6,24.41,0,0,0
2,82,186.2,117.4,65.6,1.43,21.4,6,25.19,0,0,0
2,83,187.2,116.4,66.5,1.47,21.3,6,26.07,0,0,0
2,84,188.3,115.4,67.7,1.50,21.5,6,27.07,0,0,0
2,85,189.4,114.3,69.1,1.54,22.0,6,28.19,0,0,0
2,86,190.6,113.3,70.8,1.57,22.8,6,29.47,0,0,0
2,87,191.8,112.2,72.5,1.60,23.5,6,30.75,0,0,0
2,88,193.1,111.2,74.2,1.63,24.2,6,32.02,0,0,0
2,89,194.4,110.1,75.8,1.66,24.9,6,33.29,0,0,0
2,90,195.7,109.1,77.5,1.69,25.6,6,34.56,0,0,0
2,91,197.1,108.0,79.1,1.72,26.2,6,35.82,0,0,0
2,92,198.5,107.0,80.7,1.75,26.8,6,37.07,0,0,0
2,93,199.9,106.0,82.3,1.77,27.4,6,38.31,0,0,0
2,94,201.4,105.0,83.9,1.80,28.0,6,39.54,0,0,0
2,95,203.0,104.0,85.5,1.83,28.6,6,40.76,0,0,0
2,96,204.5,103.0,87.1,1.85,29.1,6,41.97,0,0,0
2,97,206.1,102.0,88.6,1.87,29.7,6,43.16,0,0,0
2,98,207.8,101.1,90.2,1.90,30.2,6,44.34,0,0,0
2,99,209.4,100.1,91.4,1.86,31.5,0,43.69,0,0,0
2,100,210.9,99.2,92.5,1.82,32.5,0,42.87,0,0,0
2,101,212.5,98.3,93.3,1.78,33.3,0,41.93,0,0,0
2,102,214.0,97.5,93.9,1.75,34.0,0,40.87,0,0,0
2,103,215.5,96.6,94.3,1.71,34.4,0,39.74,0,0,0
2,104,216.9,95.8,94.5,1.68,34.6,0,38.55,0,0,0
2,105,218.4,94.9,94.5,1.65,34.6,0,37.30,0,0,0
2,106,219.8,94.1,94.5,1.61,34.6,0,36.10,0,0,0
2,107,221.1,93.3,94.5,1.58,34.6,0,34.95,0,0,0
2,108,222.5,92.6,94.5,1.55,34.6,0,33.83,0,0,0
2,109,223.8,91.8,94.5,1.52,34.6,0,32.75,0,0,0
2,110,225.1,91.1,94.5,1.49,34.6,0,31.71,0,0,0
2,111,226.3,90.3,94.5,1.46,34.6,0,30.70,0,0,0
2,112,227.6,89.6,94.7,1.49,33.3,6,31.22,0,0,0
2,113,229.0,88.9,95.2,1.51,32.3,6,31.80,0,0,0
2,114,230.4,88.3,95.8,1.54,31.6,6,32.47,0,0,0
2,115,231.8,87.6,96.7,1.57,31.2,6,33.23,0,0,0
2,116,233.3,87.0,97.8,1.60,31.0,6,34.10,0,0,0
2,117,234.7,86.4,98.7,1.57,31.9,0,33.38,0,0,0
2,118,236.1,85.8,99.3,1.53,32.5,0,32.58,0,0,0
2,119,237.5,85.2,99.8,1.50,32.9,0,31.70,0,0,0
2,120,238.9,84.6,100.0,1.47,33.2,0,30.78,0,0,0
2,121,240.2,84.0,100.0,1.44,33.2,0,29.81,0,0,0
2,122,241.5,83.5,100.0,1.41,33.2,0,28.88,0,0,0
2,123,242.8,82.9,100.0,1.39,33.2,0,27.98,0,0,0
2,124,244.1,82.4,100.2,1.42,31.9,6,28.54,0,0,0
2,125,245.4,81.9,100.7,1.45,30.9,6,29.17,0,0,0
2,126,246.8,81.4,101.3,1.48,30.2,6,29.87,0,0,0
2,127,248.3,81.0,102.2,1.51,29.8,6,30.67,0,0,0
2,128,249.7,80.5,102.9,1.48,30.4,0,29.96,0,0,0
2,129,251.1,80.1,103.3,1.45,30.9,0,29.19,0,0,0
2,130,252.4,79.7,103.5,1.42,31.1,0,28.35,0,0,0
2,131,253.7,79.2,103.5,1.39,31.1,0,27.48,0,0,0
2,132,255.0,78.8,103.5,1.36,31.1,0,26.63,0,0,0
2,133,256.4,78.4,103.8,1.39,29.8,6,27.22,0,0,0
2,134,257.8,78.1,104.2,1.43,28.9,6,27.87,0,0,0
2,135,259.2,77.7,104.9,1.46,28.3,6,28.60,0,0,0
2,136,260.6,77.4,105.8,1.49,27.9,6,29.42,0,0,0
2,137,262.1,77.1,106.4,1.46,28.6,0,28.77,0,0,0
2,138,263.5,76.8,106.9,1.43,29.0,0,28.05,0,0,0
2,139,264.8,76.5,107.1,1.40,29.3,0,27.26,0,0,0
2,140,266.2,76.2,107.1,1.37,29.3,0,26.43,0,0,0
2,141,267.5,75.9,107.1,1.35,29.3,0,25.63,0,0,0
2,142,268.8,75.7,107.1,1.32,29.3,0,24.85,0,0,0
2,143,270.1,75.4,107.3,1.35,28.1,6,25.46,0,0,0
2,144,271.5,75.2,107.8,1.39,27.2,6,26.14,0,0,0
2,145,272.9,75.0,108.5,1.42,26.6,6,26.89,0,0,0
2,146,274.3,74.8,108.9,1.39,27.0,0,26.24,0,0,0
2,147,275.6,74.6,109.1,1.37,27.3,0,25.52,0,0,0
2,148,276.9,74.4,109.1,1.34,27.3,0,24.76,0,0,0
2,149,278.3,74.2,109.3,1.37,26.2,6,25.37,0,0,0
2,150,279.7,74.1,109.8,1.41,25.4,6,26.05,0,0,0
2,151,281.1,74.0,110.5,1.44,24.9,6,26.81,0,0,0
2,152,282.6,73.9,110.9,1.41,25.3,0,26.17,0,0,0
2,153,283.9,73.8,111.1,1.38,25.6,0,25.47,0,0,0
2,154,285.3,73.7,111.1,1.36,25.6,0,24.72,0,0,0
2,155,286.7,73.6,111.4,1.39,24.6,6,25.32,0,0,0
2,156,288.1,73.5,111.8,1.43,23.9,6,26.00,0,0,0
2,157,289.6,73.5,112.5,1.46,23.5,6,26.77,0,0,0
2,158,291.0,73.5,112.9,1.43,23.9,0,26.15,0,0,0
2,159,292.4,73.5,113.1,1.40,24.1,0,25.46,0,0,0
2,160,293.8,73.4,113.1,1.37,24.1,0,24.72,0,0,0
2,161,295.2,73.4,113.4,1.41,23.2,6,25.31,0,0,0
2,162,296.6,73.5,113.8,1.45,22.6,6,25.99,0,0,0
2,163,298.1,73.5,114.5,1.48,22.2,6,26.76,0,0,0
2,164,299.6,73.6,114.9,1.45,22.7,0,26.16,0,0,0
2,165,301.0,73.7,115.1,1.42,22.9,0,25.48,0,0,0
2,166,302.4,73.7,115.1,1.39,22.9,0,24.74,0,0,0
2,167,303.7,73.8,115.1,1.37,22.9,0,24.02,0,0,0
2,168,305.1,73.8,115.3,1.40,22.0,6,24.63,0,0,0
2,169,306.6,73.9,115.8,1.44,21.4,6,25.31,0,0,0
2,170,308.0,74.1,116.5,1.47,21.1,6,26.09,0,0,0
2,171,309.5,74.2,116.9,1.44,21.6,0,25.52,0,0,0
2,172,310.9,74.4,117.1,1.41,21.8,0,24.86,0,0,0
2,173,312.2,74.5,117.1,1.39,21.8,0,24.15,0,0,0
2,174,313.6,74.6,117.1,1.36,21.8,0,23.45,0,0,0
2,175,315.0,74.8,117.3,1.39,21.0,6,24.06,0,0,0
2,176,316.4,74.9,117.8,1.43,20.4,6,24.75,0,0,0
2,177,317.9,75.2,118.5,1.47,20.2,6,25.53,0,0,0
2,178,319.3,75.4,118.9,1.44,20.6,0,24.98,0,0,0
2,179,320.7,75.6,119.1,1.41,20.8,0,24.35,0,0,0
2,180,322.0,75.8,119.1,1.38,20.8,0,23.66,0,0,0
2,181,323.4,76.0,119.1,1.35,20.8,0,22.98,0,0,0
2,182,324.8,76.2,119.3,1.39,20.0,6,23.59,0,0,0
2,183,326.2,76.4,119.8,1.43,19.5,6,24.28,0,0,0
2,184,327.6,76.7,120.5,1.46,19.3,6,25.07,0,0,0
2,185,329.0,77.0,120.9,1.43,19.7,0,24.54,0,0,0
2,186,330.4,77.3,121.1,1.41,20.0,0,23.93,0,0,0
2,187,331.7,77.5,121.1,1.38,20.0,0,23.25,0,0,0
2,188,333.1,77.8,121.1,1.35,20.0,0,22.60,0,0,0
2,189,334.4,78.1,121.3,1.39,19.2,6,23.20,0,0,0
2,190,335.8,78.4,121.8,1.42,18.8,6,23.90,0,0,0
2,191,337.2,78.8,122.5,1.46,18.6,6,24.69,0,0,0
2,192,338.6,79.1,122.9,1.43,19.0,0,24.18,0,0,0
2,193,340.0,79.4,123.1,1.40,19.2,0,23.58,0,0,0
2,194,341.3,79.8,123.1,1.38,19.2,0,22.92,0,0,0
2,195,342.6,80.1,123.1,1.35,19.2,0,22.28,0,0,0
2,196,344.0,80.5,123.3,1.39,18.5,6,22.89,0,0,0
2,197,345.3,80.8,123.8,1.42,18.1,6,23.58,0,0,0
2,198,346.7,81.2,124.0,1.40,18.3,0,23.01,0,0,0
2,199,348.0,81.6,124.4,1.43,17.9,6,23.70,0,0,0
2,200,349.4,82.0,124.7,1.40,18.1,0,23.13,0,0,0
2,201,350.8,82.5,125.1,1.44,17.7,6,23.82,0,0,0
2,202,352.2,82.9,125.8,1.48,17.6,6,24.61,0,0,0
2,203,353.5,83.4,126.2,1.45,18.0,0,24.12,0,0,0
2,204,354.9,83.9,126.9,1.48,17.9,6,24.91,0,0,0
2,205,356.4,84.4,127.8,1.52,18.0,6,25.81,0,0,0
2,206,357.8,84.9,128.4,1.49,18.6,0,25.39,0,0,0
2,207,359.1,85.4,128.9,1.46,19.0,0,24.87,0,0,0
2,208,360.5,85.9,129.1,1.43,19.3,0,24.26,0,0,0
2,209,361.9,86.4,129.5,1.47,18.8,6,24.94,0,0,0
2,210,363.3,86.9,130.2,1.50,18.6,6,25.72,0,0,0
2,211,364.7,87.5,131.1,1.54,18.7,6,26.62,0,0,0
2,212,366.1,88.1,132.2,1.57,19.0,6,27.65,0,0,0
2,213,367.6,88.7,133.1,1.54,19.9,0,27.30,0,0,0
2,214,368.9,89.3,133.7,1.51,20.6,0,26.82,0,0,0
2,215,370.3,89.9,134.2,1.48,21.0,0,76.23,0,0,0
2,216,371.7,90.5,134.8,1.51,20.7,6,27.01,0,0,0
2,217,373.1,91.2,135.7,1.55,20.7,6,27.89,0,0,0
2,218,374.5,91.9,136.9,1.58,21.0,6,28.90,0,0,0
2,219,376.0,92.6,138.2,1.61,21.5,6,30.06,0,0,0
2,220,377.4,93.4,139.9,1.65,22.3,6,31.37,0,0,0
2,221,378.9,94.2,141.6,1.68,23.0,6,32.69,0,0,0
2,222,380.4,95.0,143.2,1.71,23.8,6,34.00,0,0,0
2,223,381.9,95.9,144.8,1.74,24.5,6,35.30,0,0,0
2,224,383.4,96.8,146.4,1.76,25.2,6,36.59,0,0,0
2,225,384.9,97.8,148.0,1.79,25.8,6,37.88,0,0,0
2,226,386.4,98.7,149.3,1.75,27.2,0,37.48,0,0,0
2,227,387.8,99.6,150.4,1.72,28.2,0,36.89,0,0,0
2,228,389.3,100.5,151.2,1.69,29.1,0,36.17,0,0,0
2,229,390.7,101.4,151.9,1.65,29.7,0,35.34,0,0,0
2,230,392.0,102.2,152.3,1.62,30.1,0,34.42,0,0,0
2,231,393.4,103.1,152.5,1.59,30.3,0,33.44,0,0,0
2,232,394.7,103.9,152.5,1.55,30.3,0,32.39,0,0,0
2,233,396.0,104.7,152.5,1.52,30.3,0,31.38,0,0,0
2,234,397.2,105.5,152.5,1.49,30.3,0,30.41,0,0,0
2,235,398.5,106.3,152.5,1.46,30.3,0,29.47,0,0,0
2,236,399.7,107.1,152.5,1.43,30.3,0,28.56,0,0,0
2,237,400.9,107.8,152.5,1.41,30.3,0,27.68,0,0,0
2,238,402.1,108.6,152.7,1.44,29.1,6,28.25,0,0,0
2,239,403.3,109.5,153.2,1.47,28.3,6,28.89,0,0,0
2,240,404.5,110.3,153.8,1.50,27.7,6,29.61,0,0,0
2,241,405.7,111.3,154.7,1.53,27.4,6,30.44,0,0,0
2,242,406.9,112.2,155.8,1.56,27.4,6,31.37,0,0,0
2,243,408.2,113.2,157.2,1.59,27.6,6,32.42,0,0,0
2,244,409.4,114.2,158.4,1.56,28.8,0,31.90,0,0,0
2,245,410.5,115.2,159.2,1.53,29.6,0,31.27,0,0,0
2,246,411.7,116.2,159.9,1.50,30.3,0,30.55,0,0,0
2,247,412.8,117.1,160.3,1.47,30.7,0,29.76,0,0,0
2,248,413.9,118.0,160.5,1.44,30.9,0,28.92,0,0,0
2,249,415.0,118.9,160.5,1.41,30.9,0,28.02,0,0,0
2,250,416.1,119.8,160.5,1.38,30.9,0,27.16,0,0,0
2,251,417.1,120.7,160.8,1.41,29.7,6,27.73,0,0,0
2,252,418.2,121.7,161.2,1.44,28.8,6,28.38,0,0,0
2,253,419.3,122.7,161.9,1.48,28.2,6,29.11,0,0,0
2,254,420.4,123.8,162.8,1.51,27.9,6,29.93,0,0,0
2,255,421.4,124.9,163.9,1.54,27.8,6,30.85,0,0,0
2,256,422.5,126.1,165.3,1.57,28.1,6,31.89,0,0,0
2,257,423.5,127.2,167.0,1.60,28.6,6,33.07,0,0,0
2,258,424.6,128.4,168.4,1.57,30.0,0,32.63,0,0,0
2,259,425.6,129.6,169.5,1.53,31.1,0,32.06,0,0,0
2,260,426.6,130.7,170.4,1.50,32.0,0,31.39,0,0,0
2,261,427.6,131.8,171.1,1.47,32.6,0,30.63,0,0,0
2,262,428.5,132.9,171.5,1.44,33.1,0,29.81,0,0,0
2,263,429.5,133.9,171.7,1.42,33.3,0,28.95,0,0,0
2,264,430.4,135.0,171.7,1.39,33.3,0,28.04,0,0,0
2,265,431.3,136.1,171.9,1.42,32.0,6,28.60,0,0,0
2,266,432.2,137.2,172.4,1.45,31.0,6,29.23,0,0,0
2,267,433.1,138.4,173.0,1.48,30.3,6,29.93,0,0,0
2,268,434.0,139.6,173.9,1.51,29.9,6,30.73,0,0,0
2,269,434.9,140.9,175.1,1.54,29.7,6,31.62,0,0,0
2,270,435.7,142.2,176.5,1.57,29.9,6,32.63,0,0,0
2,271,436.6,143.5,178.2,1.60,30.4,6,33.77,0,0,0
2,272,437.4,144.8,179.5,1.56,31.7,0,33.27,0,0,0
2,273,438.2,146.1,180.7,1.53,32.9,0,32.65,0,0,0
2,274,439.0,147.4,181.6,1.50,33.8,0,31.93,0,0,0
2,275,439.8,148.6,182.2,1.47,34.4,0,31.14,0,0,0
2,276,440.6,149.9,182.7,1.44,34.8,0,30.29,0,0,0
2,277,441.3,151.1,182.9,1.41,35.1,0,29.39,0,0,0
2,278,442.1,152.2,182.9,1.39,35.1,0,28.46,0,0,0
2,279,442.8,153.5,183.1,1.41,33.7,6,29.01,0,0,0
2,280,443.5,154.7,183.5,1.44,32.6,6,29.63,0,0,0
2,281,444.2,156.0,184.2,1.47,31.9,6,30.32,0,0,0
2,282,444.8,157.4,185.1,1.50,31.4,6,31.10,0,0,0
2,283,445.5,158.8,186.3,1.53,31.2,6,31.97,0,0,0
2,284,446.1,160.2,187.7,1.56,31.3,6,32.95,0,0,0
2,285,446.7,161.7,189.3,1.59,31.7,6,34.05,0,0,0
2,286,447.3,163.1,190.7,1.56,33.1,0,33.52,0,0,0
2,287,447.9,164.5,191.9,1.52,34.2,0,32.86,0,0,0
2,288,448.5,165.9,192.7,1.49,35.1,0,32.12,0,0,0
2,289,449.0,167.2,193.4,1.46,35.7,0,31.30,0,0,0
2,290,449.6,168.6,193.8,1.43,36.2,0,30.43,0,0,0
2,291,450.1,169.9,194.1,1.41,36.4,0,29.52,0,0,0
2,292,450.6,171.2,194.5,1.43,35.2,6,80.11,0,0,0
2,293,451.1,172.6,195.2,1.46,34.3,6,30.78,0,0,0
2,294,451.5,174.0,196.1,1.49,33.8,6,31.52,0,0,0
2,295,452.0,175.5,197.2,1.52,33.5,6,32.36,0,0,0
2,296,452.4,177.0,198.6,1.54,33.5,6,33.30,0,0,0
2,297,452.7,178.5,200.3,1.57,33.8,6,34.35,0,0,0
2,298,453.1,180.0,202.0,1.60,34.1,6,35.39,0,0,0
2,299,453.4,181.6,203.4,1.57,35.5,0,34.77,0,0,0
2,300,453.7,183.1,204.5,1.53,36.6,0,34.04,0,0,0
2,301,454.0,184.5,205.4,1.50,37.5,0,33.22,0,0,0
2,302,454.3,186.0,206.1,1.47,38.1,0,32.34,0,0,0
2,303,454.6,187.4,206.5,1.44,38.6,0,31.42,0,0,0
2,304,454.9,188.8,206.7,1.42,38.8,0,30.46,0,0,0
2,305,455.2,190.1,206.7,1.39,38.8,0,29.48,0,0,0
2,306,455.5,191.5,206.7,1.36,38.8,0,28.53,0,0,0
2,307,455.8,192.8,206.7,1.33,38.8,0,27.62,0,0,0
2,308,456.0,194.1,206.9,1.36,37.2,6,28.17,0,0,0
2,309,456.2,195.5,207.4,1.39,36.0,6,28.78,0,0,0
2,310,456.4,196.9,208.1,1.42,35.0,6,29.45,0,0,0
2,311,456.5,198.3,209.0,1.44,34.4,6,30.20,0,0,0
2,312,456.6,199.8,210.2,1.47,34.0,6,31.04,0,0,0
2,313,456.7,201.2,211.1,1.44,34.9,0,30.33,0,0,0
2,314,456.8,202.6,211.7,1.41,35.6,0,29.57,0,0,0
2,315,456.9,204.0,212.2,1.39,36.0,0,28.75,0,0,0
2,316,457.0,205.4,212.4,1.36,36.3,0,27.89,0,0,0
2,317,457.1,206.8,212.8,1.39,35.0,6,28.51,0,0,0
2,318,457.1,208.2,213.5,1.42,34.1,6,29.20,0,0,0
2,319,457.0,209.6,214.4,1.44,33.5,6,29.96,0,0,0
2,320,457.0,211.0,215.1,1.42,34.2,0,29.22,0,0,0
2,321,457.0,212.4,215.6,1.39,34.6,0,28.42,0,0,0
2,322,456.9,213.8,216.2,1.42,33.7,6,29.11,0,0,0
2,323,456.8,215.3,217.1,1.45,33.1,6,29.88,0,0,0
2,324,456.7,216.7,217.8,1.42,33.8,0,29.14,0,0,0
2,325,456.6,218.1,218.3,1.39,34.2,0,28.36,0,0,0
2,326,456.5,219.5,218.9,1.42,33.4,6,29.05,0,0,0
2,327,456.4,220.9,219.4,1.39,33.8,0,28.27,0,0,0
2,328,456.2,222.3,220.1,1.42,32.9,6,28.96,0,0,0
2,329,456.0,223.7,221.0,1.45,32.4,6,29.74,0,0,0
2,330,455.8,225.1,221.6,1.42,33.0,0,29.02,0,0,0
2,331,455.6,226.5,222.1,1.39,33.5,0,28.24,0,0,0
2,332,455.3,227.9,222.8,1.42,32.6,6,28.94,0,0,0
2,333,455.0,229.3,223.7,1.45,32.1,6,29.72,0,0,0
2,334,454.7,230.7,224.3,1.42,32.8,0,29.00,0,0,0
2,335,454.4,232.1,224.8,1.39,33.2,0,28.23,0,0,0
2,336,454.1,233.5,225.5,1.42,32.4,6,28.93,0,0,0
2,337,453.8,234.9,226.4,1.45,31.8,6,29.71,0,0,0
2,338,453.4,236.3,227.0,1.43,32.5,0,29.00,0,0,0
2,339,453.1,237.6,227.5,1.40,32.9,0,28.23,0,0,0
2,340,452.7,239.0,228.2,1.43,32.1,6,28.93,0,0,0
2,341,452.2,240.4,229.1,1.46,31.6,6,29.71,0,0,0
2,342,451.8,241.7,229.7,1.43,32.3,0,29.00,0,0,0
2,343,451.4,243.1,230.2,1.40,32.7,0,28.24,0,0,0
2,344,450.9,244.4,230.9,1.43,31.9,6,28.94,0,0,0
2,345,450.4,245.8,231.8,1.46,31.4,6,29.73,0,0,0
2,346,449.9,247.1,232.4,1.43,32.1,0,29.02,0,0,0
2,347,449.4,248.4,232.9,1.40,32.5,0,28.25,0,0,0
2,348,448.9,249.8,233.6,1.43,31.7,6,28.96,0,0,0
2,349,448.3,251.1,234.5,1.46,31.2,6,29.75,0,0,0
2,350,447.7,252.4,235.1,1.43,31.9,0,29.04,0,0,0
2,351,447.1,253.8,236.1,1.46,31.4,6,29.83,0,0,0
2,352,446.5,255.1,236.7,1.43,32.0,0,29.12,0,0,0
2,353,445.9,256.3,237.2,1.40,32.5,0,28.35,0,0,0
2,354,445.3,257.6,237.8,1.44,31.7,6,29.05,0,0,0
2,355,444.6,258.9,238.7,1.47,31.2,6,29.84,0,0,0
2,356,444.0,260.2,239.4,1.44,31.8,0,29.13,0,0,0
2,357,443.3,261.4,239.9,1.41,32.3,0,28.36,0,0,0
2,358,442.6,262.7,240.5,1.44,31.5,6,29.07,0,0,0
2,359,441.9,264.0,241.4,1.47,31.0,6,29.86,0,0,0
2,360,441.1,265.2,242.1,1.44,31.7,0,29.15,0,0,0
2,361,440.4,266.5,243.0,1.47,31.2,6,29.94,0,0,0
2,362,439.6,267.7,243.7,1.44,31.8,0,29.23,0,0,0
2,363,438.9,268.9,244.1,1.41,32.3,0,28.46,0,0,0
2,364,438.1,270.1,244.3,1.38,32.5,0,27.64,0,0,0
2,365,437.4,271.2,244.8,1.41,31.5,6,28.28,0,0,0
2,366,436.5,272.4,245.5,1.44,30.7,6,28.99,0,0,0
2,367,435.7,273.6,246.4,1.47,30.3,6,29.79,0,0,0
2,368,434.8,274.8,247.5,1.50,30.1,6,30.68,0,0,0
2,369,433.9,276.0,248.4,1.47,31.0,0,30.05,0,0,0
2,370,433.0,277.1,249.1,1.44,31.6,0,29.34,0,0,0
2,371,432.1,278.2,249.5,1.42,32.1,0,28.57,0,0,0
2,372,431.3,279.3,249.7,1.39,32.3,0,27.75,0,0,0
2,373,430.4,280.4,249.7,1.36,32.3,0,26.89,0,0,0
2,374,429.6,281.5,250.0,1.39,31.0,6,77.47,0,0,0
2,375,428.7,282.6,250.4,1.42,30.0,6,28.12,0,0,0
2,376,427.7,283.7,251.1,1.45,29.4,6,28.84,0,0,0
2,377,426.7,284.8,252.0,1.48,29.0,6,29.65,0,0,0
2,378,425.6,285.8,253.1,1.52,28.9,6,30.56,0,0,0
2,379,424.5,286.9,254.5,1.55,29.0,6,31.58,0,0,0
2,380,423.4,288.0,256.2,1.58,29.5,6,32.73,0,0,0
2,381,422.2,289.1,257.6,1.60,29.7,1,33.75,0,0,0
2,382,420.9,290.2,258.7,1.63,29.6,1,34.63,0,0,0
2,383,419.7,291.2,259.6,1.66,29.3,1,35.40,0,0,0
2,384,418.3,292.3,260.2,1.69,28.8,1,36.05,0,0,0
2,385,417.0,293.3,260.6,1.71,28.1,1,36.59,0,0,0
2,386,415.6,294.3,260.9,1.74,27.2,1,37.00,0,0,0
2,387,414.1,295.4,261.3,1.77,26.6,6,37.52,0,0,0
2,388,412.7,296.4,261.9,1.79,26.3,6,38.17,0,0,0
2,389,411.2,297.4,262.7,1.82,26.1,6,38.96,0,0,0
2,390,409.6,298.4,263.7,1.84,26.2,6,39.89,0,0,0
2,391,408.0,299.3,265.0,1.87,26.6,6,40.98,0,0,0
2,392,406.4,300.3,266.6,1.89,27.2,6,42.25,0,0,0
2,393,404.7,301.3,267.9,1.92,27.6,1,43.31,0,0,0
2,394,403.0,302.2,268.9,1.94,27.6,1,44.20,0,0,0
2,395,401.3,303.1,269.7,1.96,27.5,1,44.91,0,0,0
2,396,399.5,304.0,270.3,1.98,27.2,1,45.46,0,0,0
2,397,397.7,304.9,271.0,2.00,27.1,6,46.17,0,0,0
2,398,395.9,305.7,272.0,2.03,27.2,6,47.05,0,0,0
2,399,394.0,306.6,273.3,2.05,27.5,6,48.11,0,0,0
2,400,392.2,307.4,274.3,2.01,28.5,0,47.33,0,0,0
2,401,390.4,308.2,275.1,1.97,29.3,0,46.38,0,0,0
2,402,388.6,309.0,275.6,1.93,29.9,0,45.29,0,0,0
2,403,386.9,309.8,276.0,1.89,30.3,0,44.08,0,0,0
2,404,385.2,310.5,276.2,1.85,30.5,0,42.79,0,0,0
2,405,383.6,311.3,276.2,1.81,30.5,0,41.42,0,0,0
2,406,382.0,312.0,276.2,1.78,30.5,0,40.10,0,0,0
2,407,380.3,312.7,276.4,1.80,29.6,6,40.45,0,0,0
2,408,378.6,313.4,276.8,1.82,28.9,6,40.91,0,0,0
2,409,376.9,314.1,277.4,1.85,28.5,6,41.50,0,0,0
2,410,375.1,314.7,278.2,1.87,28.3,6,42.22,0,0,0
2,411,373.4,315.3,278.8,1.83,28.9,0,41.26,0,0,0
2,412,371.7,316.0,279.2,1.80,29.3,0,40.18,0,0,0
2,413,370.1,316.6,279.4,1.76,29.5,0,39.02,0,0,0
2,414,368.4,317.1,279.8,1.79,28.8,6,39.51,0,0,0
2,415,366.7,317.7,280.4,1.81,28.4,6,40.12,0,0,0
2,416,365.0,318.3,280.8,1.77,28.8,0,39.08,0,0,0
2,417,363.3,318.8,281.0,1.74,29.0,0,37.96,0,0,0
2,418,361.6,319.3,281.4,1.77,28.3,6,38.47,0,0,0
2,419,359.9,319.8,282.0,1.79,27.9,6,39.09,0,0,0
2,420,358.2,320.3,282.4,1.75,28.3,0,38.09,0,0,0
2,421,356.6,320.7,282.6,1.72,28.5,0,37.01,0,0,0
2,422,354.9,321.2,283.0,1.75,27.8,6,37.53,0,0,0
2,423,353.1,321.6,283.7,1.77,27.4,6,38.17,0,0,0
2,424,351.5,322.0,284.1,1.74,27.8,0,37.20,0,0,0
2,425,349.8,322.4,284.3,1.70,28.0,0,36.15,0,0,0
2,426,348.1,322.8,284.7,1.73,27.3,6,36.69,0,0,0
2,427,346.4,323.1,285.3,1.76,26.9,6,37.34,0,0,0
2,428,344.7,323.5,285.7,1.72,27.3,0,36.40,0,0,0
2,429,343.1,323.8,285.9,1.69,27.5,0,35.38,0,0,0
2,430,341.4,324.1,286.3,1.71,26.9,6,35.93,0,0,0
2,431,339.7,324.4,286.9,1.74,26.5,6,36.59,0,0,0
2,432,338.0,324.7,287.3,1.71,26.9,0,35.68,0,0,0
2,433,336.3,325.0,287.5,1.67,27.1,0,34.69,0,0,0
2,434,334.7,325.3,287.5,1.64,27.1,0,33.62,0,0,0
2,435,333.1,325.5,287.7,1.67,26.2,6,34.08,0,0,0
2,436,331.4,325.7,288.2,1.70,25.6,6,34.65,0,0,0
2,437,329.7,325.9,288.8,1.72,25.2,6,35.34,0,0,0
2,438,327.9,326.1,289.6,1.75,25.1,6,36.15,0,0,0
2,439,326.2,326.3,290.2,1.72,25.7,0,35.39,0,0,0
2,440,324.5,326.4,290.6,1.68,26.1,0,34.53,0,0,0
2,441,322.9,326.6,290.8,1.65,26.3,0,33.57,0,0,0
2,442,321.3,326.7,290.8,1.62,26.3,0,32.55,0,0,0
2,443,319.7,326.9,290.8,1.58,26.3,0,31.55,0,0,0
2,444,318.1,327.0,291.1,1.61,25.5,6,32.05,0,0,0
2,445,316.5,327.1,291.5,1.64,24.9,6,32.65,0,0,0
2,446,314.8,327.2,292.1,1.67,24.5,6,33.36,0,0,0
2,447,313.1,327.2,293.0,1.70,24.4,6,34.19,0,0,0
2,448,311.4,327.3,293.6,1.67,25.0,0,33.49,0,0,0
2,449,309.8,327.3,294.0,1.63,25.4,0,32.68,0,0,0
2,450,308.2,327.3,294.2,1.60,25.6,0,31.79,0,0,0
2,451,306.6,327.4,294.2,1.57,25.6,0,30.83,0,0,0
2,452,305.1,327.4,294.2,1.54,25.6,0,29.90,0,0,0
2,453,303.6,327.4,294.2,1.51,25.6,0,28.99,0,0,0
2,454,302.0,327.5,294.4,1.54,24.7,6,29.53,0,0,0
2,455,300.5,327.4,294.8,1.57,24.1,6,30.16,0,0,0
2,456,298.9,327.4,295.5,1.60,23.8,6,30.90,0,0,0
2,457,297.2,327.3,296.4,1.63,23.7,6,31.75,0,0,0
2,458,295.6,327.2,297.0,1.60,24.3,0,31.11,0,0,0
2,459,294.1,327.2,297.4,1.57,24.7,0,30.38,0,0,0
2,460,292.5,327.1,297.6,1.54,24.9,0,29.56,0,0,0
2,461,291.0,327.0,297.6,1.51,24.9,0,28.68,0,0,0
2,462,289.6,327.0,297.6,1.48,24.9,0,27.82,0,0,0
2,463,288.1,326.9,297.6,1.45,24.9,0,26.99,0,0,0
2,464,286.6,326.8,297.8,1.48,24.0,6,27.56,0,0,0
2,465,285.1,326.7,298.3,1.51,23.4,6,28.21,0,0,0
2,466,283.6,326.5,298.9,1.55,23.1,6,28.96,0,0,0
2,467,282.0,326.3,299.8,1.58,23.0,6,29.83,0,0,0
2,468,280.5,326.1,300.5,1.55,23.6,0,29.25,0,0,0
2,469,279.0,325.9,300.9,1.52,24.0,0,28.57,0,0,0
2,470,277.5,325.8,301.1,1.49,24.2,0,27.81,0,0,0
2,471,276.1,325.6,301.1,1.46,24.2,0,26.98,0,0,0
2,472,274.6,325.4,301.1,1.43,24.2,0,26.19,0,0,0
2,473,273.3,325.3,301.1,1.40,24.2,0,25.41,0,0,0
2,474,271.8,325.1,301.3,1.43,23.3,6,26.00,0,0,0
2,475,270.4,324.8,301.8,1.47,22.7,6,26.67,0,0,0
2,476,268.9,324.6,302.4,1.50,22.4,6,27.44,0,0,0
2,477,267.5,324.3,302.9,1.47,22.8,0,26.82,0,0,0
2,478,266.0,324.1,303.1,1.44,23.0,0,26.12,0,0,0
2,479,264.6,323.8,303.1,1.41,23.0,0,25.36,0,0,0
2,480,263.2,323.5,303.3,1.45,22.2,6,25.94,0,0,0
2,481,261.8,323.2,303.7,1.48,21.6,6,26.61,0,0,0
2,482,260.3,322.9,304.4,1.52,21.3,6,27.38,0,0,0
2,483,258.8,322.5,304.8,1.49,21.8,0,26.78,0,0,0
2,484,257.4,322.2,305.0,1.46,22.0,0,26.09,0,0,0
2,485,256.0,321.9,305.0,1.43,22.0,0,25.33,0,0,0
2,486,254.7,321.6,305.0,1.40,22.0,0,24.60,0,0,0
2,487,253.3,321.2,305.3,1.44,21.2,6,25.19,0,0,0
2,488,251.8,320.8,305.7,1.47,20.7,6,25.87,0,0,0
2,489,250.4,320.4,306.4,1.51,20.4,6,26.64,0,0,0
2,490,249.0,320.0,306.8,1.48,20.8,0,26.07,0,0,0
2,491,247.6,319.6,307.0,1.45,21.0,0,25.41,0,0,0
2,492,246.2,319.2,307.0,1.42,21.0,0,24.68,0,0,0
2,493,244.8,318.8,307.2,1.45,20.3,6,25.26,0,0,0
2,494,243.4,318.4,307.7,1.49,19.8,6,25.94,0,0,0
2,495,242.0,317.9,308.3,1.52,19.6,6,26.72,0,0,0
2,496,240.5,317.3,309.2,1.56,19.6,6,27.61,0,0,0
2,497,239.0,316.8,310.3,1.59,19.9,6,28.63,0,0,0
2,498,237.5,316.2,311.2,1.56,20.8,0,28.24,0,0,0
2,499,236.1,315.7,311.9,1.53,21.5,0,27.73,0,0,0
2,500,234.7,315.2,312.3,1.50,21.9,0,27.11,0,0,0
2,501,233.3,314.7,312.5,1.47,22.1,0,26.42,0,0,0
2,502,231.9,314.1,312.9,1.50,21.6,6,27.08,0,0,0
2,503,230.5,313.5,313.6,1.54,21.3,6,27.85,0,0,0
2,504,229.1,312.9,314.5,1.57,21.2,6,78.73,0,0,0
2,505,227.6,312.3,315.6,1.60,21.5,6,29.74,0,0,0
2,506,226.1,311.6,317.0,1.64,22.0,6,30.89,0,0,0
2,507,224.6,310.8,318.6,1.67,22.8,6,32.20,0,0,0
2,508,223.1,310.1,320.3,1.70,23.5,6,33.51,0,0,0
2,509,221.6,309.3,321.9,1.73,24.2,6,34.82,0,0,0
2,510,220.0,308.4,323.5,1.75,24.9,6,36.12,0,0,0
2,511,218.5,307.6,325.1,1.78,25.6,6,37.41,0,0,0
2,512,216.9,306.6,326.7,1.81,26.2,6,38.69,0,0,0
2,513,215.4,305.7,328.3,1.83,26.9,6,39.96,0,0,0
2,514,213.8,304.8,329.6,1.80,28.2,0,39.49,0,0,0
2,515,212.3,303.8,330.7,1.76,29.2,0,38.85,0,0,0
2,516,210.9,302.9,331.5,1.73,30.1,0,38.06,0,0,0
2,517,209.4,302.1,332.1,1.69,30.7,0,37.17,0,0,0
2,518,208.0,301.2,332.5,1.66,31.1,0,36.19,0,0,0
2,519,206.6,300.3,332.7,1.62,31.3,0,35.14,0,0,0
2,520,205.3,299.5,332.7,1.59,31.3,0,34.03,0,0,0
2,521,203.9,298.7,332.7,1.56,31.3,0,32.96,0,0,0
2,522,202.6,297.9,332.7,1.53,31.3,0,31.93,0,0,0
2,523,201.3,297.1,332.7,1.50,31.3,0,30.93,0,0,0
2,524,200.1,296.3,332.9,1.53,30.2,6,31.44,0,0,0
2,525,198.8,295.4,333.4,1.56,29.3,6,32.04,0,0,0
2,526,197.5,294.5,334.0,1.59,28.8,6,32.73,0,0,0
2,527,196.2,293.6,334.9,1.61,28.5,6,33.52,0,0,0
2,528,194.9,292.6,336.0,1.64,28.4,6,34.43,0,0,0
2,529,193.6,291.5,337.4,1.67,28.7,6,35.46,0,0,0
2,530,192.3,290.5,338.4,1.64,29.8,0,34.87,0,0,0
2,531,191.0,289.5,339.3,1.60,30.6,0,34.16,0,0,0
2,532,189.8,288.5,339.9,1.57,31.3,0,33.36,0,0,0
2,533,188.6,287.5,340.4,1.54,31.7,0,32.48,0,0,0
2,534,187.4,286.6,340.6,1.51,31.9,0,31.54,0,0,0
2,535,186.3,285.7,340.6,1.48,31.9,0,30.55,0,0,0
2,536,185.2,284.8,340.6,1.45,31.9,0,29.60,0,0,0
2,537,184.0,283.8,340.8,1.48,30.7,6,30.13,0,0,0
2,538,182.9,282.8,341.2,1.51,29.8,6,30.74,0,0,0
2,539,181.8,281.8,341.9,1.54,29.2,6,31.44,0,0,0
2,540,180.6,280.7,342.8,1.57,28.9,6,32.24,0,0,0
2,541,179.5,279.5,343.9,1.60,28.8,6,33.14,0,0,0
2,542,178.4,278.4,345.3,1.63,29.0,6,34.17,0,0,0
2,543,177.3,277.2,346.4,1.59,30.1,0,33.60,0,0,0
2,544,176.2,276.1,347.3,1.56,31.0,0,32.91,0,0,0
2,545,175.1,275.0,347.9,1.53,31.6,0,32.13,0,0,0
2,546,174.1,273.9,348.3,1.50,32.1,0,31.27,0,0,0
2,547,173.1,272.8,348.5,1.47,32.3,0,30.37,0,0,0
2,548,172.1,271.8,348.5,1.44,32.3,0,29.42,0,0,0
2,549,171.1,270.7,348.8,1.47,31.1,6,29.96,0,0,0
2,550,170.1,269.6,349.2,1.50,30.2,6,30.57,0,0,0
2,551,169.1,268.4,349.9,1.53,29.5,6,31.27,0,0,0
2,552,168.2,267.2,350.7,1.56,29.2,6,32.06,0,0,0
2,553,167.2,265.9,351.9,1.59,29.1,6,32.96,0,0,0
2,554,166.3,264.6,353.3,1.62,29.3,6,33.99,0,0,0
2,555,165.3,263.3,354.9,1.64,29.8,6,35.14,0,0,0
2,556,164.4,261.9,356.6,1.67,30.3,6,36.29,0,0,0
2,557,163.5,260.5,357.9,1.64,31.6,0,35.77,0,0,0
2,558,162.6,259.2,359.0,1.61,32.7,0,35.10,0,0,0
2,559,161.7,257.9,359.9,1.57,33.6,0,34.33,0,0,0
2,560,160.9,256.6,360.5,1.54,34.2,0,33.47,0,0,0
2,561,160.0,255.3,361.0,1.51,34.7,0,32.56,0,0,0
2,562,159.2,254.1,361.2,1.48,34.9,0,31.59,0,0,0
2,563,158.4,252.9,361.2,1.45,34.9,0,30.59,0,0,0
2,564,157.6,251.6,361.4,1.48,33.6,6,31.10,0,0,0
2,565,156.8,250.3,361.8,1.51,32.6,6,31.69,0,0,0
2,566,156.1,249.0,362.5,1.54,31.8,6,32.35,0,0,0
2,567,155.3,247.6,363.4,1.56,31.4,6,33.12,0,0,0
2,568,154.6,246.2,364.5,1.59,31.2,6,33.98,0,0,0
2,569,153.9,244.7,365.9,1.62,31.4,6,34.96,0,0,0
2,570,153.3,243.2,367.5,1.64,31.8,6,36.07,0,0,0
2,571,152.6,241.8,368.9,1.61,33.1,0,35.50,0,0,0
2,572,152.0,240.3,370.0,1.58,34.2,0,34.80,0,0,0
2,573,151.3,238.9,370.9,1.55,35.1,0,34.01,0,0,0
2,574,150.7,237.5,371.5,1.52,35.8,0,33.14,0,0,0
2,575,150.1,236.2,372.0,1.49,36.2,0,32.22,0,0,0
2,576,149.5,234.9,372.2,1.46,36.4,0,31.25,0,0,0
2,577,148.9,233.5,372.6,1.48,35.3,6,31.82,0,0,0
2,578,148.4,232.1,373.3,1.51,34.4,6,32.46,0,0,0
2,579,147.9,230.6,374.2,1.54,33.9,6,33.19,0,0,0
2,580,147.4,229.1,375.3,1.56,33.6,6,34.01,0,0,0
2,581,146.9,227.6,376.7,1.59,33.6,6,34.95,0,0,0
2,582,146.4,226.1,377.8,1.56,34.8,0,34.25,0,0,0
2,583,146.0,224.7,378.7,1.53,35.6,0,33.46,0,0,0
2,584,145.6,223.2,379.3,1.50,36.3,0,32.60,0,0,0
2,585,145.1,221.8,379.8,1.47,36.7,0,31.68,0,0,0
2,586,144.7,220.5,380.0,1.44,36.9,0,30.73,0,0,0
2,587,144.3,219.0,380.4,1.46,35.8,6,31.30,0,0,0
2,588,144.0,217.6,381.1,1.49,34.9,6,31.95,0,0,0
2,589,143.6,216.1,382.0,1.52,34.3,6,32.68,0,0,0
2,590,143.4,214.6,383.1,1.54,34.0,6,783.50,1,0,0
3,1,150.0,200.0,0.0,0.00,0.0,0,50.00,0,0,0
3,2,150.0,199.9,0.0,0.07,0.0,6,0.62,0,0,0
3,3,150.0,199.8,0.0,0.14,0.0,6,1.33,0,0,0
3,4,150.0,199.6,0.0,0.20,0.0,6,2.02,0,0,0
3,5,150.0,199.3,0.0,0.27,0.0,6,2.70,0,0,0
3,6,150.0,199.0,0.0,0.33,0.0,6,3.36,0,0,0
3,7,150.0,198.6,0.0,0.39,0.0,6,4.01,0,0,0
3,8,150.0,198.2,0.0,0.45,0.0,6,4.65,0,0,0
3,9,150.0,197.6,0.0,0.51,0.0,6,5.27,0,0,0
3,10,150.0,197.1,2.4,0.57,2.4,6,5.88,0,0,0
3,11,150.0,196.4,4.7,0.63,4.5,6,6.47,0,0,0
3,12,150.0,195.8,7.0,0.68,6.3,6,7.03,0,0,0
3,13,150.0,195.0,9.3,0.74,8.0,6,7.58,0,0,0
3,14,150.1,194.2,11.5,0.79,9.5,6,8.41,0,0,0
3,15,150.1,193.4,13.6,0.84,10.9,6,9.00,0,0,0
3,16,150.2,192.5,15.7,0.89,12.2,6,9.59,0,0,0
3,17,150.2,191.6,17.8,0.94,13.4,6,10.16,0,0,0
3,18,150.3,190.6,19.9,0.99,14.5,6,10.73,0,0,0
3,19,150.4,189.5,21.9,1.04,15.6,6,12.15,0,0,0
3,20,150.6,188.5,23.9,1.08,16.6,6,12.83,0,0,0
3,21,150.7,187.4,25.8,1.13,17.5,6,13.51,0,0,0
3,22,150.9,186.2,27.7,1.17,18.4,6,14.19,0,0,0
3,23,151.1,185.0,29.6,1.21,19.3,6,14.86,0,0,0
3,24,151.4,183.8,31.5,1.25,20.1,6,15.53,0,0,0
3,25,151.7,182.5,33.4,1.29,20.9,6,17.99,0,0,0
3,26,152.0,181.2,35.2,1.33,21.7,6,18.83,0,0,0
3,27,152.3,179.9,37.0,1.37,22.5,6,19.67,0,0,0
3,28,152.7,178.5,38.8,1.40,23.2,6,20.50,0,0,0
3,29,153.1,177.2,40.5,1.44,23.9,6,21.34,0,0,0
3,30,153.5,175.8,42.0,1.41,25.3,0,21.02,0,0,0
3,31,153.9,174.5,43.2,1.38,26.5,0,23.20,0,0,0
3,32,154.3,173.2,44.1,1.36,27.4,0,22.75,0,0,0
3,33,154.7,171.9,44.8,1.33,28.1,0,22.25,0,0,0
3,34,155.1,170.7,45.2,1.30,28.6,0,21.70,0,0,0
3,35,155.4,169.4,45.5,1.28,28.8,0,21.12,0,0,0
3,36,155.8,168.2,45.5,1.25,28.8,0,20.51,0,0,0
3,37,156.1,167.1,45.5,1.22,28.8,0,22.09,0,0,0
3,38,156.5,165.9,45.5,1.20,28.8,0,21.43,0,0,0
3,39,156.8,164.8,45.5,1.18,28.8,0,20.80,0,0,0
3,40,157.1,163.7,45.5,1.15,28.8,0,20.18,0,0,0
3,41,157.5,162.6,45.7,1.19,27.4,6,20.85,0,0,0
3,42,157.9,161.4,46.2,1.23,26.4,6,21.58,0,0,0
3,43,158.4,160.2,46.9,1.27,25.8,6,22.36,0,0,0
3,44,158.9,159.0,47.8,1.30,25.4,6,23.22,0,0,0
3,45,159.4,157.8,49.1,1.34,25.4,6,24.17,0,0,0
3,46,159.9,156.6,50.0,1.31,26.3,0,23.74,0,0,0
3,47,160.5,155.4,50.7,1.29,27.0,0,23.24,0,0,0
3,48,161.0,154.3,51.1,1.26,27.5,0,22.68,0,0,0
3,49,161.5,153.1,51.4,1.23,27.7,0,22.07,0,0,0
3,50,162.0,152.0,51.4,1.21,27.7,0,21.41,0,0,0
3,51,162.4,150.9,51.4,1.19,27.7,0,20.78,0,0,0
3,52,162.9,149.8,51.6,1.22,26.4,6,21.45,0,0,0
3,53,163.5,148.7,52.1,1.26,25.5,6,22.16,0,0,0
3,54,164.1,147.6,52.8,1.30,24.9,6,22.95,0,0,0
3,55,164.8,146.4,53.7,1.33,24.6,6,23.81,0,0,0
3,56,165.4,145.3,54.4,1.31,25.3,0,23.33,0,0,0
3,57,166.0,144.1,54.9,1.28,25.8,0,22.78,0,0,0
3,58,166.6,143.0,55.1,1.26,26.0,0,22.17,0,0,0
3,59,167.3,141.9,55.6,1.29,25.1,6,22.89,0,0,0
3,60,168.0,140.8,56.3,1.33,24.6,6,23.67,0,0,0
3,61,168.7,139.7,56.7,1.30,25.0,0,23.12,0,0,0
3,62,169.3,138.6,57.0,1.28,25.3,0,22.51,0,0,0
3,63,170.1,137.5,57.4,1.31,24.4,6,23.21,0,0,0
3,64,170.8,136.4,58.1,1.35,23.9,6,23.99,0,0,0
3,65,171.6,135.3,58.6,1.32,24.4,0,23.44,0,0,0
3,66,172.3,134.2,58.8,1.30,24.6,0,22.83,0,0,0
3,67,173.1,133.1,59.3,1.33,23.8,6,23.53,0,0,0
3,68,173.9,132.0,60.0,1.37,23.4,6,24.31,0,0,0
3,69,174.7,131.0,60.4,1.34,23.8,0,23.76,0,0,0
3,70,175.5,129.9,60.6,1.32,24.0,0,23.14,0,0,0
3,71,176.2,128.9,60.6,1.29,24.0,0,22.47,0,0,0
3,72,177.0,127.8,60.9,1.33,23.1,6,23.10,0,0,0
3,73,177.9,126.8,61.3,1.36,22.4,6,23.79,0,0,0
3,74,178.8,125.7,62.0,1.40,22.0,6,24.58,0,0,0
3,75,179.7,124.6,62.9,1.44,21.9,6,25.46,0,0,0
3,76,180.7,123.5,63.6,1.41,22.6,0,24.98,0,0,0
3,77,181.6,122.5,64.0,1.38,23.0,0,24.42,0,0,0
3,78,182.5,121.5,64.3,1.35,23.2,0,23.78,0,0,0
3,79,183.3,120.5,64.3,1.32,23.2,0,23.09,0,0,0
3,80,184.2,119.5,64.5,1.36,22.3,6,73.71,0,0,0
3,81,185.2,118.5,64.9,1.40,21.7,6,24.41,0,0,0
3,82,186.2,117.4,65.6,1.43,21.4,6,25.19,0,0,0
3,83,187.2,116.4,66.5,1.47,21.3,6,26.07,0,0,0
3,84,188.3,115.4,67.7,1.50,21.5,6,27.07,0,0,0
3,85,189.4,114.3,69.1,1.54,22.0,6,28.19,0,0,0
3,86,190.6,113.3,70.8,1.57,22.8,6,29.47,0,0,0
3,87,191.8,112.2,72.5,1.60,23.5,6,30.75,0,0,0
3,88,193.1,111.2,74.2,1.63,24.2,6,32.02,0,0,0
3,89,194.4,110.1,75.8,1.66,24.9,6,33.29,0,0,0
3,90,195.7,109.1,77.5,1.69,25.6,6,34.56,0,0,0
3,91,197.1,108.0,79.1,1.72,26.2,6,35.82,0,0,0
3,92,198.5,107.0,80.7,1.75,26.8,6,37.07,0,0,0
3,93,199.9,106.0,82.3,1.77,27.4,6,38.31,0,0,0
3,94,201.4,105.0,83.9,1.80,28.0,6,39.54,0,0,0
3,95,203.0,104.0,85.5,1.83,28.6,6,40.76,0,0,0
3,96,204.5,103.0,87.1,1.85,29.1,6,41.97,0,0,0
3,97,206.1,102.0,88.6,1.87,29.7,6,43.16,0,0,0
3,98,207.8,101.1,90.2,1.90,30.2,6,44.34,0,0,0
3,99,209.4,100.1,91.4,1.86,31.5,0,43.69,0,0,0
3,100,210.9,99.2,92.5,1.82,32.5,0,42.87,0,0,0
3,101,212.5,98.3,93.3,1.78,33.3,0,41.93,0,0,0
3,102,214.0,97.5,93.9,1.75,34.0,0,40.87,0,0,0
3,103,215.5,96.6,94.3,1.71,34.4,0,39.74,0,0,0
3,104,216.9,95.8,94.5,1.68,34.6,0,38.55,0,0,0
3,105,218.4,94.9,94.5,1.65,34.6,0,37.30,0,0,0
3,106,219.8,94.1,94.5,1.61,34.6,0,36.10,0,0,0
3,107,221.1,93.3,94.5,1.58,34.6,0,34.95,0,0,0
3,108,222.5,92.6,94.5,1.55,34.6,0,33.83,0,0,0
3,109,223.8,91.8,94.5,1.52,34.6,0,32.75,0,0,0
3,110,225.1,91.1,94.5,1.49,34.6,0,31.71,0,0,0
3,111,226.3,90.3,94.5,1.46,34.6,0,30.70,0,0,0
3,112,227.6,89.6,94.7,1.49,33.3,6,31.22,0,0,0
3,113,229.0,88.9,95.2,1.51,32.3,6,31.80,0,0,0
3,114,230.4,88.3,95.8,1.54,31.6,6,32.47,0,0,0
3,115,231.8,87.6,96.7,1.57,31.2,6,33.23,0,0,0
3,116,233.3,87.0,97.8,1.60,31.0,6,34.10,0,0,0
3,117,234.7,86.4,98.7,1.57,31.9,0,33.38,0,0,0
3,118,236.1,85.8,99.3,1.53,32.5,0,32.58,0,0,0
3,119,237.5,85.2,99.8,1.50,32.9,0,31.70,0,0,0
3,120,238.9,84.6,100.0,1.47,33.2,0,30.78,0,0,0
3,121,240.2,84.0,100.0,1.44,33.2,0,29.81,0,0,0
3,122,241.5,83.5,100.0,1.41,33.2,0,28.88,0,0,0
3,123,242.8,82.9,100.0,1.39,33.2,0,27.98,0,0,0
3,124,244.1,82.4,100.2,1.42,31.9,6,28.54,0,0,0
3,125,245.4,81.9,100.7,1.45,30.9,6,29.17,0,0,0
3,126,246.8,81.4,101.3,1.48,30.2,6,29.87,0,0,0
3,127,248.3,81.0,102.2,1.51,29.8,6,30.67,0,0,0
3,128,249.7,80.5,102.9,1.48,30.4,0,29.96,0,0,0
3,129,251.1,80.1,103.3,1.45,30.9,0,29.19,0,0,0
3,130,252.4,79.7,103.5,1.42,31.1,0,28.35,0,0,0
3,131,253.7,79.2,103.5,1.39,31.1,0,27.48,0,0,0
3,132,255.0,78.8,103.5,1.36,31.1,0,26.63,0,0,0
3,133,256.4,78.4,103.8,1.39,29.8,6,27.22,0,0,0
3,134,257.8,78.1,104.2,1.43,28.9,6,27.87,0,0,0
3,135,259.2,77.7,104.9,1.46,28.3,6,28.60,0,0,0
3,136,260.6,77.4,105.8,1.49,27.9,6,29.42,0,0,0
3,137,262.1,77.1,106.4,1.46,28.6,0,28.77,0,0,0
3,138,263.5,76.8,106.9,1.43,29.0,0,28.05,0,0,0
3,139,264.8,76.5,107.1,1.40,29.3,0,27.26,0,0,0
3,140,266.2,76.2,107.1,1.37,29.3,0,26.43,0,0,0
3,141,267.5,75.9,107.1,1.35,29.3,0,25.63,0,0,0
3,142,268.8,75.7,107.1,1.32,29.3,0,24.85,0,0,0
3,143,270.1,75.4,107.3,1.35,28.1,6,25.46,0,0,0
3,144,271.5,75.2,107.8,1.39,27.2,6,26.14,0,0,0
3,145,272.9,75.0,108.5,1.42,26.6,6,26.89,0,0,0
3,146,274.3,74.8,108.9,1.39,27.0,0,26.24,0,0,0
3,147,275.6,74.6,109.1,1.37,27.3,0,25.52,0,0,0
3,148,276.9,74.4,109.1,1.34,27.3,0,24.76,0,0,0
3,149,278.3,74.2,109.3,1.37,26.2,6,25.37,0,0,0
3,150,279.7,74.1,109.8,1.41,25.4,6,26.05,0,0,0
3,151,281.1,74.0,110.5,1.44,24.9,6,26.81,0,0,0
3,152,282.6,73.9,110.9,1.41,25.3,0,26.17,0,0,0
3,153,283.9,73.8,111.1,1.38,25.6,0,25.47,0,0,0
3,154,285.3,73.7,111.1,1.36,25.6,0,24.72,0,0,0
3,155,286.7,73.6,111.4,1.39,24.6,6,25.32,0,0,0
3,156,288.1,73.5,111.8,1.43,23.9,6,26.00,0,0,0
3,157,289.6,73.5,112.5,1.46,23.5,6,26.77,0,0,0
3,158,291.0,73.5,112.9,1.43,23.9,0,26.15,0,0,0
3,159,292.4,73.5,113.1,1.40,24.1,0,25.46,0,0,0
3,160,293.8,73.4,113.1,1.37,24.1,0,24.72,0,0,0
3,161,295.2,73.4,113.4,1.41,23.2,6,25.31,0,0,0
3,162,296.6,73.5,113.8,1.45,22.6,6,25.99,0,0,0
3,163,298.1,73.5,114.5,1.48,22.2,6,26.76,0,0,0
3,164,299.6,73.6,114.9,1.45,22.7,0,26.16,0,0,0
3,165,301.0,73.7,115.1,1.42,22.9,0,25.48,0,0,0
3,166,302.4,73.7,115.1,1.39,22.9,0,24.74,0,0,0
3,167,303.7,73.8,115.1,1.37,22.9,0,24.02,0,0,0
3,168,305.1,73.8,115.3,1.40,22.0,6,24.63,0,0,0
3,169,306.6,73.9,115.8,1.44,21.4,6,25.31,0,0,0
3,170,308.0,74.1,116.5,1.47,21.1,6,26.09,0,0,0
3,171,309.5,74.2,116.9,1.44,21.6,0,25.52,0,0,0
3,172,310.9,74.4,117.1,1.41,21.8,0,24.86,0,0,0
3,173,312.2,74.5,117.1,1.39,21.8,0,24.15,0,0,0
3,174,313.6,74.6,117.1,1.36,21.8,0,23.45,0,0,0
3,175,315.0,74.8,117.3,1.39,21.0,6,24.06,0,0,0
3,176,316.4,74.9,117.8,1.43,20.4,6,24.75,0,0,0
3,177,317.9,75.2,118.5,1.47,20.2,6,25.53,0,0,0
3,178,319.3,75.4,118.9,1.44,20.6,0,24.98,0,0,0
3,179,320.7,75.6,119.1,1.41,20.8,0,24.35,0,0,0
3,180,322.0,75.8,119.1,1.38,20.8,0,23.66,0,0,0
3,181,323.4,76.0,119.1,1.35,20.8,0,22.98,0,0,0
3,182,324.8,76.2,119.3,1.39,20.0,6,23.59,0,0,0
3,183,326.2,76.4,119.8,1.43,19.5,6,24.28,0,0,0
3,184,327.6,76.7,120.5,1.46,19.3,6,25.07,0,0,0
3,185,329.0,77.0,120.9,1.43,19.7,0,24.54,0,0,0
3,186,330.4,77.3,121.1,1.41,20.0,0,23.93,0,0,0
3,187,331.7,77.5,121.1,1.38,20.0,0,23.25,0,0,0
3,188,333.1,77.8,121.1,1.35,20.0,0,22.60,0,0,0
3,189,334.4,78.1,121.3,1.39,19.2,6,23.20,0,0,0
3,190,335.8,78.4,121.8,1.42,18.8,6,23.90,0,0,0
3,191,337.2,78.8,122.5,1.46,18.6,6,24.69,0,0,0
3,192,338.6,79.1,122.9,1.43,19.0,0,24.18,0,0,0
3,193,340.0,79.4,123.1,1.40,19.2,0,23.58,0,0,0
3,194,341.3,79.8,123.1,1.38,19.2,0,22.92,0,0,0
3,195,342.6,80.1,123.1,1.35,19.2,0,22.28,0,0,0
3,196,344.0,80.5,123.3,1.39,18.5,6,22.89,0,0,0
3,197,345.3,80.8,123.8,1.42,18.1,6,23.58,0,0,0
3,198,346.7,81.2,124.0,1.40,18.3,0,23.01,0,0,0
3,199,348.0,81.6,124.4,1.43,17.9,6,23.70,0,0,0
3,200,349.4,82.0,124.7,1.40,18.1,0,23.13,0,0,0
3,201,350.8,82.5,125.1,1.44,17.7,6,23.82,0,0,0
3,202,352.2,82.9,125.8,1.48,17.6,6,24.61,0,0,0
3,203,353.5,83.4,126.2,1.45,18.0,0,24.12,0,0,0
3,204,354.9,83.9,126.9,1.48,17.9,6,24.91,0,0,0
3,205,356.4,84.4,127.8,1.52,18.0,6,25.81,0,0,0
3,206,357.8,84.9,128.4,1.49,18.6,0,25.39,0,0,0
3,207,359.1,85.4,128.9,1.46,19.0,0,24.87,0,0,0
3,208,360.5,85.9,129.1,1.43,19.3,0,24.26,0,0,0
3,209,361.9,86.4,129.5,1.47,18.8,6,24.94,0,0,0
3,210,363.3,86.9,130.2,1.50,18.6,6,25.72,0,0,0
3,211,364.7,87.5,131.1,1.54,18.7,6,26.62,0,0,0
3,212,366.1,88.1,132.2,1.57,19.0,6,27.65,0,0,0
3,213,367.6,88.7,133.1,1.54,19.9,0,27.30,0,0,0
3,214,368.9,89.3,133.7,1.51,20.6,0,26.82,0,0,0
3,215,370.3,89.9,134.2,1.48,21.0,0,76.23,0,0,0
3,216,371.7,90.5,134.8,1.51,20.7,6,27.01,0,0,0
3,217,373.1,91.2,135.7,1.55,20.7,6,27.89,0,0,0
3,218,374.5,91.9,136.9,1.58,21.0,6,28.90,0,0,0
3,219,376.0,92.6,138.2,1.61,21.5,6,30.06,0,0,0
3,220,377.4,93.4,139.9,1.65,22.3,6,31.37,0,0,0
3,221,378.9,94.2,141.6,1.68,23.0,6,32.69,0,0,0
3,222,380.4,95.0,143.2,1.71,23.8,6,34.00,0,0,0
3,223,381.9,95.9,144.8,1.74,24.5,6,35.30,0,0,0
3,224,383.4,96.8,146.4,1.76,25.2,6,36.59,0,0,0
3,225,384.9,97.8,148.0,1.79,25.8,6,37.88,0,0,0
3,226,386.4,98.7,149.3,1.75,27.2,0,37.48,0,0,0
3,227,387.8,99.6,150.4,1.72,28.2,0,36.89,0,0,0
3,228,389.3,100.5,151.2,1.69,29.1,0,36.17,0,0,0
3,229,390.7,101.4,151.9,1.65,29.7,0,35.34,0,0,0
3,230,392.0,102.2,152.3,1.62,30.1,0,34.42,0,0,0
3,231,393.4,103.1,152.5,1.59,30.3,0,33.44,0,0,0
3,232,394.7,103.9,152.5,1.55,30.3,0,32.39,0,0,0
3,233,396.0,104.7,152.5,1.52,30.3,0,31.38,0,0,0
3,234,397.2,105.5,152.5,1.49,30.3,0,30.41,0,0,0
3,235,398.5,106.3,152.5,1.46,30.3,0,29.47,0,0,0
3,236,399.7,107.1,152.5,1.43,30.3,0,28.56,0,0,0
3,237,400.9,107.8,152.5,1.41,30.3,0,27.68,0,0,0
3,238,402.1,108.6,152.7,1.44,29.1,6,28.25,0,0,0
3,239,403.3,109.5,153.2,1.47,28.3,6,28.89,0,0,0
3,240,404.5,110.3,153.8,1.50,27.7,6,29.61,0,0,0
3,241,405.7,111.3,154.7,1.53,27.4,6,30.44,0,0,0
3,242,406.9,112.2,155.8,1.56,27.4,6,31.37,0,0,0
3,243,408.2,113.2,157.2,1.59,27.6,6,32.42,0,0,0
3,244,409.4,114.2,158.4,1.56,28.8,0,31.90,0,0,0
3,245,410.5,115.2,159.2,1.53,29.6,0,31.27,0,0,0
3,246,411.7,116.2,159.9,1.50,30.3,0,30.55,0,0,0
3,247,412.8,117.1,160.3,1.47,30.7,0,29.76,0,0,0
3,248,413.9,118.0,160.5,1.44,30.9,0,28.92,0,0,0
3,249,415.0,118.9,160.5,1.41,30.9,0,28.02,0,0,0
3,250,416.1,119.8,160.5,1.38,30.9,0,27.16,0,0,0
3,251,417.1,120.7,160.8,1.41,29.7,6,27.73,0,0,0
3,252,418.2,121.7,161.2,1.44,28.8,6,28.38,0,0,0
3,253,419.3,122.7,161.9,1.48,28.2,6,29.11,0,0,0
3,254,420.4,123.8,162.8,1.51,27.9,6,29.93,0,0,0
3,255,421.4,124.9,163.9,1.54,27.8,6,30.85,0,0,0
3,256,422.5,126.1,165.3,1.57,28.1,6,31.89,0,0,0
3,257,423.5,127.2,167.0,1.60,28.6,6,33.07,0,0,0
3,258,424.6,128.4,168.4,1.57,30.0,0,32.63,0,0,0
3,259,425.6,129.6,169.5,1.53,31.1,0,32.06,0,0,0
3,260,426.6,130.7,170.4,1.50,32.0,0,31.39,0,0,0
3,261,427.6,131.8,171.1,1.47,32.6,0,30.63,0,0,0
3,262,428.5,132.9,171.5,1.44,33.1,0,29.81,0,0,0
3,263,429.5,133.9,171.7,1.42,33.3,0,28.95,0,0,0
3,264,430.4,135.0,171.7,1.39,33.3,0,28.04,0,0,0
3,265,431.3,136.1,171.9,1.42,32.0,6,28.60,0,0,0
3,266,432.2,137.2,172.4,1.45,31.0,6,29.23,0,0,0
3,267,433.1,138.4,173.0,1.48,30.3,6,29.93,0,0,0
3,268,434.0,139.6,173.9,1.51,29.9,6,30.73,0,0,0
3,269,434.9,140.9,175.1,1.54,29.7,6,31.62,0,0,0
3,270,435.7,142.2,176.5,1.57,29.9,6,32.63,0,0,0
3,271,436.6,143.5,178.2,1.60,30.4,6,33.77,0,0,0
3,272,437.4,144.8,179.5,1.56,31.7,0,33.27,0,0,0
3,273,438.2,146.1,180.7,1.53,32.9,0,32.65,0,0,0
3,274,439.0,147.4,181.6,1.50,33.8,0,31.93,0,0,0
3,275,439.8,148.6,182.2,1.47,34.4,0,31.14,0,0,0
3,276,440.6,149.9,182.7,1.44,34.8,0,30.29,0,0,0
3,277,441.3,151.1,182.9,1.41,35.1,0,29.39,0,0,0
3,278,442.1,152.2,182.9,1.39,35.1,0,28.46,0,0,0
3,279,442.8,153.5,183.1,1.41,33.7,6,29.01,0,0,0
3,280,443.5,154.7,183.5,1.44,32.6,6,29.63,0,0,0
3,281,444.2,156.0,184.2,1.47,31.9,6,30.32,0,0,0
3,282,444.8,157.4,185.1,1.50,31.4,6,31.10,0,0,0
3,283,445.5,158.8,186.3,1.53,31.2,6,31.97,0,0,0
3,284,446.1,160.2,187.7,1.56,31.3,6,32.95,0,0,0
3,285,446.7,161.7,189.3,1.59,31.7,6,34.05,0,0,0
3,286,447.3,163.1,190.7,1.56,33.1,0,33.52,0,0,0
3,287,447.9,164.5,191.9,1.52,34.2,0,32.86,0,0,0
3,288,448.5,165.9,192.7,1.49,35.1,0,32.12,0,0,0
3,289,449.0,167.2,193.4,1.46,35.7,0,31.30,0,0,0
3,290,449.6,168.6,193.8,1.43,36.2,0,30.43,0,0,0
3,291,450.1,169.9,194.1,1.41,36.4,0,29.52,0,0,0
3,292,450.6,171.2,194.5,1.43,35.2,6,80.11,0,0,0
3,293,451.1,172.6,195.2,1.46,34.3,6,30.78,0,0,0
3,294,451.5,174.0,196.1,1.49,33.8,6,31.52,0,0,0
3,295,452.0,175.5,197.2,1.52,33.5,6,32.36,0,0,0
3,296,452.4,177.0,198.6,1.54,33.5,6,33.30,0,0,0
3,297,452.7,178.5,200.3,1.57,33.8,6,34.35,0,0,0
3,298,453.1,180.0,202.0,1.60,34.1,6,35.39,0,0,0
3,299,453.4,181.6,203.4,1.57,35.5,0,34.77,0,0,0
3,300,453.7,183.1,204.5,1.53,36.6,0,34.04,0,0,0
3,301,454.0,184.5,205.4,1.50,37.5,0,33.22,0,0,0
3,302,454.3,186.0,206.1,1.47,38.1,0,32.34,0,0,0
3,303,454.6,187.4,206.5,1.44,38.6,0,31.42,0,0,0
3,304,454.9,188.8,206.7,1.42,38.8,0,30.46,0,0,0
3,305,455.2,190.1,206.7,1.39,38.8,0,29.48,0,0,0
3,306,455.5,191.5,206.7,1.36,38.8,0,28.53,0,0,0
3,307,455.8,192.8,206.7,1.33,38.8,0,27.62,0,0,0
3,308,456.0,194.1,206.9,1.36,37.2,6,28.17,0,0,0
3,309,456.2,195.5,207.4,1.39,36.0,6,28.78,0,0,0
3,310,456.4,196.9,208.1,1.42,35.0,6,29.45,0,0,0
3,311,456.5,198.3,209.0,1.44,34.4,6,30.20,0,0,0
3,312,456.6,199.8,210.2,1.47,34.0,6,31.04,0,0,0
3,313,456.7,201.2,211.1,1.44,34.9,0,30.33,0,0,0
3,314,456.8,202.6,211.7,1.41,35.6,0,29.57,0,0,0
3,315,456.9,204.0,212.2,1.39,36.0,0,28.75,0,0,0
3,316,457.0,205.4,212.4,1.36,36.3,0,27.89,0,0,0
3,317,457.1,206.8,212.8,1.39,35.0,6,28.51,0,0,0
3,318,457.1,208.2,213.5,1.42,34.1,6,29.20,0,0,0
3,319,457.0,209.6,214.4,1.44,33.5,6,29.96,0,0,0
3,320,457.0,211.0,215.1,1.42,34.2,0,29.22,0,0,0
3,321,457.0,212.4,215.6,1.39,34.6,0,28.42,0,0,0
3,322,456.9,213.8,216.2,1.42,33.7,6,29.11,0,0,0
3,323,456.8,215.3,217.1,1.45,33.1,6,29.88,0,0,0
3,324,456.7,216.7,217.8,1.42,33.8,0,29.14,0,0,0
3,325,456.6,218.1,218.3,1.39,34.2,0,28.36,0,0,0
3,326,456.5,219.5,218.9,1.42,33.4,6,29.05,0,0,0
3,327,456.4,220.9,219.4,1.39,33.8,0,28.27,0,0,0
3,328,456.2,222.3,220.1,1.42,32.9,6,28.96,0,0,0
3,329,456.0,223.7,221.0,1.45,32.4,6,29.74,0,0,0
3,330,455.8,225.1,221.6,1.42,33.0,0,29.02,0,0,0
3,331,455.6,226.5,222.1,1.39,33.5,0,28.24,0,0,0
3,332,455.3,227.9,222.8,1.42,32.6,6,28.94,0,0,0
3,333,455.0,229.3,223.7,1.45,32.1,6,29.72,0,0,0
3,334,454.7,230.7,224.3,1.42,32.8,0,29.00,0,0,0
3,335,454.4,232.1,224.8,1.39,33.2,0,28.23,0,0,0
3,336,454.1,233.5,225.5,1.42,32.4,6,28.93,0,0,0
3,337,453.8,234.9,226.4,1.45,31.8,6,29.71,0,0,0
3,338,453.4,236.3,227.0,1.43,32.5,0,29.00,0,0,0
3,339,453.1,237.6,227.5,1.40,32.9,0,28.23,0,0,0
3,340,452.7,239.0,228.2,1.43,32.1,6,28.93,0,0,0
3,341,452.2,240.4,229.1,1.46,31.6,6,29.71,0,0,0
3,342,451.8,241.7,229.7,1.43,32.3,0,29.00,0,0,0
3,343,451.4,243.1,230.2,1.40,32.7,0,28.24,0,0,0
3,344,450.9,244.4,230.9,1.43,31.9,6,28.94,0,0,0
3,345,450.4,245.8,231.8,1.46,31.4,6,29.73,0,0,0
3,346,449.9,247.1,232.4,1.43,32.1,0,29.02,0,0,0
3,347,449.4,248.4,232.9,1.40,32.5,0,28.25,0,0,0
3,348,448.9,249.8,233.6,1.43,31.7,6,28.96,0,0,0
3,349,448.3,251.1,234.5,1.46,31.2,6,29.75,0,0,0
3,350,447.7,252.4,235.1,1.43,31.9,0,29.04,0,0,0
3,351,447.1,253.8,236.1,1.46,31.4,6,29.83,0,0,0
3,352,446.5,255.1,236.7,1.43,32.0,0,29.12,0,0,0
3,353,445.9,256.3,237.2,1.40,32.5,0,28.35,0,0,0
3,354,445.3,257.6,237.8,1.44,31.7,6,29.05,0,0,0
3,355,444.6,258.9,238.7,1.47,31.2,6,29.84,0,0,0
3,356,444.0,260.2,239.4,1.44,31.8,0,29.13,0,0,0
3,357,443.3,261.4,239.9,1.41,32.3,0,28.36,0,0,0
3,358,442.6,262.7,240.5,1.44,31.5,6,29.07,0,0,0
3,359,441.9,264.0,241.4,1.47,31.0,6,29.86,0,0,0
3,360,441.1,265.2,242.1,1.44,31.7,0,29.15,0,0,0
3,361,440.4,266.5,243.0,1.47,31.2,6,29.94,0,0,0
3,362,439.6,267.7,243.7,1.44,31.8,0,29.23,0,0,0
3,363,438.9,268.9,244.1,1.41,32.3,0,28.46,0,0,0
3,364,438.1,270.1,244.3,1.38,32.5,0,27.64,0,0,0
3,365,437.4,271.2,244.8,1.41,31.5,6,28.28,0,0,0
3,366,436.5,272.4,245.5,1.44,30.7,6,28.99,0,0,0
3,367,435.7,273.6,246.4,1.47,30.3,6,29.79,0,0,0
3,368,434.8,274.8,247.5,1.50,30.1,6,30.68,0,0,0
3,369,433.9,276.0,248.4,1.47,31.0,0,30.05,0,0,0
3,370,433.0,277.1,249.1,1.44,31.6,0,29.34,0,0,0
3,371,432.1,278.2,249.5,1.42,32.1,0,28.57,0,0,0
3,372,431.3,279.3,249.7,1.39,32.3,0,27.75,0,0,0
3,373,430.4,280.4,249.7,1.36,32.3,0,26.89,0,0,0
3,374,429.6,281.5,250.0,1.39,31.0,6,77.47,0,0,0
3,375,428.7,282.6,250.4,1.42,30.0,6,28.12,0,0,0
3,376,427.7,283.7,251.1,1.45,29.4,6,28.84,0,0,0
3,377,426.7,284.8,252.0,1.48,29.0,6,29.65,0,0,0
3,378,425.6,285.8,253.1,1.52,28.9,6,30.56,0,0,0
3,379,424.5,286.9,254.5,1.55,29.0,6,31.58,0,0,0
3,380,423.4,288.0,256.2,1.58,29.5,6,32.73,0,0,0
3,381,422.2,289.1,257.6,1.60,29.7,1,33.75,0,0,0
3,382,420.9,290.2,258.7,1.63,29.6,1,34.63,0,0,0
3,383,419.7,291.2,259.6,1.66,29.3,1,35.40,0,0,0
3,384,418.3,292.3,260.2,1.69,28.8,1,36.05,0,0,0
3,385,417.0,293.3,260.6,1.71,28.1,1,36.59,0,0,0
3,386,415.6,294.3,260.9,1.74,27.2,1,37.00,0,0,0
3,387,414.1,295.4,261.3,1.77,26.6,6,37.52,0,0,0
3,388,412.7,296.4,261.9,1.79,26.3,6,38.17,0,0,0
3,389,411.2,297.4,262.7,1.82,26.1,6,38.96,0,0,0
3,390,409.6,298.4,263.7,1.84,26.2,6,39.89,0,0,0
3,391,408.0,299.3,265.0,1.87,26.6,6,40.98,0,0,0
3,392,406.4,300.3,266.6,1.89,27.2,6,42.25,0,0,0
3,393,404.7,301.3,267.9,1.92,27.6,1,43.31,0,0,0
3,394,403.0,302.2,268.9,1.94,27.6,1,44.20,0,0,0
3,395,401.3,303.1,269.7,1.96,27.5,1,44.91,0,0,0
3,396,399.5,304.0,270.3,1.98,27.2,1,45.46,0,0,0
3,397,397.7,304.9,271.0,2.00,27.1,6,46.17,0,0,0
3,398,395.9,305.7,272.0,2.03,27.2,6,47.05,0,0,0
3,399,394.0,306.6,273.3,2.05,27.5,6,48.11,0,0,0
3,400,392.2,307.4,274.3,2.01,28.5,0,47.33,0,0,0
3,401,390.4,308.2,275.1,1.97,29.3,0,46.38,0,0,0
3,402,388.6,309.0,275.6,1.93,29.9,0,45.29,0,0,0
3,403,386.9,309.8,276.0,1.89,30.3,0,44.08,0,0,0
3,404,385.2,310.5,276.2,1.85,30.5,0,42.79,0,0,0
3,405,383.6,311.3,276.2,1.81,30.5,0,41.42,0,0,0
3,406,382.0,312.0,276.2,1.78,30.5,0,40.10,0,0,0
3,407,380.3,312.7,276.4,1.80,29.6,6,40.45,0,0,0
3,408,378.6,313.4,276.8,1.82,28.9,6,40.91,0,0,0
3,409,376.9,314.1,277.4,1.85,28.5,6,41.50,0,0,0
3,410,375.1,314.7,278.2,1.87,28.3,6,42.22,0,0,0
3,411,373.4,315.3,278.8,1.83,28.9,0,41.26,0,0,0
3,412,371.7,316.0,279.2,1.80,29.3,0,40.18,0,0,0
3,413,370.1,316.6,279.4,1.76,29.5,0,39.02,0,0,0
3,414,368.4,317.1,279.8,1.79,28.8,6,39.51,0,0,0
3,415,366.7,317.7,280.4,1.81,28.4,6,40.12,0,0,0
3,416,365.0,318.3,280.8,1.77,28.8,0,39.08,0,0,0
3,417,363.3,318.8,281.0,1.74,29.0,0,37.96,0,0,0
3,418,361.6,319.3,281.4,1.77,28.3,6,38.47,0,0,0
3,419,359.9,319.8,282.0,1.79,27.9,6,39.09,0,0,0
3,420,358.2,320.3,282.4,1.75,28.3,0,38.09,0,0,0
3,421,356.6,320.7,282.6,1.72,28.5,0,37.01,0,0,0
3,422,354.9,321.2,283.0,1.75,27.8,6,37.53,0,0,0
3,423,353.1,321.6,283.7,1.77,27.4,6,38.17,0,0,0
3,424,351.5,322.0,284.1,1.74,27.8,0,37.20,0,0,0
3,425,349.8,322.4,284.3,1.70,28.0,0,36.15,0,0,0
3,426,348.1,322.8,284.7,1.73,27.3,6,36.69,0,0,0
3,427,346.4,323.1,285.3,1.76,26.9,6,37.34,0,0,0
3,428,344.7,323.5,285.7,1.72,27.3,0,36.40,0,0,0
3,429,343.1,323.8,285.9,1.69,27.5,0,35.38,0,0,0
3,430,341.4,324.1,286.3,1.71,26.9,6,35.93,0,0,0
3,431,339.7,324.4,286.9,1.74,26.5,6,36.59,0,0,0
3,432,338.0,324.7,287.3,1.71,26.9,0,35.68,0,0,0
3,433,336.3,325.0,287.5,1.67,27.1,0,34.69,0,0,0
3,434,334.7,325.3,287.5,1.64,27.1,0,33.62,0,0,0
3,435,333.1,325.5,287.7,1.67,26.2,6,34.08,0,0,0
3,436,331.4,325.7,288.2,1.70,25.6,6,34.65,0,0,0
3,437,329.7,325.9,288.8,1.72,25.2,6,35.34,0,0,0
3,438,327.9,326.1,289.6,1.75,25.1,6,36.15,0,0,0
3,439,326.2,326.3,290.2,1.72,25.7,0,35.39,0,0,0
3,440,324.5,326.4,290.6,1.68,26.1,0,34.53,0,0,0
3,441,322.9,326.6,290.8,1.65,26.3,0,33.57,0,0,0
3,442,321.3,326.7,290.8,1.62,26.3,0,32.55,0,0,0
3,443,319.7,326.9,290.8,1.58,26.3,0,31.55,0,0,0
3,444,318.1,327.0,291.1,1.61,25.5,6,32.05,0,0,0
3,445,316.5,327.1,291.5,1.64,24.9,6,32.65,0,0,0
3,446,314.8,327.2,292.1,1.67,24.5,6,33.36,0,0,0
3,447,313.1,327.2,293.0,1.70,24.4,6,34.19,0,0,0
3,448,311.4,327.3,293.6,1.67,25.0,0,33.49,0,0,0
3,449,309.8,327.3,294.0,1.63,25.4,0,32.68,0,0,0
3,450,308.2,327.3,294.2,1.60,25.6,0,31.79,0,0,0
3,451,306.6,327.4,294.2,1.57,25.6,0,30.83,0,0,0
3,452,305.1,327.4,294.2,1.54,25.6,0,29.90,0,0,0
3,453,303.6,327.4,294.2,1.51,25.6,0,28.99,0,0,0
3,454,302.0,327.5,294.4,1.54,24.7,6,29.53,0,0,0
3,455,300.5,327.4,294.8,1.57,24.1,6,30.16,0,0,0
3,456,298.9,327.4,295.5,1.60,23.8,6,30.90,0,0,0
3,457,297.2,327.3,296.4,1.63,23.7,6,31.75,0,0,0
3,458,295.6,327.2,297.0,1.60,24.3,0,31.11,0,0,0
3,459,294.1,327.2,297.4,1.57,24.7,0,30.38,0,0,0
3,460,292.5,327.1,297.6,1.54,24.9,0,29.56,0,0,0
3,461,291.0,327.0,297.6,1.51,24.9,0,28.68,0,0,0
3,462,289.6,327.0,297.6,1.48,24.9,0,27.82,0,0,0
3,463,288.1,326.9,297.6,1.45,24.9,0,26.99,0,0,0
3,464,286.6,326.8,297.8,1.48,24.0,6,27.56,0,0,0
3,465,285.1,326.7,298.3,1.51,23.4,6,28.21,0,0,0
3,466,283.6,326.5,298.9,1.55,23.1,6,28.96,0,0,0
3,467,282.0,326.3,299.8,1.58,23.0,6,29.83,0,0,0
3,468,280.5,326.1,300.5,1.55,23.6,0,29.25,0,0,0
3,469,279.0,325.9,300.9,1.52,24.0,0,28.57,0,0,0
3,470,277.5,325.8,301.1,1.49,24.2,0,27.81,0,0,0
3,471,276.1,325.6,301.1,1.46,24.2,0,26.98,0,0,0
3,472,274.6,325.4,301.1,1.43,24.2,0,26.19,0,0,0
3,473,273.3,325.3,301.1,1.40,24.2,0,25.41,0,0,0
3,474,271.8,325.1,301.3,1.43,23.3,6,26.00,0,0,0
3,475,270.4,324.8,301.8,1.47,22.7,6,26.67,0,0,0
3,476,268.9,324.6,302.4,1.50,22.4,6,27.44,0,0,0
3,477,267.5,324.3,302.9,1.47,22.8,0,26.82,0,0,0
3,478,266.0,324.1,303.1,1.44,23.0,0,26.12,0,0,0
3,479,264.6,323.8,303.1,1.41,23.0,0,25.36,0,0,0
3,480,263.2,323.5,303.3,1.45,22.2,6,25.94,0,0,0
3,481,261.8,323.2,303.7,1.48,21.6,6,26.61,0,0,0
3,482,260.3,322.9,304.4,1.52,21.3,6,27.38,0,0,0
3,483,258.8,322.5,304.8,1.49,21.8,0,26.78,0,0,0
3,484,257.4,322.2,305.0,1.46,22.0,0,26.09,0,0,0
3,485,256.0,321.9,305.0,1.43,22.0,0,25.33,0,0,0
3,486,254.7,321.6,305.0,1.40,22.0,0,24.60,0,0,0
3,487,253.3,321.2,305.3,1.44,21.2,6,25.19,0,0,0
3,488,251.8,320.8,305.7,1.47,20.7,6,25.87,0,0,0
3,489,250.4,320.4,306.4,1.51,20.4,6,26.64,0,0,0
3,490,249.0,320.0,306.8,1.48,20.8,0,26.07,0,0,0
3,491,247.6,319.6,307.0,1.45,21.0,0,25.41,0,0,0
3,492,246.2,319.2,307.0,1.42,21.0,0,24.68,0,0,0
3,493,244.8,318.8,307.2,1.45,20.3,6,25.26,0,0,0
3,494,243.4,318.4,307.7,1.49,19.8,6,25.94,0,0,0
3,495,242.0,317.9,308.3,1.52,19.6,6,26.72,0,0,0
3,496,240.5,317.3,309.2,1.56,19.6,6,27.61,0,0,0
3,497,239.0,316.8,310.3,1.59,19.9,6,28.63,0,0,0
3,498,237.5,316.2,311.2,1.56,20.8,0,28.24,0,0,0
3,499,236.1,315.7,311.9,1.53,21.5,0,27.73,0,0,0
3,500,234.7,315.2,312.3,1.50,21.9,0,27.11,0,0,0
3,501,233.3,314.7,312.5,1.47,22.1,0,26.42,0,0,0
3,502,231.9,314.1,312.9,1.50,21.6,6,27.08,0,0,0
3,503,230.5,313.5,313.6,1.54,21.3,6,27.85,0,0,0
3,504,229.1,312.9,314.5,1.57,21.2,6,78.73,0,0,0
3,505,227.6,312.3,315.6,1.60,21.5,6,29.74,0,0,0
3,506,226.1,311.6,317.0,1.64,22.0,6,30.89,0,0,0
3,507,224.6,310.8,318.6,1.67,22.8,6,32.20,0,0,0
3,508,223.1,310.1,320.3,1.70,23.5,6,33.51,0,0,0
3,509,221.6,309.3,321.9,1.73,24.2,6,34.82,0,0,0
3,510,220.0,308.4,323.5,1.75,24.9,6,36.12,0,0,0
3,511,218.5,307.6,325.1,1.78,25.6,6,37.41,0,0,0
3,512,216.9,306.6,326.7,1.81,26.2,6,38.69,0,0,0
3,513,215.4,305.7,328.3,1.83,26.9,6,39.96,0,0,0
3,514,213.8,304.8,329.6,1.80,28.2,0,39.49,0,0,0
3,515,212.3,303.8,330.7,1.76,29.2,0,38.85,0,0,0
3,516,210.9,302.9,331.5,1.73,30.1,0,38.06,0,0,0
3,517,209.4,302.1,332.1,1.69,30.7,0,37.17,0,0,0
3,518,208.0,301.2,332.5,1.66,31.1,0,36.19,0,0,0
3,519,206.6,300.3,332.7,1.62,31.3,0,35.14,0,0,0
3,520,205.3,299.5,332.7,1.59,31.3,0,34.03,0,0,0
3,521,203.9,298.7,332.7,1.56,31.3,0,32.96,0,0,0
3,522,202.6,297.9,332.7,1.53,31.3,0,31.93,0,0,0
3,523,201.3,297.1,332.7,1.50,31.3,0,30.93,0,0,0
3,524,200.1,296.3,332.9,1.53,30.2,6,31.44,0,0,0
3,525,198.8,295.4,333.4,1.56,29.3,6,32.04,0,0,0
3,526,197.5,294.5,334.0,1.59,28.8,6,32.73,0,0,0
3,527,196.2,293.6,334.9,1.61,28.5,6,33.52,0,0,0
3,528,194.9,292.6,336.0,1.64,28.4,6,34.43,0,0,0
3,529,193.6,291.5,337.4,1.67,28.7,6,35.46,0,0,0
3,530,192.3,290.5,338.4,1.64,29.8,0,34.87,0,0,0
3,531,191.0,289.5,339.3,1.60,30.6,0,34.16,0,0,0
3,532,189.8,288.5,339.9,1.57,31.3,0,33.36,0,0,0
3,533,188.6,287.5,340.4,1.54,31.7,0,32.48,0,0,0
3,534,187.4,286.6,340.6,1.51,31.9,0,31.54,0,0,0
3,535,186.3,285.7,340.6,1.48,31.9,0,30.55,0,0,0
3,536,185.2,284.8,340.6,1.45,31.9,0,29.60,0,0,0
3,537,184.0,283.8,340.8,1.48,30.7,6,30.13,0,0,0
3,538,182.9,282.8,341.2,1.51,29.8,6,30.74,0,0,0
3,539,181.8,281.8,341.9,1.54,29.2,6,31.44,0,0,0
3,540,180.6,280.7,342.8,1.57,28.9,6,32.24,0,0,0
3,541,179.5,279.5,343.9,1.60,28.8,6,33.14,0,0,0
3,542,178.4,278.4,345.3,1.63,29.0,6,34.17,0,0,0
3,543,177.3,277.2,346.4,1.59,30.1,0,33.60,0,0,0
3,544,176.2,276.1,347.3,1.56,31.0,0,32.91,0,0,0
3,545,175.1,275.0,347.9,1.53,31.6,0,32.13,0,0,0
3,546,174.1,273.9,348.3,1.50,32.1,0,31.27,0,0,0
3,547,173.1,272.8,348.5,1.47,32.3,0,30.37,0,0,0
3,548,172.1,271.8,348.5,1.44,32.3,0,29.42,0,0,0
3,549,171.1,270.7,348.8,1.47,31.1,6,29.96,0,0,0
3,550,170.1,269.6,349.2,1.50,30.2,6,30.57,0,0,0
3,551,169.1,268.4,349.9,1.53,29.5,6,31.27,0,0,0
3,552,168.2,267.2,350.7,1.56,29.2,6,32.06,0,0,0
3,553,167.2,265.9,351.9,1.59,29.1,6,32.96,0,0,0
3,554,166.3,264.6,353.3,1.62,29.3,6,33.99,0,0,0
3,555,165.3,263.3,354.9,1.64,29.8,6,35.14,0,0,0
3,556,164.4,261.9,356.6,1.67,30.3,6,36.29,0,0,0
3,557,163.5,260.5,357.9,1.64,31.6,0,35.77,0,0,0
3,558,162.6,259.2,359.0,1.61,32.7,0,35.10,0,0,0
3,559,161.7,257.9,359.9,1.57,33.6,0,34.33,0,0,0
3,560,160.9,256.6,360.5,1.54,34.2,0,33.47,0,0,0
3,561,160.0,255.3,361.0,1.51,34.7,0,32.56,0,0,0
3,562,159.2,254.1,361.2,1.48,34.9,0,31.59,0,0,0
3,563,158.4,252.9,361.2,1.45,34.9,0,30.59,0,0,0
3,564,157.6,251.6,361.4,1.48,33.6,6,31.10,0,0,0
3,565,156.8,250.3,361.8,1.51,32.6,6,31.69,0,0,0
3,566,156.1,249.0,362.5,1.54,31.8,6,32.35,0,0,0
3,567,155.3,247.6,363.4,1.56,31.4,6,33.12,0,0,0
3,568,154.6,246.2,364.5,1.59,31.2,6,33.98,0,0,0
3,569,153.9,244.7,365.9,1.62,31.4,6,34.96,0,0,0
3,570,153.3,243.2,367.5,1.64,31.8,6,36.07,0,0,0
3,571,152.6,241.8,368.9,1.61,33.1,0,35.50,0,0,0
3,572,152.0,240.3,370.0,1.58,34.2,0,34.80,0,0,0
3,573,151.3,238.9,370.9,1.55,35.1,0,34.01,0,0,0
3,574,150.7,237.5,371.5,1.52,35.8,0,33.14,0,0,0
3,575,150.1,236.2,372.0,1.49,36.2,0,32.22,0,0,0
3,576,149.5,234.9,372.2,1.46,36.4,0,31.25,0,0,0
3,577,148.9,233.5,372.6,1.48,35.3,6,31.82,0,0,0
3,578,148.4,232.1,373.3,1.51,34.4,6,32.46,0,0,0
3,579,147.9,230.6,374.2,1.54,33.9,6,33.19,0,0,0
3,580,147.4,229.1,375.3,1.56,33.6,6,34.01,0,0,0
3,581,146.9,227.6,376.7,1.59,33.6,6,34.95,0,0,0
3,582,146.4,226.1,377.8,1.56,34.8,0,34.25,0,0,0
3,583,146.0,224.7,378.7,1.53,35.6,0,33.46,0,0,0
3,584,145.6,223.2,379.3,1.50,36.3,0,32.60,0,0,0
3,585,145.1,221.8,379.8,1.47,36.7,0,31.68,0,0,0
3,586,144.7,220.5,380.0,1.44,36.9,0,30.73,0,0,0
3,587,144.3,219.0,380.4,1.46,35.8,6,31.30,0,0,0
3,588,144.0,217.6,381.1,1.49,34.9,6,31.95,0,0,0
3,589,143.6,216.1,382.0,1.52,34.3,6,32.68,0,0,0
3,590,143.4,214.6,383.1,1.54,34.0,6,783.50,1,0,0
4,1,150.0,200.0,0.0,0.00,0.0,0,50.00,0,0,0
4,2,150.0,199.9,0.0,0.07,0.0,6,0.62,0,0,0
4,3,150.0,199.8,0.0,0.14,0.0,6,1.33,0,0,0
4,4,150.0,199.6,0.0,0.20,0.0,6,2.02,0,0,0
4,5,150.0,199.3,0.0,0.27,0.0,6,2.70,0,0,0
4,6,150.0,199.0,0.0,0.33,0.0,6,3.36,0,0,0
4,7,150.0,198.6,0.0,0.39,0.0,6,4.01,0,0,0
4,8,150.0,198.2,0.0,0.45,0.0,6,4.65,0,0,0
4,9,150.0,197.6,0.0,0.51,0.0,6,5.27,0,0,0
4,10,150.0,197.1,2.4,0.57,2.4,6,5.88,0,0,0
4,11,150.0,196.4,4.7,0.63,4.5,6,6.47,0,0,0
4,12,150.0,195.8,7.0,0.68,6.3,6,7.03,0,0,0
4,13,150.0,195.0,9.3,0.74,8.0,6,7.58,0,0,0
4,14,150.1,194.2,11.5,0.79,9.5,6,8.41,0,0,0
4,15,150.1,193.4,13.6,0.84,10.9,6,9.00,0,0,0
4,16,150.2,192.5,15.7,0.89,12.2,6,9.59,0,0,0
4,17,150.2,191.6,17.8,0.94,13.4,6,10.16,0,0,0
4,18,150.3,190.6,19.9,0.99,14.5,6,10.73,0,0,0
4,19,150.4,189.5,21.9,1.04,15.6,6,12.15,0,0,0
4,20,150.6,188.5,23.9,1.08,16.6,6,12.83,0,0,0
4,21,150.7,187.4,25.8,1.13,17.5,6,13.51,0,0,0
4,22,150.9,186.2,27.7,1.17,18.4,6,14.19,0,0,0
4,23,151.1,185.0,29.6,1.21,19.3,6,14.86,0,0,0
4,24,151.4,183.8,31.5,1.25,20.1,6,15.53,0,0,0
4,25,151.7,182.5,33.4,1.29,20.9,6,17.99,0,0,0
4,26,152.0,181.2,35.2,1.33,21.7,6,18.83,0,0,0
4,27,152.3,179.9,37.0,1.37,22.5,6,19.67,0,0,0
4,28,152.7,178.5,38.8,1.40,23.2,6,20.50,0,0,0
4,29,153.1,177.2,40.5,1.44,23.9,6,21.34,0,0,0
4,30,153.5,175.8,42.0,1.41,25.3,0,21.02,0,0,0
4,31,153.9,174.5,43.2,1.38,26.5,0,23.20,0,0,0
4,32,154.3,173.2,44.1,1.36,27.4,0,22.75,0,0,0
4,33,154.7,171.9,44.8,1.33,28.1,0,22.25,0,0,0
4,34,155.1,170.7,45.2,1.30,28.6,0,21.70,0,0,0
4,35,155.4,169.4,45.5,1.28,28.8,0,21.12,0,0,0
4,36,155.8,168.2,45.5,1.25,28.8,0,20.51,0,0,0
4,37,156.1,167.1,45.5,1.22,28.8,0,22.09,0,0,0
4,38,156.5,165.9,45.5,1.20,28.8,0,21.43,0,0,0
4,39,156.8,164.8,45.5,1.18,28.8,0,20.80,0,0,0
4,40,157.1,163.7,45.5,1.15,28.8,0,20.18,0,0,0
4,41,157.5,162.6,45.7,1.19,27.4,6,20.85,0,0,0
4,42,157.9,161.4,46.2,1.23,26.4,6,21.58,0,0,0
4,43,158.4,160.2,46.9,1.27,25.8,6,22.36,0,0,0
4,44,158.9,159.0,47.8,1.30,25.4,6,23.22,0,0,0
4,45,159.4,157.8,49.1,1.34,25.4,6,24.17,0,0,0
4,46,159.9,156.6,50.0,1.31,26.3,0,23.74,0,0,0
4,47,160.5,155.4,50.7,1.29,27.0,0,23.24,0,0,0
4,48,161.0,154.3,51.1,1.26,27.5,0,22.68,0,0,0
4,49,161.5,153.1,51.4,1.23,27.7,0,22.07,0,0,0
4,50,162.0,152.0,51.4,1.21,27.7,0,21.41,0,0,0
4,51,162.4,150.9,51.4,1.19,27.7,0,20.78,0,0,0
4,52,162.9,149.8,51.6,1.22,26.4,6,21.45,0,0,0
4,53,163.5,148.7,52.1,1.26,25.5,6,22.16,0,0,0
4,54,164.1,147.6,52.8,1.30,24.9,6,22.95,0,0,0
4,55,164.8,146.4,53.7,1.33,24.6,6,23.81,0,0,0
4,56,165.4,145.3,54.4,1.31,25.3,0,23.33,0,0,0
4,57,166.0,144.1,54.9,1.28,25.8,0,22.78,0,0,0
4,58,166.6,143.0,55.1,1.26,26.0,0,22.17,0,0,0
4,59,167.3,141.9,55.6,1.29,25.1,6,22.89,0,0,0
4,60,168.0,140.8,56.3,1.33,24.6,6,23.67,0,0,0
4,61,168.7,139.7,56.7,1.30,25.0,0,23.12,0,0,0
4,62,169.3,138.6,57.0,1.28,25.3,0,22.51,0,0,0
4,63,170.1,137.5,57.4,1.31,24.4,6,23.21,0,0,0
4,64,170.8,136.4,58.1,1.35,23.9,6,23.99,0,0,0
4,65,171.6,135.3,58.6,1.32,24.4,0,23.44,0,0,0
4,66,172.3,134.2,58.8,1.30,24.6,0,22.83,0,0,0
4,67,173.1,133.1,59.3,1.33,23.8,6,23.53,0,0,0
4,68,173.9,132.0,60.0,1.37,23.4,6,24.31,0,0,0
4,69,174.7,131.0,60.4,1.34,23.8,0,23.76,0,0,0
4,70,175.5,129.9,60.6,1.32,24.0,0,23.14,0,0,0
4,71,176.2,128.9,60.6,1.29,24.0,0,22.47,0,0,0
4,72,177.0,127.8,60.9,1.33,23.1,6,23.10,0,0,0
4,73,177.9,126.8,61.3,1.36,22.4,6,23.79,0,0,0
4,74,178.8,125.7,62.0,1.40,22.0,6,24.58,0,0,0
4,75,179.7,124.6,62.9,1.44,21.9,6,25.46,0,0,0
4,76,180.7,123.5,63.6,1.41,22.6,0,24.98,0,0,0
4,77,181.6,122.5,64.0,1.38,23.0,0,24.42,0,0,0
4,78,182.5,121.5,64.3,1.35,23.2,0,23.78,0,0,0
4,79,183.3,120.5,64.3,1.32,23.2,0,23.09,0,0,0
4,80,184.2,119.5,64.5,1.36,22.3,6,73.71,0,0,0
4,81,185.2,118.5,64.9,1.40,21.7,6,24.41,0,0,0
4,82,186.2,117.4,65.6,1.43,21.4,6,25.19,0,0,0
4,83,187.2,116.4,66.5,1.47,21.3,6,26.07,0,0,0
4,84,188.3,115.4,67.7,1.50,21.5,6,27.07,0,0,0
4,85,189.4,114.3,69.1,1.54,22.0,6,28.19,0,0,0
4,86,190.6,113.3,70.8,1.57,22.8,6,29.47,0,0,0
4,87,191.8,112.2,72.5,1.60,23.5,6,30.75,0,0,0
4,88,193.1,111.2,74.2,1.63,24.2,6,32.02,0,0,0
4,89,194.4,110.1,75.8,1.66,24.9,6,33.29,0,0,0
4,90,195.7,109.1,77.5,1.69,25.6,6,34.56,0,0,0
4,91,197.1,108.0,79.1,1.72,26.2,6,35.82,0,0,0
4,92,198.5,107.0,80.7,1.75,26.8,6,37.07,0,0,0
4,93,199.9,106.0,82.3,1.77,27.4,6,38.31,0,0,0
4,94,201.4,105.0,83.9,1.80,28.0,6,39.54,0,0,0
4,95,203.0,104.0,85.5,1.83,28.6,6,40.76,0,0,0
4,96,204.5,103.0,87.1,1.85,29.1,6,41.97,0,0,0
4,97,206.1,102.0,88.6,1.87,29.7,6,43.16,0,0,0
4,98,207.8,101.1,90.2,1.90,30.2,6,44.34,0,0,0
4,99,209.4,100.1,91.4,1.86,31.5,0,43.69,0,0,0
4,100,210.9,99.2,92.5,1.82,32.5,0,42.87,0,0,0
4,101,212.5,98.3,93.3,1.78,33.3,0,41.93,0,0,0
4,102,214.0,97.5,93.9,1.75,34.0,0,40.87,0,0,0
4,103,215.5,96.6,94.3,1.71,34.4,0,39.74,0,0,0
4,104,216.9,95.8,94.5,1.68,34.6,0,38.55,0,0,0
4,105,218.4,94.9,94.5,1.65,34.6,0,37.30,0,0,0
4,106,219.8,94.1,94.5,1.61,34.6,0,36.10,0,0,0
4,107,221.1,93.3,94.5,1.58,34.6,0,34.95,0,0,0
4,108,222.5,92.6,94.5,1.55,34.6,0,33.83,0,0,0
4,109,223.8,91.8,94.5,1.52,34.6,0,32.75,0,0,0
4,110,225.1,91.1,94.5,1.49,34.6,0,31.71,0,0,0
4,111,226.3,90.3,94.5,1.46,34.6,0,30.70,0,0,0
4,112,227.6,89.6,94.7,1.49,33.3,6,31.22,0,0,0
4,113,229.0,88.9,95.2,1.51,32.3,6,31.80,0,0,0
4,114,230.4,88.3,95.8,1.54,31.6,6,32.47,0,0,0
4,115,231.8,87.6,96.7,1.57,31.2,6,33.23,0,0,0
4,116,233.3,87.0,97.8,1.60,31.0,6,34.10,0,0,0
4,117,234.7,86.4,98.7,1.57,31.9,0,33.38,0,0,0
4,118,236.1,85.8,99.3,1.53,32.5,0,32.58,0,0,0
4,119,237.5,85.2,99.8,1.50,32.9,0,31.70,0,0,0
4,120,238.9,84.6,100.0,1.47,33.2,0,30.78,0,0,0
4,121,240.2,84.0,100.0,1.44,33.2,0,29.81,0,0,0
4,122,241.5,83.5,100.0,1.41,33.2,0,28.88,0,0,0
4,123,242.8,82.9,100.0,1.39,33.2,0,27.98,0,0,0
4,124,244.1,82.4,100.2,1.42,31.9,6,28.54,0,0,0
4,125,245.4,81.9,100.7,1.45,30.9,6,29.17,0,0,0
4,126,246.8,81.4,101.3,1.48,30.2,6,29.87,0,0,0
4,127,248.3,81.0,102.2,1.51,29.8,6,30.67,0,0,0
4,128,249.7,80.5,102.9,1.48,30.4,0,29.96,0,0,0
4,129,251.1,80.1,103.3,1.45,30.9,0,29.19,0,0,0
4,130,252.4,79.7,103.5,1.42,31.1,0,28.35,0,0,0
4,131,253.7,79.2,103.5,1.39,31.1,0,27.48,0,0,0
4,132,255.0,78.8,103.5,1.36,31.1,0,26.63,0,0,0
4,133,256.4,78.4,103.8,1.39,29.8,6,27.22,0,0,0
4,134,257.8,78.1,104.2,1.43,28.9,6,27.87,0,0,0
4,135,259.2,77.7,104.9,1.46,28.3,6,28.60,0,0,0
4,136,260.6,77.4,105.8,1.49,27.9,6,29.42,0,0,0
4,137,262.1,77.1,106.4,1.46,28.6,0,28.77,0,0,0
4,138,263.5,76.8,106.9,1.43,29.0,0,28.05,0,0,0
4,139,264.8,76.5,107.1,1.40,29.3,0,27.26,0,0,0
4,140,266.2,76.2,107.1,1.37,29.3,0,26.43,0,0,0
4,141,267.5,75.9,107.1,1.35,29.3,0,25.63,0,0,0
4,142,268.8,75.7,107.1,1.32,29.3,0,24.85,0,0,0
4,143,270.1,75.4,107.3,1.35,28.1,6,25.46,0,0,0
4,144,271.5,75.2,107.8,1.39,27.2,6,26.14,0,0,0
4,145,272.9,75.0,108.5,1.42,26.6,6,26.89,0,0,0
4,146,274.3,74.8,108.9,1.39,27.0,0,26.24,0,0,0
4,147,275.6,74.6,109.1,1.37,27.3,0,25.52,0,0,0
4,148,276.9,74.4,109.1,1.34,27.3,0,24.76,0,0,0
4,149,278.3,74.2,109.3,1.37,26.2,6,25.37,0,0,0
4,150,279.7,74.1,109.8,1.41,25.4,6,26.05,0,0,0
4,151,281.1,74.0,110.5,1.44,24.9,6,26.81,0,0,0
4,152,282.6,73.9,110.9,1.41,25.3,0,26.17,0,0,0
4,153,283.9,73.8,111.1,1.38,25.6,0,25.47,0,0,0
4,154,285.3,73.7,111.1,1.36,25.6,0,24.72,0,0,0
4,155,286.7,73.6,111.4,1.39,24.6,6,25.32,0,0,0
4,156,288.1,73.5,111.8,1.43,23.9,6,26.00,0,0,0
4,157,289.6,73.5,112.5,1.46,23.5,6,26.77,0,0,0
4,158,291.0,73.5,112.9,1.43,23.9,0,26.15,0,0,0
4,159,292.4,73.5,113.1,1.40,24.1,0,25.46,0,0,0
4,160,293.8,73.4,113.1,1.37,24.1,0,24.72,0,0,0
4,161,295.2,73.4,113.4,1.41,23.2,6,25.31,0,0,0
4,162,296.6,73.5,113.8,1.45,22.6,6,25.99,0,0,0
4,163,298.1,73.5,114.5,1.48,22.2,6,26.76,0,0,0
4,164,299.6,73.6,114.9,1.45,22.7,0,26.16,0,0,0
4,165,301.0,73.7,115.1,1.42,22.9,0,25.48,0,0,0
4,166,302.4,73.7,115.1,1.39,22.9,0,24.74,0,0,0
4,167,303.7,73.8,115.1,1.37,22.9,0,24.02,0,0,0
4,168,305.1,73.8,115.3,1.40,22.0,6,24.63,0,0,0
4,169,306.6,73.9,115.8,1.44,21.4,6,25.31,0,0,0
4,170,308.0,74.1,116.5,1.47,21.1,6,26.09,0,0,0
4,171,309.5,74.2,116.9,1.44,21.6,0,25.52,0,0,0
4,172,310.9,74.4,117.1,1.41,21.8,0,24.86,0,0,0
4,173,312.2,74.5,117.1,1.39,21.8,0,24.15,0,0,0
4,174,313.6,74.6,117.1,1.36,21.8,0,23.45,0,0,0
4,175,315.0,74.8,117.3,1.39,21.0,6,24.06,0,0,0
4,176,316.4,74.9,117.8,1.43,20.4,6,24.75,0,0,0
4,177,317.9,75.2,118.5,1.47,20.2,6,25.53,0,0,0
4,178,319.3,75.4,118.9,1.44,20.6,0,24.98,0,0,0
4,179,320.7,75.6,119.1,1.41,20.8,0,24.35,0,0,0
4,180,322.0,75.8,119.1,1.38,20.8,0,23.66,0,0,0
4,181,323.4,76.0,119.1,1.35,20.8,0,22.98,0,0,0
4,182,324.8,76.2,119.3,1.39,20.0,6,23.59,0,0,0
4,183,326.2,76.4,119.8,1.43,19.5,6,24.28,0,0,0
4,184,327.6,76.7,120.5,1.46,19.3,6,25.07,0,0,0
4,185,329.0,77.0,120.9,1.43,19.7,0,24.54,0,0,0
4,186,330.4,77.3,121.1,1.41,20.0,0,23.93,0,0,0
4,187,331.7,77.5,121.1,1.38,20.0,0,23.25,0,0,0
4,188,333.1,77.8,121.1,1.35,20.0,0,22.60,0,0,0
4,189,334.4,78.1,121.3,1.39,19.2,6,23.20,0,0,0
4,190,335.8,78.4,121.8,1.42,18.8,6,23.90,0,0,0
4,191,337.2,78.8,122.5,1.46,18.6,6,24.69,0,0,0
4,192,338.6,79.1,122.9,1.43,19.0,0,24.18,0,0,0
4,193,340.0,79.4,123.1,1.40,19.2,0,23.58,0,0,0
4,194,341.3,79.8,123.1,1.38,19.2,0,22.92,0,0,0
4,195,342.6,80.1,123.1,1.35,19.2,0,22.28,0,0,0
4,196,344.0,80.5,123.3,1.39,18.5,6,22.89,0,0,0
4,197,345.3,80.8,123.8,1.42,18.1,6,23.58,0,0,0
4,198,346.7,81.2,124.0,1.40,18.3,0,23.01,0,0,0
4,199,348.0,81.6,124.4,1.43,17.9,6,23.70,0,0,0
4,200,349.4,82.0,124.7,1.40,18.1,0,23.13,0,0,0
4,201,350.8,82.5,125.1,1.44,17.7,6,23.82,0,0,0
4,202,352.2,82.9,125.8,1.48,17.6,6,24.61,0,0,0
4,203,353.5,83.4,126.2,1.45,18.0,0,24.12,0,0,0
4,204,354.9,83.9,126.9,1.48,17.9,6,24.91,0,0,0
4,205,356.4,84.4,127.8,1.52,18.0,6,25.81,0,0,0
4,206,357.8,84.9,128.4,1.49,18.6,0,25.39,0,0,0
4,207,359.1,85.4,128.9,1.46,19.0,0,24.87,0,0,0
4,208,360.5,85.9,129.1,1.43,19.3,0,24.26,0,0,0
4,209,361.9,86.4,129.5,1.47,18.8,6,24.94,0,0,0
4,210,363.3,86.9,130.2,1.50,18.6,6,25.72,0,0,0
4,211,364.7,87.5,131.1,1.54,18.7,6,26.62,0,0,0
4,212,366.1,88.1,132.2,1.57,19.0,6,27.65,0,0,0
4,213,367.6,88.7,133.1,1.54,19.9,0,27.30,0,0,0
4,214,368.9,89.3,133.7,1.51,20.6,0,26.82,0,0,0
4,215,370.3,89.9,134.2,1.48,21.0,0,76.23,0,0,0
4,216,371.7,90.5,134.8,1.51,20.7,6,27.01,0,0,0
4,217,373.1,91.2,135.7,1.55,20.7,6,27.89,0,0,0
4,218,374.5,91.9,136.9,1.58,21.0,6,28.90,0,0,0
4,219,376.0,92.6,138.2,1.61,21.5,6,30.06,0,0,0
4,220,377.4,93.4,139.9,1.65,22.3,6,31.37,0,0,0
4,221,378.9,94.2,141.6,1.68,23.0,6,32.69,0,0,0
4,222,380.4,95.0,143.2,1.71,23.8,6,34.00,0,0,0
4,223,381.9,95.9,144.8,1.74,24.5,6,35.30,0,0,0
4,224,383.4,96.8,146.4,1.76,25.2,6,36.59,0,0,0
4,225,384.9,97.8,148.0,1.79,25.8,6,37.88,0,0,0
4,226,386.4,98.7,149.3,1.75,27.2,0,37.48,0,0,0
4,227,387.8,99.6,150.4,1.72,28.2,0,36.89,0,0,0
4,228,389.3,100.5,151.2,1.69,29.1,0,36.17,0,0,0
4,229,390.7,101.4,151.9,1.65,29.7,0,35.34,0,0,0
4,230,392.0,102.2,152.3,1.62,30.1,0,34.42,0,0,0
4,231,393.4,103.1,152.5,1.59,30.3,0,33.44,0,0,0
4,232,394.7,103.9,152.5,1.55,30.3,0,32.39,0,0,0
4,233,396.0,104.7,152.5,1.52,30.3,0,31.38,0,0,0
4,234,397.2,105.5,152.5,1.49,30.3,0,30.41,0,0,0
4,235,398.5,106.3,152.5,1.46,30.3,0,29.47,0,0,0
4,236,399.7,107.1,152.5,1.43,30.3,0,28.56,0,0,0
4,237,400.9,107.8,152.5,1.41,30.3,0,27.68,0,0,0
4,238,402.1,108.6,152.7,1.44,29.1,6,28.25,0,0,0
4,239,403.3,109.5,153.2,1.47,28.3,6,28.89,0,0,0
4,240,404.5,110.3,153.8,1.50,27.7,6,29.61,0,0,0
4,241,405.7,111.3,154.7,1.53,27.4,6,30.44,0,0,0
4,242,406.9,112.2,155.8,1.56,27.4,6,31.37,0,0,0
4,243,408.2,113.2,157.2,1.59,27.6,6,32.42,0,0,0
4,244,409.4,114.2,158.4,1.56,28.8,0,31.90,0,0,0
4,245,410.5,115.2,159.2,1.53,29.6,0,31.27,0,0,0
4,246,411.7,116.2,159.9,1.50,30.3,0,30.55,0,0,0
4,247,412.8,117.1,160.3,1.47,30.7,0,29.76,0,0,0
4,248,413.9,118.0,160.5,1.44,30.9,0,28.92,0,0,0
4,249,415.0,118.9,160.5,1.41,30.9,0,28.02,0,0,0
4,250,416.1,119.8,160.5,1.38,30.9,0,27.16,0,0,0
4,251,417.1,120.7,160.8,1.41,29.7,6,27.73,0,0,0
4,252,418.2,121.7,161.2,1.44,28.8,6,28.38,0,0,0
4,253,419.3,122.7,161.9,1.48,28.2,6,29.11,0,0,0
4,254,420.4,123.8,162.8,1.51,27.9,6,29.93,0,0,0
4,255,421.4,124.9,163.9,1.54,27.8,6,30.85,0,0,0
4,256,422.5,126.1,165.3,1.57,28.1,6,31.89,0,0,0
4,257,423.5,127.2,167.0,1.60,28.6,6,33.07,0,0,0
4,258,424.6,128.4,168.4,1.57,30.0,0,32.63,0,0,0
4,259,425.6,129.6,169.5,1.53,31.1,0,32.06,0,0,0
4,260,426.6,130.7,170.4,1.50,32.0,0,31.39,0,0,0
4,261,427.6,131.8,171.1,1.47,32.6,0,30.63,0,0,0
4,262,428.5,132.9,171.5,1.44,33.1,0,29.81,0,0,0
4,263,429.5,133.9,171.7,1.42,33.3,0,28.95,0,0,0
4,264,430.4,135.0,171.7,1.39,33.3,0,28.04,0,0,0
4,265,431.3,136.1,171.9,1.42,32.0,6,28.60,0,0,0
4,266,432.2,137.2,172.4,1.45,31.0,6,29.23,0,0,0
4,267,433.1,138.4,173.0,1.48,30.3,6,29.93,0,0,0
4,268,434.0,139.6,173.9,1.51,29.9,6,30.73,0,0,0
4,269,434.9,140.9,175.1,1.54,29.7,6,31.62,0,0,0
4,270,435.7,142.2,176.5,1.57,29.9,6,32.63,0,0,0
4,271,436.6,143.5,178.2,1.60,30.4,6,33.77,0,0,0
4,272,437.4,144.8,179.5,1.56,31.7,0,33.27,0,0,0
4,273,438.2,146.1,180.7,1.53,32.9,0,32.65,0,0,0
4,274,439.0,147.4,181.6,1.50,33.8,0,31.93,0,0,0
4,275,439.8,148.6,182.2,1.47,34.4,0,31.14,0,0,0
4,276,440.6,149.9,182.7,1.44,34.8,0,30.29,0,0,0
4,277,441.3,151.1,182.9,1.41,35.1,0,29.39,0,0,0
4,278,442.1,152.2,182.9,1.39,35.1,0,28.46,0,0,0
4,279,442.8,153.5,183.1,1.41,33.7,6,29.01,0,0,0
4,280,443.5,154.7,183.5,1.44,32.6,6,29.63,0,0,0
4,281,444.2,156.0,184.2,1.47,31.9,6,30.32,0,0,0
4,282,444.8,157.4,185.1,1.50,31.4,6,31.10,0,0,0
4,283,445.5,158.8,186.3,1.53,31.2,6,31.97,0,0,0
4,284,446.1,160.2,187.7,1.56,31.3,6,32.95,0,0,0
4,285,446.7,161.7,189.3,1.59,31.7,6,34.05,0,0,0
4,286,447.3,163.1,190.7,1.56,33.1,0,33.52,0,0,0
4,287,447.9,164.5,191.9,1.52,34.2,0,32.86,0,0,0
4,288,448.5,165.9,192.7,1.49,35.1,0,32.12,0,0,0
4,289,449.0,167.2,193.4,1.46,35.7,0,31.30,0,0,0
4,290,449.6,168.6,193.8,1.43,36.2,0,30.43,0,0,0
4,291,450.1,169.9,194.1,1.41,36.4,0,29.52,0,0,0
4,292,450.6,171.2,194.5,1.43,35.2,6,80.11,0,0,0
4,293,451.1,172.6,195.2,1.46,34.3,6,30.78,0,0,0
4,294,451.5,174.0,196.1,1.49,33.8,6,31.52,0,0,0
4,295,452.0,175.5,197.2,1.52,33.5,6,32.36,0,0,0
4,296,452.4,177.0,198.6,1.54,33.5,6,33.30,0,0,0
4,297,452.7,178.5,200.3,1.57,33.8,6,34.35,0,0,0
4,298,453.1,180.0,202.0,1.60,34.1,6,35.39,0,0,0
4,299,453.4,181.6,203.4,1.57,35.5,0,34.77,0,0,0
4,300,453.7,183.1,204.5,1.53,36.6,0,34.04,0,0,0
4,301,454.0,184.5,205.4,1.50,37.5,0,33.22,0,0,0
4,302,454.3,186.0,206.1,1.47,38.1,0,32.34,0,0,0
4,303,454.6,187.4,206.5,1.44,38.6,0,31.42,0,0,0
4,304,454.9,188.8,206.7,1.42,38.8,0,30.46,0,0,0
4,305,455.2,190.1,206.7,1.39,38.8,0,29.48,0,0,0
4,306,455.5,191.5,206.7,1.36,38.8,0,28.53,0,0,0
4,307,455.8,192.8,206.7,1.33,38.8,0,27.62,0,0,0
4,308,456.0,194.1,206.9,1.36,37.2,6,28.17,0,0,0
4,309,456.2,195.5,207.4,1.39,36.0,6,28.78,0,0,0
4,310,456.4,196.9,208.1,1.42,35.0,6,29.45,0,0,0
4,311,456.5,198.3,209.0,1.44,34.4,6,30.20,0,0,0
4,312,456.6,199.8,210.2,1.47,34.0,6,31.04,0,0,0
4,313,456.7,201.2,211.1,1.44,34.9,0,30.33,0,0,0
4,314,456.8,202.6,211.7,1.41,35.6,0,29.57,0,0,0
4,315,456.9,204.0,212.2,1.39,36.0,0,28.75,0,0,0
4,316,457.0,205.4,212.4,1.36,36.3,0,27.89,0,0,0
4,317,457.1,206.8,212.8,1.39,35.0,6,28.51,0,0,0
4,318,457.1,208.2,213.5,1.42,34.1,6,29.20,0,0,0
4,319,457.0,209.6,214.4,1.44,33.5,6,29.96,0,0,0
4,320,457.0,211.0,215.1,1.42,34.2,0,29.22,0,0,0
4,321,457.0,212.4,215.6,1.39,34.6,0,28.42,0,0,0
4,322,456.9,213.8,216.2,1.42,33.7,6,29.11,0,0,0
4,323,456.8,215.3,217.1,1.45,33.1,6,29.88,0,0,0
4,324,456.7,216.7,217.8,1.42,33.8,0,29.14,0,0,0
4,325,456.6,218.1,218.3,1.39,34.2,0,28.36,0,0,0
4,326,456.5,219.5,218.9,1.42,33.4,6,29.05,0,0,0
4,327,456.4,220.9,219.4,1.39,33.8,0,28.27,0,0,0
4,328,456.2,222.3,220.1,1.42,32.9,6,28.96,0,0,0
4,329,456.0,223.7,221.0,1.45,32.4,6,29.74,0,0,0
4,330,455.8,225.1,221.6,1.42,33.0,0,29.02,0,0,0
4,331,455.6,226.5,222.1,1.39,33.5,0,28.24,0,0,0
4,332,455.3,227.9,222.8,1.42,32.6,6,28.94,0,0,0
4,333,455.0,229.3,223.7,1.45,32.1,6,29.72,0,0,0
4,334,454.7,230.7,224.3,1.42,32.8,0,29.00,0,0,0
4,335,454.4,232.1,224.8,1.39,33.2,0,28.23,0,0,0
4,336,454.1,233.5,225.5,1.42,32.4,6,28.93,0,0,0
4,337,453.8,234.9,226.4,1.45,31.8,6,29.71,0,0,0
4,338,453.4,236.3,227.0,1.43,32.5,0,29.00,0,0,0
4,339,453.1,237.6,227.5,1.40,32.9,0,28.23,0,0,0
4,340,452.7,239.0,228.2,1.43,32.1,6,28.93,0,0,0
4,341,452.2,240.4,229.1,1.46,31.6,6,29.71,0,0,0
4,342,451.8,241.7,229.7,1.43,32.3,0,29.00,0,0,0
4,343,451.4,243.1,230.2,1.40,32.7,0,28.24,0,0,0
4,344,450.9,244.4,230.9,1.43,31.9,6,28.94,0,0,0
4,345,450.4,245.8,231.8,1.46,31.4,6,29.73,0,0,0
4,346,449.9,247.1,232.4,1.43,32.1,0,29.02,0,0,0
4,347,449.4,248.4,232.9,1.40,32.5,0,28.25,0,0,0
4,348,448.9,249.8,233.6,1.43,31.7,6,28.96,0,0,0
4,349,448.3,251.1,234.5,1.46,31.2,6,29.75,0,0,0
4,350,447.7,252.4,235.1,1.43,31.9,0,29.04,0,0,0
4,351,447.1,253.8,236.1,1.46,31.4,6,29.83,0,0,0
4,352,446.5,255.1,236.7,1.43,32.0,0,29.12,0,0,0
4,353,445.9,256.3,237.2,1.40,32.5,0,28.35,0,0,0
4,354,445.3,257.6,237.8,1.44,31.7,6,29.05,0,0,0
4,355,444.6,258.9,238.7,1.47,31.2,6,29.84,0,0,0
4,356,444.0,260.2,239.4,1.44,31.8,0,29.13,0,0,0
4,357,443.3,261.4,239.9,1.41,32.3,0,28.36,0,0,0
4,358,442.6,262.7,240.5,1.44,31.5,6,29.07,0,0,0
4,359,441.9,264.0,241.4,1.47,31.0,6,29.86,0,0,0
4,360,441.1,265.2,242.1,1.44,31.7,0,29.15,0,0,0
4,361,440.4,266.5,243.0,1.47,31.2,6,29.94,0,0,0
4,362,439.6,267.7,243.7,1.44,31.8,0,29.23,0,0,0
4,363,438.9,268.9,244.1,1.41,32.3,0,28.46,0,0,0
4,364,438.1,270.1,244.3,1.38,32.5,0,27.64,0,0,0
4,365,437.4,271.2,244.8,1.41,31.5,6,28.28,0,0,0
4,366,436.5,272.4,245.5,1.44,30.7,6,28.99,0,0,0
4,367,435.7,273.6,246.4,1.47,30.3,6,29.79,0,0,0
4,368,434.8,274.8,247.5,1.50,30.1,6,30.68,0,0,0
4,369,433.9,276.0,248.4,1.47,31.0,0,30.05,0,0,0
4,370,433.0,277.1,249.1,1.44,31.6,0,29.34,0,0,0
4,371,432.1,278.2,249.5,1.42,32.1,0,28.57,0,0,0
4,372,431.3,279.3,249.7,1.39,32.3,0,27.75,0,0,0
4,373,430.4,280.4,249.7,1.36,32.3,0,26.89,0,0,0
4,374,429.6,281.5,250.0,1.39,31.0,6,77.47,0,0,0
4,375,428.7,282.6,250.4,1.42,30.0,6,28.12,0,0,0
4,376,427.7,283.7,251.1,1.45,29.4,6,28.84,0,0,0
4,377,426.7,284.8,252.0,1.48,29.0,6,29.65,0,0,0
4,378,425.6,285.8,253.1,1.52,28.9,6,30.56,0,0,0
4,379,424.5,286.9,254.5,1.55,29.0,6,31.58,0,0,0
4,380,423.4,288.0,256.2,1.58,29.5,6,32.73,0,0,0
4,381,422.2,289.1,257.6,1.60,29.7,1,33.75,0,0,0
4,382,420.9,290.2,258.7,1.63,29.6,1,34.63,0,0,0
4,383,419.7,291.2,259.6,1.66,29.3,1,35.40,0,0,0
4,384,418.3,292.3,260.2,1.69,28.8,1,36.05,0,0,0
4,385,417.0,293.3,260.6,1.71,28.1,1,36.59,0,0,0
4,386,415.6,294.3,260.9,1.74,27.2,1,37.00,0,0,0
4,387,414.1,295.4,261.3,1.77,26.6,6,37.52,0,0,0
4,388,412.7,296.4,261.9,1.79,26.3,6,38.17,0,0,0
4,389,411.2,297.4,262.7,1.82,26.1,6,38.96,0,0,0
4,390,409.6,298.4,263.7,1.84,26.2,6,39.89,0,0,0
4,391,408.0,299.3,265.0,1.87,26.6,6,40.98,0,0,0
4,392,406.4,300.3,266.6,1.89,27.2,6,42.25,0,0,0
4,393,404.7,301.3,267.9,1.92,27.6,1,43.31,0,0,0
4,394,403.0,302.2,268.9,1.94,27.6,1,44.20,0,0,0
4,395,401.3,303.1,269.7,1.96,27.5,1,44.91,0,0,0
4,396,399.5,304.0,270.3,1.98,27.2,1,45.46,0,0,0
4,397,397.7,304.9,271.0,2.00,27.1,6,46.17,0,0,0
4,398,395.9,305.7,272.0,2.03,27.2,6,47.05,0,0,0
4,399,394.0,306.6,273.3,2.05,27.5,6,48.11,0,0,0
4,400,392.2,307.4,274.3,2.01,28.5,0,47.33,0,0,0
4,401,390.4,308.2,275.1,1.97,29.3,0,46.38,0,0,0
4,402,388.6,309.0,275.6,1.93,29.9,0,45.29,0,0,0
4,403,386.9,309.8,276.0,1.89,30.3,0,44.08,0,0,0
4,404,385.2,310.5,276.2,1.85,30.5,0,42.79,0,0,0
4,405,383.6,311.3,276.2,1.81,30.5,0,41.42,0,0,0
4,406,382.0,312.0,276.2,1.78,30.5,0,40.10,0,0,0
4,407,380.3,312.7,276.4,1.80,29.6,6,40.45,0,0,0
4,408,378.6,313.4,276.8,1.82,28.9,6,40.91,0,0,0
4,409,376.9,314.1,277.4,1.85,28.5,6,41.50,0,0,0
4,410,375.1,314.7,278.2,1.87,28.3,6,42.22,0,0,0
4,411,373.4,315.3,278.8,1.83,28.9,0,41.26,0,0,0
4,412,371.7,316.0,279.2,1.80,29.3,0,40.18,0,0,0
4,413,370.1,316.6,279.4,1.76,29.5,0,39.02,0,0,0
4,414,368.4,317.1,279.8,1.79,28.8,6,39.51,0,0,0
4,415,366.7,317.7,280.4,1.81,28.4,6,40.12,0,0,0
4,416,365.0,318.3,280.8,1.77,28.8,0,39.08,0,0,0
4,417,363.3,318.8,281.0,1.74,29.0,0,37.96,0,0,0
4,418,361.6,319.3,281.4,1.77,28.3,6,38.47,0,0,0
4,419,359.9,319.8,282.0,1.79,27.9,6,39.09,0,0,0
4,420,358.2,320.3,282.4,1.75,28.3,0,38.09,0,0,0
4,421,356.6,320.7,282.6,1.72,28.5,0,37.01,0,0,0
4,422,354.9,321.2,283.0,1.75,27.8,6,37.53,0,0,0
4,423,353.1,321.6,283.7,1.77,27.4,6,38.17,0,0,0
4,424,351.5,322.0,284.1,1.74,27.8,0,37.20,0,0,0
4,425,349.8,322.4,284.3,1.70,28.0,0,36.15,0,0,0
4,426,348.1,322.8,284.7,1.73,27.3,6,36.69,0,0,0
4,427,346.4,323.1,285.3,1.76,26.9,6,37.34,0,0,0
4,428,344.7,323.5,285.7,1.72,27.3,0,36.40,0,0,0
4,429,343.1,323.8,285.9,1.69,27.5,0,35.38,0,0,0
4,430,341.4,324.1,286.3,1.71,26.9,6,35.93,0,0,0
4,431,339.7,324.4,286.9,1.74,26.5,6,36.59,0,0,0
4,432,338.0,324.7,287.3,1.71,26.9,0,35.68,0,0,0
4,433,336.3,325.0,287.5,1.67,27.1,0,34.69,0,0,0
4,434,334.7,325.3,287.5,1.64,27.1,0,33.62,0,0,0
4,435,333.1,325.5,287.7,1.67,26.2,6,34.08,0,0,0
4,436,331.4,325.7,288.2,1.70,25.6,6,34.65,0,0,0
4,437,329.7,325.9,288.8,1.72,25.2,6,35.34,0,0,0
4,438,327.9,326.1,289.6,1.75,25.1,6,36.15,0,0,0
4,439,326.2,326.3,290.2,1.72,25.7,0,35.39,0,0,0
4,440,324.5,326.4,290.6,1.68,26.1,0,34.53,0,0,0
4,441,322.9,326.6,290.8,1.65,26.3,0,33.57,0,0,0
4,442,321.3,326.7,290.8,1.62,26.3,0,32.55,0,0,0
4,443,319.7,326.9,290.8,1.58,26.3,0,31.55,0,0,0
4,444,318.1,327.0,291.1,1.61,25.5,6,32.05,0,0,0
4,445,316.5,327.1,291.5,1.64,24.9,6,32.65,0,0,0
4,446,314.8,327.2,292.1,1.67,24.5,6,33.36,0,0,0
4,447,313.1,327.2,293.0,1.70,24.4,6,34.19,0,0,0
4,448,311.4,327.3,293.6,1.67,25.0,0,33.49,0,0,0
4,449,309.8,327.3,294.0,1.63,25.4,0,32.68,0,0,0
4,450,308.2,327.3,294.2,1.60,25.6,0,31.79,0,0,0
4,451,306.6,327.4,294.2,1.57,25.6,0,30.83,0,0,0
4,452,305.1,327.4,294.2,1.54,25.6,0,29.90,0,0,0
4,453,303.6,327.4,294.2,1.51,25.6,0,28.99,0,0,0
4,454,302.0,327.5,294.4,1.54,24.7,6,29.53,0,0,0
4,455,300.5,327.4,294.8,1.57,24.1,6,30.16,0,0,0
4,456,298.9,327.4,295.5,1.60,23.8,6,30.90,0,0,0
4,457,297.2,327.3,296.4,1.63,23.7,6,31.75,0,0,0
4,458,295.6,327.2,297.0,1.60,24.3,0,31.11,0,0,0
4,459,294.1,327.2,297.4,1.57,24.7,0,30.38,0,0,0
4,460,292.5,327.1,297.6,1.54,24.9,0,29.56,0,0,0
4,461,291.0,327.0,297.6,1.51,24.9,0,28.68,0,0,0
4,462,289.6,327.0,297.6,1.48,24.9,0,27.82,0,0,0
4,463,288.1,326.9,297.6,1.45,24.9,0,26.99,0,0,0
4,464,286.6,326.8,297.8,1.48,24.0,6,27.56,0,0,0
4,465,285.1,326.7,298.3,1.51,23.4,6,28.21,0,0,0
4,466,283.6,326.5,298.9,1.55,23.1,6,28.96,0,0,0
4,467,282.0,326.3,299.8,1.58,23.0,6,29.83,0,0,0
4,468,280.5,326.1,300.5,1.55,23.6,0,29.25,0,0,0
4,469,279.0,325.9,300.9,1.52,24.0,0,28.57,0,0,0
4,470,277.5,325.8,301.1,1.49,24.2,0,27.81,0,0,0
4,471,276.1,325.6,301.1,1.46,24.2,0,26.98,0,0,0
4,472,274.6,325.4,301.1,1.43,24.2,0,26.19,0,0,0
4,473,273.3,325.3,301.1,1.40,24.2,0,25.41,0,0,0
4,474,271.8,325.1,301.3,1.43,23.3,6,26.00,0,0,0
4,475,270.4,324.8,301.8,1.47,22.7,6,26.67,0,0,0
4,476,268.9,324.6,302.4,1.50,22.4,6,27.44,0,0,0
4,477,267.5,324.3,302.9,1.47,22.8,0,26.82,0,0,0
4,478,266.0,324.1,303.1,1.44,23.0,0,26.12,0,0,0
4,479,264.6,323.8,303.1,1.41,23.0,0,25.36,0,0,0
4,480,263.2,323.5,303.3,1.45,22.2,6,25.94,0,0,0
4,481,261.8,323.2,303.7,1.48,21.6,6,26.61,0,0,0
4,482,260.3,322.9,304.4,1.52,21.3,6,27.38,0,0,0
4,483,258.8,322.5,304.8,1.49,21.8,0,26.78,0,0,0
4,484,257.4,322.2,305.0,1.46,22.0,0,26.09,0,0,0
4,485,256.0,321.9,305.0,1.43,22.0,0,25.33,0,0,0
4,486,254.7,321.6,305.0,1.40,22.0,0,24.60,0,0,0
4,487,253.3,321.2,305.3,1.44,21.2,6,25.19,0,0,0
4,488,251.8,320.8,305.7,1.47,20.7,6,25.87,0,0,0
4,489,250.4,320.4,306.4,1.51,20.4,6,26.64,0,0,0
4,490,249.0,320.0,306.8,1.48,20.8,0,26.07,0,0,0
4,491,247.6,319.6,307.0,1.45,21.0,0,25.41,0,0,0
4,492,246.2,319.2,307.0,1.42,21.0,0,24.68,0,0,0
4,493,244.8,318.8,307.2,1.45,20.3,6,25.26,0,0,0
4,494,243.4,318.4,307.7,1.49,19.8,6,25.94,0,0,0
4,495,242.0,317.9,308.3,1.52,19.6,6,26.72,0,0,0
4,496,240.5,317.3,309.2,1.56,19.6,6,27.61,0,0,0
4,497,239.0,316.8,310.3,1.59,19.9,6,28.63,0,0,0
4,498,237.5,316.2,311.2,1.56,20.8,0,28.24,0,0,0
4,499,236.1,315.7,311.9,1.53,21.5,0,27.73,0,0,0
4,500,234.7,315.2,312.3,1.50,21.9,0,27.11,0,0,0
4,501,233.3,314.7,312.5,1.47,22.1,0,26.42,0,0,0
4,502,231.9,314.1,312.9,1.50,21.6,6,27.08,0,0,0
4,503,230.5,313.5,313.6,1.54,21.3,6,27.85,0,0,0
4,504,229.1,312.9,314.5,1.57,21.2,6,78.73,0,0,0
4,505,227.6,312.3,315.6,1.60,21.5,6,29.74,0,0,0
4,506,226.1,311.6,317.0,1.64,22.0,6,30.89,0,0,0
4,507,224.6,310.8,318.6,1.67,22.8,6,32.20,0,0,0
4,508,223.1,310.1,320.3,1.70,23.5,6,33.51,0,0,0
4,509,221.6,309.3,321.9,1.73,24.2,6,34.82,0,0,0
4,510,220.0,308.4,323.5,1.75,24.9,6,36.12,0,0,0
4,511,218.5,307.6,325.1,1.78,25.6,6,37.41,0,0,0
4,512,216.9,306.6,326.7,1.81,26.2,6,38.69,0,0,0
4,513,215.4,305.7,328.3,1.83,26.9,6,39.96,0,0,0
4,514,213.8,304.8,329.6,1.80,28.2,0,39.49,0,0,0
4,515,212.3,303.8,330.7,1.76,29.2,0,38.85,0,0,0
4,516,210.9,302.9,331.5,1.73,30.1,0,38.06,0,0,0
4,517,209.4,302.1,332.1,1.69,30.7,0,37.17,0,0,0
4,518,208.0,301.2,332.5,1.66,31.1,0,36.19,0,0,0
4,519,206.6,300.3,332.7,1.62,31.3,0,35.14,0,0,0
4,520,205.3,299.5,332.7,1.59,31.3,0,34.03,0,0,0
4,521,203.9,298.7,332.7,1.56,31.3,0,32.96,0,0,0
4,522,202.6,297.9,332.7,1.53,31.3,0,31.93,0,0,0
4,523,201.3,297.1,332.7,1.50,31.3,0,30.93,0,0,0
4,524,200.1,296.3,332.9,1.53,30.2,6,31.44,0,0,0
4,525,198.8,295.4,333.4,1.56,29.3,6,32.04,0,0,0
4,526,197.5,294.5,334.0,1.59,28.8,6,32.73,0,0,0
4,527,196.2,293.6,334.9,1.61,28.5,6,33.52,0,0,0
4,528,194.9,292.6,336.0,1.64,28.4,6,34.43,0,0,0
4,529,193.6,291.5,337.4,1.67,28.7,6,35.46,0,0,0
4,530,192.3,290.5,338.4,1.64,29.8,0,34.87,0,0,0
4,531,191.0,289.5,339.3,1.60,30.6,0,34.16,0,0,0
4,532,189.8,288.5,339.9,1.57,31.3,0,33.36,0,0,0
4,533,188.6,287.5,340.4,1.54,31.7,0,32.48,0,0,0
4,534,187.4,286.6,340.6,1.51,31.9,0,31.54,0,0,0
4,535,186.3,285.7,340.6,1.48,31.9,0,30.55,0,0,0
4,536,185.2,284.8,340.6,1.45,31.9,0,29.60,0,0,0
4,537,184.0,283.8,340.8,1.48,30.7,6,30.13,0,0,0
4,538,182.9,282.8,341.2,1.51,29.8,6,30.74,0,0,0
4,539,181.8,281.8,341.9,1.54,29.2,6,31.44,0,0,0
4,540,180.6,280.7,342.8,1.57,28.9,6,32.24,0,0,0
4,541,179.5,279.5,343.9,1.60,28.8,6,33.14,0,0,0
4,542,178.4,278.4,345.3,1.63,29.0,6,34.17,0,0,0
4,543,177.3,277.2,346.4,1.59,30.1,0,33.60,0,0,0
4,544,176.2,276.1,347.3,1.56,31.0,0,32.91,0,0,0
4,545,175.1,275.0,347.9,1.53,31.6,0,32.13,0,0,0
4,546,174.1,273.9,348.3,1.50,32.1,0,31.27,0,0,0
4,547,173.1,272.8,348.5,1.47,32.3,0,30.37,0,0,0
4,548,172.1,271.8,348.5,1.44,32.3,0,29.42,0,0,0
4,549,171.1,270.7,348.8,1.47,31.1,6,29.96,0,0,0
4,550,170.1,269.6,349.2,1.50,30.2,6,30.57,0,0,0
4,551,169.1,268.4,349.9,1.53,29.5,6,31.27,0,0,0
4,552,168.2,267.2,350.7,1.56,29.2,6,32.06,0,0,0
4,553,167.2,265.9,351.9,1.59,29.1,6,32.96,0,0,0
4,554,166.3,264.6,353.3,1.62,29.3,6,33.99,0,0,0
4,555,165.3,263.3,354.9,1.64,29.8,6,35.14,0,0,0
4,556,164.4,261.9,356.6,1.67,30.3,6,36.29,0,0,0
4,557,163.5,260.5,357.9,1.64,31.6,0,35.77,0,0,0
4,558,162.6,259.2,359.0,1.61,32.7,0,35.10,0,0,0
4,559,161.7,257.9,359.9,1.57,33.6,0,34.33,0,0,0
4,560,160.9,256.6,360.5,1.54,34.2,0,33.47,0,0,0
4,561,160.0,255.3,361.0,1.51,34.7,0,32.56,0,0,0
4,562,159.2,254.1,361.2,1.48,34.9,0,31.59,0,0,0
4,563,158.4,252.9,361.2,1.45,34.9,0,30.59,0,0,0
4,564,157.6,251.6,361.4,1.48,33.6,6,31.10,0,0,0
4,565,156.8,250.3,361.8,1.51,32.6,6,31.69,0,0,0
4,566,156.1,249.0,362.5,1.54,31.8,6,32.35,0,0,0
4,567,155.3,247.6,363.4,1.56,31.4,6,33.12,0,0,0
4,568,154.6,246.2,364.5,1.59,31.2,6,33.98,0,0,0
4,569,153.9,244.7,365.9,1.62,31.4,6,34.96,0,0,0
4,570,153.3,243.2,367.5,1.64,31.8,6,36.07,0,0,0
4,571,152.6,241.8,368.9,1.61,33.1,0,35.50,0,0,0
4,572,152.0,240.3,370.0,1.58,34.2,0,34.80,0,0,0
4,573,151.3,238.9,370.9,1.55,35.1,0,34.01,0,0,0
4,574,150.7,237.5,371.5,1.52,35.8,0,33.14,0,0,0
4,575,150.1,236.2,372.0,1.49,36.2,0,32.22,0,0,0
4,576,149.5,234.9,372.2,1.46,36.4,0,31.25,0,0,0
4,577,148.9,233.5,372.6,1.48,35.3,6,31.82,0,0,0
4,578,148.4,232.1,373.3,1.51,34.4,6,32.46,0,0,0
4,579,147.9,230.6,374.2,1.54,33.9,6,33.19,0,0,0
4,580,147.4,229.1,375.3,1.56,33.6,6,34.01,0,0,0
4,581,146.9,227.6,376.7,1.59,33.6,6,34.95,0,0,0
4,582,146.4,226.1,377.8,1.56,34.8,0,34.25,0,0,0
4,583,146.0,224.7,378.7,1.53,35.6,0,33.46,0,0,0
4,584,145.6,223.2,379.3,1.50,36.3,0,32.60,0,0,0
4,585,145.1,221.8,379.8,1.47,36.7,0,31.68,0,0,0
4,586,144.7,220.5,380.0,1.44,36.9,0,30.73,0,0,0
4,587,144.3,219.0,380.4,1.46,35.8,6,31.30,0,0,0
4,588,144.0,217.6,381.1,1.49,34.9,6,31.95,0,0,0
4,589,143.6,216.1,382.0,1.52,34.3,6,32.68,0,0,0
4,590,143.4,214.6,383.1,1.54,34.0,6,783.50,1,0,0
